--
-- PostgreSQL database dump
--

\restrict EG4lhYHl3mURCoVVblyVLfgtLlnanMR140QUOlWxjhegOgjMLiPPnS7Qpj6BBS9

-- Dumped from database version 17.6
-- Dumped by pg_dump version 18.3

-- Started on 2026-05-18 10:00:39 +08

SET statement_timeout = 0;
SET lock_timeout = 0;
SET idle_in_transaction_session_timeout = 0;
SET transaction_timeout = 0;
SET client_encoding = 'UTF8';
SET standard_conforming_strings = on;
SELECT pg_catalog.set_config('search_path', '', false);
SET check_function_bodies = false;
SET xmloption = content;
SET client_min_messages = warning;
SET row_security = off;

--
-- TOC entry 101 (class 2615 OID 2200)
-- Name: public; Type: SCHEMA; Schema: -; Owner: pg_database_owner
--

CREATE SCHEMA public;


ALTER SCHEMA public OWNER TO pg_database_owner;

--
-- TOC entry 3946 (class 0 OID 0)
-- Dependencies: 101
-- Name: SCHEMA public; Type: COMMENT; Schema: -; Owner: pg_database_owner
--

COMMENT ON SCHEMA public IS 'standard public schema';


SET default_tablespace = '';

SET default_table_access_method = heap;

--
-- TOC entry 376 (class 1259 OID 23182)
-- Name: ChatMessage; Type: TABLE; Schema: public; Owner: postgres
--

CREATE TABLE public."ChatMessage" (
    id text NOT NULL,
    content text NOT NULL,
    "chatRoomId" text NOT NULL,
    "authorId" text NOT NULL,
    "createdAt" timestamp(3) without time zone DEFAULT CURRENT_TIMESTAMP NOT NULL,
    "updatedAt" timestamp(3) without time zone NOT NULL
);


ALTER TABLE public."ChatMessage" OWNER TO postgres;

--
-- TOC entry 375 (class 1259 OID 23174)
-- Name: ChatRoom; Type: TABLE; Schema: public; Owner: postgres
--

CREATE TABLE public."ChatRoom" (
    id text NOT NULL,
    name text NOT NULL,
    "workspaceId" text NOT NULL,
    "createdAt" timestamp(3) without time zone DEFAULT CURRENT_TIMESTAMP NOT NULL
);


ALTER TABLE public."ChatRoom" OWNER TO postgres;

--
-- TOC entry 374 (class 1259 OID 23165)
-- Name: Drawing; Type: TABLE; Schema: public; Owner: postgres
--

CREATE TABLE public."Drawing" (
    id text NOT NULL,
    title text DEFAULT 'Untitled Drawing'::text NOT NULL,
    data text NOT NULL,
    "workspaceId" text NOT NULL,
    "authorId" text NOT NULL,
    "createdAt" timestamp(3) without time zone DEFAULT CURRENT_TIMESTAMP NOT NULL,
    "updatedAt" timestamp(3) without time zone NOT NULL
);


ALTER TABLE public."Drawing" OWNER TO postgres;

--
-- TOC entry 373 (class 1259 OID 23157)
-- Name: File; Type: TABLE; Schema: public; Owner: postgres
--

CREATE TABLE public."File" (
    id text NOT NULL,
    name text NOT NULL,
    url text NOT NULL,
    size integer NOT NULL,
    type text NOT NULL,
    description text,
    "workspaceId" text NOT NULL,
    "uploaderId" text NOT NULL,
    "folderId" text,
    "createdAt" timestamp(3) without time zone DEFAULT CURRENT_TIMESTAMP NOT NULL
);


ALTER TABLE public."File" OWNER TO postgres;

--
-- TOC entry 372 (class 1259 OID 23149)
-- Name: Folder; Type: TABLE; Schema: public; Owner: postgres
--

CREATE TABLE public."Folder" (
    id text NOT NULL,
    name text NOT NULL,
    "workspaceId" text NOT NULL,
    "parentId" text,
    "createdAt" timestamp(3) without time zone DEFAULT CURRENT_TIMESTAMP NOT NULL,
    "updatedAt" timestamp(3) without time zone NOT NULL
);


ALTER TABLE public."Folder" OWNER TO postgres;

--
-- TOC entry 377 (class 1259 OID 23190)
-- Name: KanbanBoard; Type: TABLE; Schema: public; Owner: postgres
--

CREATE TABLE public."KanbanBoard" (
    id text NOT NULL,
    title text NOT NULL,
    "workspaceId" text NOT NULL,
    "createdAt" timestamp(3) without time zone DEFAULT CURRENT_TIMESTAMP NOT NULL,
    "updatedAt" timestamp(3) without time zone NOT NULL
);


ALTER TABLE public."KanbanBoard" OWNER TO postgres;

--
-- TOC entry 379 (class 1259 OID 23208)
-- Name: KanbanCard; Type: TABLE; Schema: public; Owner: postgres
--

CREATE TABLE public."KanbanCard" (
    id text NOT NULL,
    content text NOT NULL,
    description text,
    "columnId" text NOT NULL,
    "authorId" text NOT NULL,
    "order" integer DEFAULT 0 NOT NULL,
    "createdAt" timestamp(3) without time zone DEFAULT CURRENT_TIMESTAMP NOT NULL,
    "updatedAt" timestamp(3) without time zone NOT NULL
);


ALTER TABLE public."KanbanCard" OWNER TO postgres;

--
-- TOC entry 378 (class 1259 OID 23198)
-- Name: KanbanColumn; Type: TABLE; Schema: public; Owner: postgres
--

CREATE TABLE public."KanbanColumn" (
    id text NOT NULL,
    title text NOT NULL,
    color text DEFAULT '#3b82f6'::text,
    "boardId" text NOT NULL,
    "order" integer DEFAULT 0 NOT NULL,
    "createdAt" timestamp(3) without time zone DEFAULT CURRENT_TIMESTAMP NOT NULL,
    "updatedAt" timestamp(3) without time zone NOT NULL
);


ALTER TABLE public."KanbanColumn" OWNER TO postgres;

--
-- TOC entry 371 (class 1259 OID 23140)
-- Name: Page; Type: TABLE; Schema: public; Owner: postgres
--

CREATE TABLE public."Page" (
    id text NOT NULL,
    title text NOT NULL,
    content text DEFAULT ''::text NOT NULL,
    "workspaceId" text NOT NULL,
    "authorId" text NOT NULL,
    "parentId" text,
    "createdAt" timestamp(3) without time zone DEFAULT CURRENT_TIMESTAMP NOT NULL,
    "updatedAt" timestamp(3) without time zone NOT NULL
);


ALTER TABLE public."Page" OWNER TO postgres;

--
-- TOC entry 380 (class 1259 OID 23217)
-- Name: Report; Type: TABLE; Schema: public; Owner: postgres
--

CREATE TABLE public."Report" (
    id text NOT NULL,
    title text NOT NULL,
    description text NOT NULL,
    status text DEFAULT 'OPEN'::text NOT NULL,
    "reporterId" text NOT NULL,
    "createdAt" timestamp(3) without time zone DEFAULT CURRENT_TIMESTAMP NOT NULL,
    "updatedAt" timestamp(3) without time zone NOT NULL
);


ALTER TABLE public."Report" OWNER TO postgres;

--
-- TOC entry 368 (class 1259 OID 23114)
-- Name: User; Type: TABLE; Schema: public; Owner: postgres
--

CREATE TABLE public."User" (
    id text NOT NULL,
    email text NOT NULL,
    password text NOT NULL,
    name text,
    username text,
    "avatarUrl" text,
    "isVerified" boolean DEFAULT false NOT NULL,
    "verificationToken" text,
    "resetToken" text,
    "resetTokenExpiry" timestamp(3) without time zone,
    "createdAt" timestamp(3) without time zone DEFAULT CURRENT_TIMESTAMP NOT NULL,
    "updatedAt" timestamp(3) without time zone NOT NULL,
    "firstName" text,
    "lastName" text
);


ALTER TABLE public."User" OWNER TO postgres;

--
-- TOC entry 369 (class 1259 OID 23123)
-- Name: Workspace; Type: TABLE; Schema: public; Owner: postgres
--

CREATE TABLE public."Workspace" (
    id text NOT NULL,
    name text NOT NULL,
    "ownerId" text NOT NULL,
    "createdAt" timestamp(3) without time zone DEFAULT CURRENT_TIMESTAMP NOT NULL,
    "updatedAt" timestamp(3) without time zone NOT NULL
);


ALTER TABLE public."Workspace" OWNER TO postgres;

--
-- TOC entry 370 (class 1259 OID 23131)
-- Name: WorkspaceMember; Type: TABLE; Schema: public; Owner: postgres
--

CREATE TABLE public."WorkspaceMember" (
    id text NOT NULL,
    "workspaceId" text NOT NULL,
    "userId" text NOT NULL,
    role text DEFAULT 'MEMBER'::text NOT NULL,
    "joinedAt" timestamp(3) without time zone DEFAULT CURRENT_TIMESTAMP NOT NULL
);


ALTER TABLE public."WorkspaceMember" OWNER TO postgres;

--
-- TOC entry 381 (class 1259 OID 23226)
-- Name: _CardAssignees; Type: TABLE; Schema: public; Owner: postgres
--

CREATE TABLE public."_CardAssignees" (
    "A" text NOT NULL,
    "B" text NOT NULL
);


ALTER TABLE public."_CardAssignees" OWNER TO postgres;

--
-- TOC entry 3935 (class 0 OID 23182)
-- Dependencies: 376
-- Data for Name: ChatMessage; Type: TABLE DATA; Schema: public; Owner: postgres
--

COPY public."ChatMessage" (id, content, "chatRoomId", "authorId", "createdAt", "updatedAt") FROM stdin;
5a03a111-a522-4bea-9249-6337622f03e9	On it. Reproduced locally, looks like a headers issue <#	833aa4f9-f66c-4ae6-b5f2-033582252c16	30201790-9353-44e2-95b9-301f228056a1	2026-06-09 11:08:00	2026-05-11 05:43:24.944
8f10d131-67dc-4a91-b016-c6efa138ac24	lol	833aa4f9-f66c-4ae6-b5f2-033582252c16	e70046a3-18c3-4a93-ad54-98c4ac306b6b	2026-05-12 14:20:46.428	2026-05-12 14:20:46.428
2e3690de-ad99-41e6-96cc-41a913f01f81	Just pushed the v2 design system to Figma, link is in the design page	833aa4f9-f66c-4ae6-b5f2-033582252c16	e2967381-9bd6-4b1f-8b5b-d9617c14042f	2026-06-09 10:15:00	2026-05-10 13:21:53.012
ac9712a0-a4f8-4e8b-b768-13bb4f487445	Heads up — the Q3 roadmap doc is now live on the wiki	833aa4f9-f66c-4ae6-b5f2-033582252c16	70615f67-fca9-4319-b05a-50f976cf2a43	2026-06-09 09:22:00	2026-05-10 13:21:53.012
df0448f5-c08b-43e1-87ec-a9806517e272	Got it, thanks! Pulling it in now	833aa4f9-f66c-4ae6-b5f2-033582252c16	2e20462d-10bd-45ce-afb7-54a0a0671bc6	2026-06-09 09:09:00	2026-05-10 13:21:53.012
2d1a7956-b4c1-47a5-a57d-e4df7b3ac9e7	We agreed on `zod` last quarter. More predictable types	833aa4f9-f66c-4ae6-b5f2-033582252c16	30201790-9353-44e2-95b9-301f228056a1	2026-06-09 09:08:00	2026-05-10 13:21:53.012
61c09d66-09df-4214-bf6d-2f47414f670a	Morning everyone! Quick question — are we using `zod` or `joi` for validation?	833aa4f9-f66c-4ae6-b5f2-033582252c16	2e20462d-10bd-45ce-afb7-54a0a0671bc6	2026-06-09 09:05:00	2026-05-10 13:21:53.012
804e4938-f63e-4d10-8ad9-3f05309860bd	😄 will be there	833aa4f9-f66c-4ae6-b5f2-033582252c16	2e20462d-10bd-45ce-afb7-54a0a0671bc6	2026-06-09 11:33:00	2026-05-10 13:21:53.012
94b68f30-4dec-48f6-a7d9-5b6eaf057d5e	Bug report filed: file upload fails on Safari 17. Priority high, assigning to Marcus	833aa4f9-f66c-4ae6-b5f2-033582252c16	b008f3d7-6de5-4f42-8735-8fa520fc66f2	2026-06-09 11:03:00	2026-05-10 13:21:53.012
bca79681-5c17-40c9-9c34-7047fe17d754	Great work everyone. Reminder: all-hands at 3pm today	833aa4f9-f66c-4ae6-b5f2-033582252c16	705ff586-073e-4d28-be5f-332fb69320a9	2026-06-09 11:30:00	2026-05-10 13:21:53.012
5c2311dc-8bbd-492d-8093-a7813c90745c	Makes sense, done	58be7e5e-df58-4d0a-80a8-e048b23b0ba7	2e20462d-10bd-45ce-afb7-54a0a0671bc6	2026-06-10 09:35:00	2026-05-10 13:21:56.216
fca71a38-33e9-4143-9ef7-1ee551fd70e3	Cool. Also — there's a new column for 'Pending Review' on the API board. Don't forget to move cards there when you open a PR	58be7e5e-df58-4d0a-80a8-e048b23b0ba7	30201790-9353-44e2-95b9-301f228056a1	2026-06-10 09:33:00	2026-05-10 13:21:56.216
bc53cd4b-c36c-43dc-9059-536341f62cf6	@jordanlee can you pick up card #51 after the file upload PR?	58be7e5e-df58-4d0a-80a8-e048b23b0ba7	30201790-9353-44e2-95b9-301f228056a1	2026-06-10 09:30:00	2026-05-10 13:21:56.216
5083a503-5e68-49cf-9697-4d548cbf7078	Sure, I'll start after standup	58be7e5e-df58-4d0a-80a8-e048b23b0ba7	2e20462d-10bd-45ce-afb7-54a0a0671bc6	2026-06-10 09:32:00	2026-05-10 13:21:56.216
ffceae14-dc30-4505-b4ac-97c8a6ce73b6	lol	833aa4f9-f66c-4ae6-b5f2-033582252c16	e70046a3-18c3-4a93-ad54-98c4ac306b6b	2026-05-12 14:20:47.936	2026-05-12 14:20:47.936
9f1ad8b6-f2fb-402d-9082-91c045feeeda	help	833aa4f9-f66c-4ae6-b5f2-033582252c16	e70046a3-18c3-4a93-ad54-98c4ac306b6b	2026-05-12 14:20:55.928	2026-05-12 14:20:55.928
\.


--
-- TOC entry 3934 (class 0 OID 23174)
-- Dependencies: 375
-- Data for Name: ChatRoom; Type: TABLE DATA; Schema: public; Owner: postgres
--

COPY public."ChatRoom" (id, name, "workspaceId", "createdAt") FROM stdin;
833aa4f9-f66c-4ae6-b5f2-033582252c16	general	29e14a79-6362-4df8-aeeb-1c7848e1adf0	2026-05-10 13:21:50.274
58be7e5e-df58-4d0a-80a8-e048b23b0ba7	backend-team	29e14a79-6362-4df8-aeeb-1c7848e1adf0	2026-05-10 13:21:51.641
26bcb3f3-0522-4b6a-8010-9ec521279570	General	b3352f4c-7549-47b2-a4cc-5a39a5da7238	2026-05-11 02:37:16.411
\.


--
-- TOC entry 3933 (class 0 OID 23165)
-- Dependencies: 374
-- Data for Name: Drawing; Type: TABLE DATA; Schema: public; Owner: postgres
--

COPY public."Drawing" (id, title, data, "workspaceId", "authorId", "createdAt", "updatedAt") FROM stdin;
37a7b4d6-b238-41d5-97a5-f3a1c79a47c5	Flowchart — Onboarding	data:image/png;base64,iVBORw0KGgoAAAANSUhEUgAABTYAAANMCAYAAABmQ/KlAAAgAElEQVR4XuzdeYBeVX0//s8kmez7TggQMCAQCJsECTsBEUFcsNYFBa2t4tb6te5L+60solXxSwu1KipKf7ZVVEAqJIRAgYCCLEbZZQ2QBcieTDKZ+Z37TCaZZzJ7ZuZ57vO8LsZJ5rn33M95nTv5451z7qlpTEc4CBAgQIAAAQIECBAgQIAAAQIECBAgkCOBGsFmjkZLqQQIECBAgAABAgQIECBAgAABAgQIFAQEmx4EAgQIECBAgAABAgQIECBAgAABAgRyJyDYzN2QKZgAAQIECBAgQIAAAQIECBAgQIAAAcGmZ4AAAQIECBAgQIAAAQIECBAgQIAAgdwJCDZzN2QKJkCAAAECBAgQIECAAAECBAgQIEBAsOkZIECAAAECBAgQIECAAAECBAgQIEAgdwKCzdwNmYIJECBAgAABAgQIECBAgAABAgQIEBBsegYIECBAgAABAgQIECBAgAABAgQIEMidgGAzd0OmYAIECBAgQIAAAQIECBAgQIAAAQIEBJueAQIECBAgQIAAAQIECBAgQIAAAQIEcicg2MzdkCmYAAECBAgQIECAAAECBAgQIECAAAHBpmeAAAECBAgQIECAAAECBAgQIECAAIHcCQg2czdkCiZAgAABAgQIECBAgAABAgQIECBAQLDpGSBAgAABAgQIECBAgAABAgQIECBAIHcCgs3cDZmCCRAgQIAAAQIECBAgQIAAAQIECBAQbHoGCBAgQIAAAQIECBAgQIAAAQIECBDInYBgM3dDpmACBAgQIECAAAECBAgQIECAAAECBASbngECBAgQIECAAAECBAgQIECAAAECBHInINjM3ZApmAABAgQIECBAgAABAgQIECBAgAABwaZngAABAgQIECBAgAABAgQIECBAgACB3AkINnM3ZAomQIAAAQIECBAgQIAAAQIECBAgQECw6RkgQIAAAQIECBAgQIAAAQIECBAgQCB3AoLN3A2ZggkQIECAAAECBAgQIECAAAECBAgQEGx6BggQIECAAAECBAgQIECAAAECBAgQyJ2AYDN3Q6ZgAgQIECBAgAABAgQIECBAgAABAgQEm54BAgQIECBAgAABAgQIECBAgAABAgRyJyDYzN2QKZgAAQIECBAgQIAAAQIECBAgQIAAAcGmZ4AAAQIECBAgQIAAAQIECBAgQIAAgdwJCDZzN2QKJkCAAAECBAgQIECAAAECBAgQIEBAsOkZIECAAAECBAgQIECAAAECBAgQIEAgdwKCzdwNmYIJECBAgAABAgQIECBAgAABAgQIEBBsegYIECBAgAABAgQIECBAgAABAgQIEMidgGAzd0OmYAIECBAgQIAAAQIECBAgQIAAAQIEBJueAQIECBAgQIAAAQIECBAgQIAAAQIEcicg2MzdkCmYAAECBAgQIECAAAECBAgQIECAAAHBpmeAAAECBAgQIECAAAECBAgQIECAAIEyFWhIdQ1oszbBZpkOmbIIECBAgAABAgQIECBAgAABAgQIEGhfQLDp6SBAgAABAgQIECBAgAABAgQIECBAIHcCgs3cDZmCCRAgQIAAAQIECBAgQIAAAQIECBAQbHoGCBAgQIAAAQIECBAgQIAAAQIECBDInYBgM3dDpmACBAgQIECAAAECBAgQIECAAAECBASbngECBAgQIECAAAECBAgQIECAAAECBHInINjM3ZApmAABAgQIECBAgAABAgQIECBAgAABwaZngAABAgQIECBAgAABAgQIECBAgACB3AkINnM3ZAomQIAAAQIECBAgQIAAAQIECBAgQECw6RkgQIAAAQIECBAgQIAAAQIECBAgQCB3AoLN3A2ZggkQIECAAAECBAgQIECAAAECBAgQEGx6BggQIECAAAECBAgQIECAAAECBAgQyJ2AYDN3Q6ZgAgQIECBAgAABAgQIECBAgAABAgQEm54BAgQIECBAgAABAgQIECBAgAABAgRyJyDYzN2QKZgAAQIECBAgQIAAAQIECBAgQIAAAcGmZ4AAAQIECBAgQIAAAQIECBAgQIAAgdwJCDZzN2QKJkCAAAECBAgQIECAAAECBAgQIEBAsOkZIECAAAECBAgQIECAAAECBAgQIEAgdwKCzdwNmYIJECBAgAABAgQIECBAgAABAgQIEBBsegYIECBAgAABAgQIECBAgAABAgQIEMidgGAzd0OmYAIECBAgQIAAAQIECBAgQIAAAQIEBJueAQIECBAgQIAAAQIECBAgQIAAAQIEcicg2MzdkCmYAAECBAgQIECAAAECBAgQIECAAAHBpmeAAAECBAgQIECAAAECBAgQIECAAIHcCQg2czdkCiZAgAABAgQIECBAgAABAgQIECBAQLDpGSBAgAABAgQIECBAgAABAgQIECBAIHcCgs3cDZmCCRAgQIAAAQIECBAgQIAAAQIECBAQbHoGCBAgQIAAAQIECBAgQIAAAQIECBDInYBgM3dDpmACBAgQIECAAAECBAgQIECAAAECBASbngECBAgQIECAAAECBAgQIECAAAECBHInINjM3ZApmAABAgQIECBAgAABAgQIECBAgAABwaZngAABAgQIECBAgAABAgQIECBAgACB3AkINnM3ZAomQIAAAQIECBAgQIAAAQIECBAgQECw6RkgQIAAAQIECBAgQIAAAQIECBAgQCB3AoLN3A2ZggkQIECAAAECBAgQIECAAAECBAgQEGx6BggQIECAAAECBAgQIECAAAECBAgQyJ2AYDN3Q6ZgAgQIECBAgAABAgQIECBAgAABAgQEm54BAgQIECBAgAABAgQIECBAgAABAgRyJyDYzN2QKZgAAQIECBAgQIAAAQIECBAgQIAAAcGmZ4AAAQIECBAgQIAAAQIECBAgQIAAgdwJCDZzN2QKJkCAAAECBAgQIECAAAECBAgQIEBAsOkZIECAAAECBAgQIECAAAECBAgQIEAgdwKCzdwNmYIJECBAgACBHgs0pitreny1CwkQIECAAAECBAgQKCMBwWYZDYZSCBAgQIAAAQIECBAgQIAAAQIECBDomoBgs2tOziJAgAABAgQIECBAgAABAgQIECBAoIwEBJtlNBhKIUCAAAECBAgQIECAAAECBAgQIECgawKCza45OYsAAQIECBAgQIAAAQIECBAgQIAAgTISEGyW0WAohQABAgQIECBAgAABAgQIECBAgACBrgkINrvm5CwCBAgQIECAAAECBAgQIECAAAECBHpZoDG1V9PDNgWbPYRzGQECBAgQIECAAAECBAgQIECAAAECpRMQbJbO3p0JECBAgAABAgQIECBAgAABAgQIEOihgGCzh3AuI9CZwK+WPxzffOK2WL55fRw7YUZ864AzY+TA2s4u8zkBAgQIECBAgAABAgQIECBAgEAXBASbXUByCoHuCnz+kZviX59eHNFYU3hPRGNNY9TWDIx7j/1Y7DVsTHebcz4BAgQIECBAgAABAgQIECBAgEArAcGmR4JAHwhMu/niWL91cwxo8frbxmiMQek79x73ceFmH5hrkkC5Caypr4vvPHN3XLvs4RgxaHDMGTO98PfCH9a8GKvqN6a/EXYcw9Js7tMn7xef2efE9LeEgwABAgQIECBAgAABAgS6IiDY7IqScwh0U2DCTV+JrY2NUdNqW68s3ByQ/rv96A/FgaMmdbNVpxMgUM4CDenn+0/rVsRPnvt9XLv8oXhh09qiclvv9Jf9fdD6mDZ0dPzp+E+UczfVRoAAAQIECBAgQIAAgbIREGyWzVAopJIEdltwUWxsqG8xX3NH7xpSljG+dlg8efKnKqnL+kKg4gSyoPKhFFT+z/JH4oYVj6QZ1wPjiLHTYsygodv7+uj6lfHsxlWRzc58Jn3dlH7uWx5thZlNL6hoOtoKN2+f+6E4aOSUivPUIQIECBAgQIAAAQIECPS2gGCzt0W1RyAJvPv+n8avUxgSKcBoNWmz4NOQ0s0L9z8tPjrjtbwIECixwObGrSmcXF0IJq9Pm37d9coz8dKWDbFq88aoS5+1PFoHlcWfpVnarX7iC3MyC7O32/qboO1g86pD/zLOmrx/iVXcngABAgQIECBAgAABAuUvINgs/zFSYQ4FGlLNVz37+/jBc/fEA2tfKAo7moOO0WnW1zPzPpPD3imZQP4E1m/dEg+vWx4/f+GPcceqp2Jj+nP2XsvldevixfSrraOtELMrQeXO4WZT4NnYKuDceSF6UxVXHfp2wWb+HjEVEyBAgAABAgQIECBQAgHBZgnQ3bJ6BOavfCwufHxR3L/m+e3hZnOYkc3f+pdZZ8W7dz+0ekD0lEAfCryyZWMs3bQmBZVr439WPBq/XfVcrK7fFJsbtsSyuvU73TnljDu9B7f1SdlS8faCyrbD0OLzB9YMiDljp8d+IybG1CGjCvX9ae2ytHnQpsJ7eJ/Y8HKhmezvg+ZJnT82Y7MPnxJNEyBAgAABAgQIECBQSQKCzUoaTX0pK4F/eWpxfOnR+YWamt6j17QUtfl32Z9GDRoSz5xs1mZZDZxi+kUgC/h++sKD8eu0Y/igAQPiNaOnx+jaIbFi8/p4MoV94wcPj1cNnxArW/05+7l5auMr8VxaNj5wwMBoSOHgC6mt59Ov7L22bR1thZPN53X0WeHntY1Zlm0vKm/6CT9s9LRC3RsaNsfrJ7863j3t0DZfR9F8/wnz00Zj2Yt3tzWa1XP9kefFceP26pdxcBMCBAgQIECAAAECBAjkWUCwmefRU3tZCxx827fjuU2rt9fYcglr84Yh2UywI8ftEb84/JwYkZbFOghUmkDLWZS3vvxk3LjiscKMyjVpxmLRTMg21n23Dh27O3uypWV7AWbr4LLlNQNShYeO3i2mDx0TA9J0ynEpbJ08eETREC1Ly9izn/N5E2fGO6cdkjYWGtKtIZw0/4LY0pBeXtEi2Px1CjaPFWx2y9HJBAgQIECAAAECBAhUp4BgszrHXa/7QWDWbZcWZpE1H1luUwhRsm+kkKR51lc24yx71989x340BSij+6Eyt+iKQPOGMtmO14tXPRu3rHyiMNv28DHTYlza1T47Ws8ubDmTr6PPOrp/Z9dl74N8Ks1o3HP4mDhm3N4xJQVtk4aMTF9HxoQUvLU3m7ArfW7vnBdSEPnndM/bX3kqFqx4PHuAixyy63pjFmXb77QsXtrd83Bz59az72RB5F7DxsYeQ8fGXsPHpn3Pawo7nJ8x+YAUVr4qBraz6c+ueLa8dvKCC2Pz1rRB0faBa4zrzNjsLV7tECBAgAABAgQIECBQ4QKCzQofYN0rncAnH7ohrnz2nqIC2pq1mZ2QxZxZoLL3iPGFfOPUNPvri/vOi2EDBpWuAzm+86a0JDkLCF/evCFeTu9dzHa4XpLea/iHtS/GuEHDUoA1LmrTuw+bjyy0W5pm3WX2mxsb0g7Zq7q1oUzWzq4sd26PutNl0q3e/5jNMJyYzSpMQefkFHQOHjgwNtRviTG1Q2Pf9I7HrM+dBadPpmXez254JbamttfVby4ElhvSRjutj+7uDt5WH3syI7NHwWYq9lXpZ2v/kZNjfAqlG9NAn5Z+xo4fv0+M7uYMy97+sZiczdhMz1zzkblef+S5Zmz2NrT2CBAgQIAAAQIECBCoSAHBZkUOq06Vg8DvVy+NeXd/v1UpTbFMmrq5faeQLEwrLE3P0pZtRzZJLHvv4MkTXlVYBtvZOwdbhlXZbuvZjL7mdxRmrd6/5oV4Yv3KOGLs7vHJfY6PfdM7APN4NM8cvCktZ77t5aeivnFr7JZmudZtrY9XUnj5UgoysxCzriHNgOvg2NVQrt1lzW1sNLMjsNp5E5qujEF3w8322sxmC2ePXsvl37va9q6HuU0j0d5O463Hqb1dyoemd21OGzI6dh82JnZPX6enr6MGDY5nUkB9Zpp5ecz4vWJwzcCucPf7OWZs9ju5GxIgQIAAAQIECBAgUEECgs0KGkxdKT+ByfMvTLOxdoRsWTDzuZknxqK0rPnOVc807YRc+P9tAc+2jUqa3/vXHHg2r4bt7gy39ma3ZbszH5Bmrx2aNjoZkkKhzmbxtfV5d5Zht7UBTPNotddOb8wcbDfk2xYkt7fKuNPAr9WGMl0JLztrs6NaW+/K3fLc7rTblaXerevoOLxssYK61YWd1ZUFja9JQfvYNIM2CyKbl/dnmwpls2fH1Q6PPdMS8ezZafnn7HnN3mv5Qt2aOGHCPvGGtEHPXmkZeV4PMzbzOnLqJkCAAAECBAgQIECgHAQEm+UwCmqoWIH9Fn2jEBq2PL766tfHB/eaE595+Dfxb0/fHYUF0Slhaw6dWoaZzeFQyw1OeivcbA7LutJeZ0Fad2budefcrgSG2TmdhWhtPWA9n7XZ9pUdt9d+ANjRw99Rm0397k67TVtWtQ5JO7PryaY72X3amkXZkJZcZ68GOGvKAXFiCiWzpfPVfky7+eLC6wK8Y7PanwT9J0CAAAECBAgQIECgJwKCzZ6ouYZAFwXefM+PI9sJuuVx+UFvKuyenB03rnw0vvDw/Hhsw8pC4NQU8+xYnttymXpvz9rcfrcdq+K3l9mTsKs7gWV3zm0uqqczB9saqs7aar2hTBYsZxvKjErL/Mem91U2H61nF2azCbvyWUePT0dtZtdly6ufTTMaa9OMx0HpnZnZ7uIvpFmOy1OAnr1btDtHZ8Fo9vnU9K7OmSMmxIz0XtJslmX2vs1RtUNiQppR2fKopFmU3THc1XNnLLwkVqdna8dzHrF47vlpRvWkXW3a9QQIECBAgAABAgQIEKh4AcFmxQ+xDpZS4HOP3FiYldnyuGC/U+MjM44uCjJuT++LvOq53xdmbd23+vkUdL600zL17IKuvnOweR5ce+8kbPl51m7reXN5CjZbzmZtRs36Mz4Fb+MHD4uJtSMKX+tTOLkxhXItN9JpPr9lKPemKQem9zWOKuVj0+N7Z+FrNkM4+5X16bern4uH1y0vLNXONhTKjs6C0yy4fHT9isIy77ftdnBMahVg9rg4F7YpsNuCiwvPZcsZm9enXdGPHbcXMQIECBAgQIAAAQIECBDoRECw6REh0IcCX//z/8ZFj99SdIdP7H1sfHnfk9u9axZGNgedtWkG4MA0K6+zdw62DKuyTYdWpFCr+R2F2SzC9Vs3x5I1L8aDaVfwbHOdHbM104Y2rV402ZVZfDsHoR29a7H4s54s2W49czB7R2hmMnnwiNhvxKTCRknZDMIJ6Wu26/XY9Msi5z58sDXdawK7Z0vRW+06f23aFf04wWavGWuIAAECBAgQIECAAIHKFRBsVu7Y6lkZCFz57D3xyYduKKrk3OmHx6UHnlmS6rKA8LplD8XVS+9LMxeHxd7DxxcCwM5m8bX1eXeWYbe1AUwzQHvtmDlYkkfETftZwFL0fgZ3OwIECBAgQIAAAQIEKkpAsFlRw6kz5Sbwy2V/ivc98LOist44ef+46tC3l1up6iFAoAQClqKXAN0tCRAgQIAAAQIECBCoGAHBZsUMpY6Uo8BtaeOgN6UNhFoec9MS01+npaYOAgQIWIruGSBAgAABAgQIECBAgEDPBQSbPbdzJYFOBf64dlkcu/g7Reftn3Y7znY9dhAgQMBSdM8AAQIECBAgQIAAAQIEei4g2Oy5nSsJdCrwQt3aOPDWbxWdl21488iJn+z0WicQIFD5ApaiV/4Y6yEBAgQIECBAgAABAn0nINjsO1stE4i6hvqYuuCiIolsl/OVp36RDgECBGLKggtjc8PWIgm7onswCBAgQIAAAQIECBAg0DUBwWbXnJxFoMcCeyy8JNbV1xVd/+RJn46xtUN73KYLCRCoDIHJ8y+ILY0N2zvTmH53fXoH77HpXbwOAgQIECBAgAABAgQIEOhYQLDpCSHQxwL73/rNWFa3rugu9x770dhn+Pg+vrPmCRAod4FpN18cG+q3RNQ0V9oY1x15Xhwn2Cz3oVMfAQIECBAgQIAAAQJlICDYLINBUEJlC+xzy9fjlS0bizp55SFnx1umzKrsjusdAQKdCrx60Tdi+eb128/LZmxmm4sdkDYZcxAgQIAAAQIECBAgQIBAxwKCTU8IgT4W2C8FFytaBBfZ7f7toDfHX06b3cd31jwBAuUuMOvWS2PppjVFMzYXz/2wYLPcB059BAgQIECAAAECBAiUhYBgsyyGQRGVLHDc4u/EkrXLirp4nXfoVfKQ6xuBLgtMW3BxbGxIS9FbHP5+6DKfEwkQIECAAAECBAgQqHIBwWaVPwC63/cCb/zdj+L2V54WXPQ9tTsQyJ3A7tk7NrcWB5t2Rc/dMCqYAAECBAgQIECAAIESCQg2SwTvttUjINisnrHWUwLdFZix8JJYXV+3/TLv2OyuoPMJECBAgAABAgQIEKhmAcFmNY++vveLgGCzX5jdhEAuBXbLlqJnMzZb7Ip+fdoV/Vi7oudyPBVNgAABAgQIECBAgED/Cgg2+9fb3apQQLBZhYOuywS6KGApehehnEaAAAECBAgQIECAAIE2BASbHgsCfSwg2OxjYM0TyLHAqxd9I5ZvXr+9B5ai53gwlU6AAAECBAgQIECAQL8LCDb7ndwNq01AsFltI66/BLou8No7roiH160oWoq+eO6H44CRk7reiDMJECBAgAABAgQIECBQpQKCzSodeN3uP4HjF38n/rB2WdENr3vNe+PY8TP6rwh3IkCgLAVm3XppPF+3pqi22+d+KGaNnFyW9SqKAAECBAgQIECAAAEC5SQg2Cyn0VBLRQrsu+ifY+XmDUV9+9dZZ8W7dj+0IvurUwQIdF1g+s1fjfVbNxddcM0R74mTJuzd9UZ6fGZDunJAj692IQECBAgQIECAAAECBEotINgs9Qi4f8ULHHDrt+LFurVF/fzGgW+I909/TcX3XQcJEOhYYMqCC2Nzw9aik2557V/HoaN3Q0eAAAECBAgQIECAAAECnQgINj0iBPpY4C9+/x+xYOXjRXe59MAz49zph/fxnTVPgEC5C4y76f+mEmu2l5ltHrTi1C9GbY2ZlOU+duojQIAAAQIECBAgQKD0AoLN0o+BCipc4P8+dnNc+uQdRb38/MyT4lP7HFfhPdc9AgQ6Enhly8bY+5avR2Rp5rZsc8ygIfH0yZ8BR4AAAQIECBAgQIAAAQJdEBBsdgHJKQR2ReDyp++KLzxyU1ETf73nkfG1/U/flWZdS4BAzgUeXr8ijk67orc89hsxMe4+5sM575nyCRAgQIAAAQIECBAg0D8Cgs3+cXaXKhb42QtL4q//cE2RwJumHBg/PORtVayi6wQI/O/LT8VZ91xVBHHsuL3iuiPPhUOAAAECBAgQIECAAAECXRAQbHYBySkEdkXgtpefjDfd8+OiJuaO2zN+feR5u9KsawkQyLnAz19cEh94sPgfPd4ydVZcOfvsnPdM+QQIECBAgAABAgQIEOgfAcFm/zi7SxULPLRuRcy9s3i56czhE+J3x36kilV0nQCBK9JrKj7f6jUVH9rzqLh4/9PgECBAgAABAgQIECBAgEAXBASbXUByCoFdEXhp84aYueifi5oYPWho2iDk07vSrGsJEMi5QFsbi31p35Pj/+x9bM57pnwCBAgQIECAAAECBAj0j4Bgs3+c3aXKBSbOvyC2NjYUKbxwyudj6IBBVS6j+wSqV+BDf/hV/OcLDxQBXDbrjXHO7odVL4qeEyBAgAABAgQIECBAoBsCgs1uYDmVQE8FXnXL1+PlLRuLLn/guI/HnsPG9rRJ1xEgkHOB7BUV2asqWh7/efg743UT9815z5RPgAABAgQIECBAgACB/hEQbPaPs7tUucCMhV+L1fWbihQuP+hN8c5ph1S5jO4TqF6B3W++ODZs3VIE8F+HvTNOnSTYrN6nQs8JECBAgAABAgQIEOiOgGCzO1rOJdBDgQNv/Va8ULe26Op/2Hde/N3ex/SwRZcRIJB3gfE3fSUa0387jsb4wwmfiOlDRue9a+onQIAAAQIECBAgQIBAvwgINvuF2U2qXeADD14TP39xSRHD36ZQ8x9TuOkgQKD6BJZtXhf7L/pG6njN9s4PTL9f+bovVR+GHhMgQIAAAQIECBAgQKCHAoLNHsK5jEB3BH76/ANx/pJfFV3y+kn7xf932Du604xzCRCoEIHFq56JN/z2h03zNRsbo6amJmaNnBy3z/1QhfRQNwgQIECAAAECBAgQIND3AoLNvjd2BwJx35rn4+S7vlcksffwcfH7Yz9GhwCBKhS4eun98dE/XlvU8zMn7x8/PvTtVaihywQIECBAgAABAgQIEOiZgGCzZ26uItAtgWyDkGyjkNbH0nmfi+EDa7vVlpMJEMi/wFceWxjffPL2oo54PUX+x1UPCBAgQIAAAQIECBDoXwHBZv96u1sVC0xPweb6Vjsgf3f2W+JtUw+uYhVdJ1CdAqfefWXcs/q5os5/+8Az473TD69OEL0mQIAAAQIECBAgQIBADwQEmz1AcwmBngjsf+s3Y1nduqJL/3G/U+JvZ8ztSXOuIUAgxwJ73PzVWLd1c1EPrkrL0N+YlqM7CBAgQIAAAQIECBAgQKBrAoLNrjk5i8AuC5xz/3/Fr5c/XNTO52eeGJ/a5/hdblsDBAjkS2DagotjY8OW7UVnmwjNn/NXceTY3fPVEdUSIECAAAECBAgQIECghAKCzRLiu3V1CXzv2d/Fpx76n6JOv2Pa7LjioDdXF4TeEiAQB976rXh+09q0G3oTRhZsLp57fhwwchIdAgQIECBAgAABAgQIEOiigGCzi1BOI7CrAgtfeiLOvvfqombmjN0jbpzzvl1t2vUECORM4Og7roiH169IgWYWadak/yLuFGzmbBSVS4AAAQIECBAgQIBAqQUEm6UeAfevGoEnN7wSh99+WVF/Jw0eEY+e+MmqMdBRAgSaBA669dJYWremiEOw6ekgQIAAAQIECBAgQIBA9wQEm93zcjaBXRKYODC1hnkAACAASURBVP8rsbUxm6G143jypE/H2Nqhu9SuiwkQyJdA63dsZtVfd+S5cey4vfLVEdUSIECAAAECBAgQIECghAKCzRLiu3X1CeyxMO2EXF+8E/J3Z78l3jb14OrD0GMCVSwwZcGFsblha5HAtSnYPE6wWcVPha4TIECAAAECBAgQINBdAcFmd8WcT2AXBA5IG4a8WLe2qIX/u98p8fEZc3ehVZcSIJA3gcnzL4gtjQ3by87mcV9vxmbehlG9BAgQIECAAAECBAiUWECwWeIBcPvqEnjP/f8V1y9/uKjTn595Ynxqn+OrC0JvCVS5wKT5F8aWbMbmtl3Rs33RrzvyPDM2q/y50H0CBAgQIECAAAECBLonINjsnpezCeySwPee/V186qH/KWrjHdNmxxUHvXmX2nUxAQL5Eph4U3rfbmFH9KbDjM18jZ9qCRAgQIAAAQIECBAoDwHBZnmMgyqqRGDhS0/E2fdeXdTbOWP3iBvnvK9KBHSTAIFMYI+Fl8TaLXVFMzb/9aCz4t3TDgNEgAABAgQIECBAgAABAl0UEGx2EcppBHpD4MkNr8Tht19W1NSkwSPi0RM/2RvNa4MAgZwIvP63V8bdq57bXm02Y/Pv9zkuvjjzpJz0QJkECBAgQIAAAQIECBAovYBgs/RjoIIqE5iUNg2pb7FpSNb9J0/6dIytHVplErpLoHoFfrz0vvjYkuuKZmyeMmFm/OyId1cvip4TIECAAAECBAgQIECgmwKCzW6COZ3Argocdcfl8ej6lUXNLHztB+Kw0dN2tWnXEyCQE4Ela5fFcYu/U1TtoAEDYsUpX8xJD5RJgAABAgQIECBAgACB0gsINks/BiqoMoF33PfTuHHFo0W9/t7st8bZUw+qMgndJVC9Ag1pu6CJ878SjTv2Dypg/O/cD8ZBI6dUL4yeEyBAgAABAgQIECBAoBsCgs1uYDmVQG8IfP6RG+OKp+8uaurzM0+MT+1zfG80rw0CBHIiMO3mi2Pj1i1F1f78iHPi5An75KQHyiRAgAABAgQIECBAgEBpBQSbpfV39yoU+N6zv4tPPfQ/RT1/x7TZccVBb65CDV0mUL0CB996aTxXt2Y7QDZ5c/Hc8+OAkZOqF0XPCRAgQIAAAQIECBAg0A0BwWY3sJxKoDcEFr70RJx979VFTc0Zu0fcOOd9vdG8NggQyInAvrd8I1ZsXtdUbU1N1KQvdwo2czJ6yiRAgAABAgQIECBAoBwEBJvlMApqqCqBJze8Eofffll6w17z0RiTBo+Mx078ZFU56CyBahfYbcFFsamhvojhmiPeEydN2LvaafSfAAECBAgQIECAAAECXRIQbHaJyUkEeldgQto0ZGtjQ5qhlc3RihRyNsZTJ30mxtYO7d0baY0AgbIV2HPhJbG2vq6ovu/PPjveOnVW2dasMAIECBAgQIAAAQIECJSTgGCznEZDLVUj0NamIf99xLvilAkzq8ZARwlUu8Dxi78Tf1i7bDtDNov70gPPiPOmH1HtNPpPgAABAgQIECBAgACBLgkINrvE5CQCvSuw581pptbW4plaPzn0L+OMya/u3RtpjQCBshX4h8dujm//+Y70fs3mEhvj/+x9XHx535PLtmaFESBAgAABAgQIECBAoJwEBJvlNBpqqRqB2bd9O57dtLqovzYNqZrh11ECBYErn70nPvnQDUUaZ089KL43+62ECBAgQIAAAQIECBAgQKALAoLNLiA5hUBvCxx9xxXx8PoVgs3ehtUegRwJLFj5ePzF7/+jqOIjx0yPm456f456oVQCBAgQIECAAAECBAiUTkCwWTp7d65iAcFmFQ++rhPYJvDo+pVx1B2XF3lMrB0Rj530SUYECBAgQIAAAQIECBAg0AUBwWYXkJxCoLcFBJu9Lao9AvkT2NhQH9MWXFRUeLaB0MpTvxiDagbkr0MqJkCAAAECBAgQIECAQD8LCDb7GdztCGQCgk3PAQECmcDE+RfE1saGIowb01L0OWlJuoMAAQIECBAgQIAAAQIEOhYQbHpCCJRAQLBZAnS3JFCGAnvf8rVYtWVTUWU/PORt8aYpB5ZhtUoiQIAAAQIECBAgQIBAeQkINstrPFRTJQJZsPnQ+uWptzXpV1p82lgTi485Pw4YOalKBHSTAIFM4I33/Chuf/npFhiN8dX9T48P7jkHEAECBAgQIECAAAECBAh0IiDY9IgQKIHAfou+ESs2r99+58bGxhRsfliwWYKxcEsCpRT4+p9viwsfuyX9G0f2jxxN/9SRhZpf3f/1pSzLvQkQIECAAAECBAgQIJALAcFmLoZJkZUmMCVtGLI5bRzSfGQbhsyf81dx5NjdK62r+kOAQAcCP39xSXzgwWuKzjhl4sz478PfxY0AAQIECBAgQIAAAQIEOhEQbHpECJRAYI+Fl8S6+rqiO//n4e+M103ctwTVuCUBAqUSuH/NC3HSXd8tuv0ew8bGg8d9vFQluS8BAgQIECBAgAABAgRyIyDYzM1QKbSSBI6+8/J4eN3Koi79x2HviNMn7VdJ3dQXAgQ6EViT/oFjr/QPHa2Plad+KQZuW54OkQABAgQIECBAgAABAgTaFhBsejIIlEDgo3+8Nq5een/RnS+b9cY4Z/fDSlCNWxIgUEqBifO/ElvTe3ZbHjce9f6YM2Z6KctybwIECBAgQIAAAQIECJS9gGCz7IdIgZUo8I+P3RzffvKOoq79w77z4u/2PqYSu6tPBAh0IDBj4ddidf2mojN+eMhfxJumHMCNAAECBAgQIECAAAECBDoQEGx6PAiUQOBfnlocX3p0ftGdP7zXa+PCV7+uBNW4JQECpRQ4856r4vaXnmreGD0a0+zNKw5+c7xz2iGlLMu9CRAgQIAAAQIECBAgUPYCgs2yHyIFVqLAT59/MM5f8suirv3lbrPj31KY4SBAoLoEPvvwb+Lfnv5tRE3W78b0pSY+P/PE+NQ+x1cXhN4SIECAAAECBAgQIECgmwKCzW6COZ1AbwgsWPl4/MXv/6OoqXkTXhU/O+LdvdG8NggQyJHAZU/dGV9+dEFRxedNPyK+deAZOeqFUgkQIECAAAECBAgQIND/AoLN/jd3RwJx/5oX4qS7vlskMXvU1Lj16L+hQ4BAlQn8/MUl8YEHrynq9akTZ8Z/Hf6uKpPQXQIECBAgQIAAAQIECHRPQLDZPS9nE+gVgec2rYmDb7u0qK3dh46OJcf/Xa+0rxECBPIjcNeqZ+P03/6gqOBZIyfH7XM/lJ9OqJQAAQIECBAgQIAAAQIlEBBslgDdLQlsbtwaU+ZfmN6m13w0Rm3NwFhx6hfhECBQZQLPblods2/7dlGvRw0aEs+c/Jkqk9BdAgQIECBAgAABAgQIdE9AsNk9L2cT6DWBqQsujE0N9YWNQrKjMf337LzPxaiBg3vtHhoiQKD8BeobG2LS/At2KnRp+vtg+MDa8u+ACgkQIECAAAECBAgQIFAiAcFmieDdlsBuCy4qBJstjwVH/VUcMWZ3OAQIVJnApPlfifrGHXO4s+77+6DKHgLdJUCAAAECBAgQIECg2wKCzW6TuYBA7wjMWPi1WF2/qaixXx95Xswdt2fv3EArBAjkRmDGwkvS3wd1RfV+5+A3x9t3m52bPiiUAAECBAgQIECAAAEC/S0g2OxvcfcjsE3g0P+9LJ7e+EqRx51zz48DRk5iRIBAlQmcfe/VsfClJ7b3Opu7+ff7HBdfnHlSlUnoLgECBAgQIECAAAECBLouINjsupUzCfSqwNF3XBEPr18h2OxVVY0RyKfAT5beFx9dcm1se+Vu4d278ya8Kn52xLvz2SFVEyBAgAABAgQIECBAoB8EBJv9gOwWBNoSyILNh7YHm9n8rJpYbMamh4VAVQosWbssjlv8naK+DxowIFac8sWq9NBpAgQIECBAgAABAgQIdEVAsNkVJecQ6AOBWbdeGkvrVhftir547octRe8Da00SKHeBhmiMiWkDoVb7B8X/zv1gHDRySrmXrz4CBAgQIECAAAECBAiURECwWRJ2NyUQsfvNF8eGrVuKKK498tw4btxeeAgQqEKBaenvhI2t/k74+RHnxMkT9qlCDV0mQIAAAQIECBAgQIBA5wKCzc6NnEGgTwSmLUghRkNxsHldCjaPFWz2ibdGCZS7wMFpFvdzdWu2l5m9oMLrKcp91NRHgAABAgQIECBAgEApBQSbpdR376oWePWib8byzeuKDOyKXtWPhM5XucBBWbC5aXWTQk22fVCEvxOq/KHQfQIECBAgQIAAAQIEOhQQbHpACJRIwK7oJYJ3WwJlKmAWd5kOjLIIECBAgAABAgQIEChbAcFm2Q6NwipdQLBZ6SOsfwS6J+C9u93zcjYBAgQIECBAgAABAgQEm54BAiUSEGyWCN5tCZSpwKsXfSO9nmL99uq8Y7NMB0pZBAgQIECAAAECBAiUjYBgs2yGQiHVJpAFmw+tX7Gt21mEUWOjkGp7CPSXQAuB16a/Ex5el/5OyF6uWTga098JH44DRk7iRIAAAQIECBAgQIAAAQJtCAg2PRYESiQwK20UsrRudcowmlKMRiFGiUbCbQmUh4BZ3OUxDqogQIAAAQIECBAgQCA/AoLN/IyVSitMwPv0KmxAdYfALgoINncR0OUECBAgQIAAAQIECFSdgGCz6oZch8tFwA7I5TIS6iBQHgKCzfIYB1UQIECAAAECBAgQIJAfAcFmfsZKpRUm8OpF30wbhawr6tWdc8/3Pr0KG2fdIdBVgYMKr6dY4++EroI5jwABAgQIECBAgACBqhcQbFb9IwCgVAI2DyqVvPsSKE8Bs7jLc1xURYAAAQIECBAgQIBA+QoINst3bFRW4QI2D6rwAdY9At0U8N7dboI5nQABAgQIECBAgACBqhcQbFb9IwCgVAJCjFLJuy+B8hR49aJvpNdTrN9eXGP63WKvpyjPwVIVAQIECBAgQIAAAQJlISDYLIthUEQ1Clh2Wo2jrs8E2hd47R1XxMPrVkTUNJ/TmILND3vvroeGAAECBAgQIECAAAEC7QgINj0aBEokYPOgEsG7LYEyFbArepkOjLIIECBAgAABAgQIEChbAcFm2Q6NwipdQIhR6SOsfwS6J+DvhO55OZsAAQIECBAgQIAAAQKCTc8AgRIJ2BW9RPBuS6BMBbKl6I+sT0vRWxx3esdmmY6WsggQIECAAAECBAgQKAcBwWY5jIIaqlLAruhVOew6TaBdgQNu/Va8WLdWsOkZIUCAAAECBAgQIECAQBcFBJtdhHIagd4WsCt6b4tqj0C+BXZbcFFsaqgv6sQvjnhPnDhh73x3TPUECBAgQIAAAQIECBDoIwHBZh/BapZAZwJ2Re9MyOcEqktgwvyvRENjY1Gnb5/7oZg1cnJ1QegtAQIECBAgQIAAAQIEuigg2OwilNMI9LaAXdF7W1R7BPIrsGzzuth/0TdSB2qKOvHK676c306pnAABAgQIECBAgAABAn0sINjsY2DNE2hPwA7Ing0CBJoFFq96Jk7/7Q8jsgmb27LNA0ZMjMXHfBgSAQIECBAgQIAAAQIECLQjINj0aBAokYBgs0TwbkugDAWuXnp/fPSP1xZVdubk/ePHh769DKtVEgECBAgQIECAAAECBMpDQLBZHuOgiioUEGxW4aDrMoF2BL7y2ML45pO3F336t3sfE/+47zxmBAgQIECAAAECBAgQINCOgGDTo0GgRAKCzRLBuy2BMhQ474Gfxa+W/amosm8feGa8d/rhZVitkggQIECAAAECBAgQIFAeAoLN8hgHVVShQBZsPrR+xbaeN71Yb/Hc8+OAkZOqUEOXCVS3wPGL/z3+sPbFIoTrjzw3jhm3V3XD6D0BAgQIECBAgAABAgQ6EBBsejwIlEhg1q2XxtK61SnObNoppDH9t3juhwWbJRoPtyVQSoEp8y+MzY1bi0r40wmfiN2GjCplWe5NgAABAgQIECBAgACBshYQbJb18CiukgV2v/ni2LB1S1EXr00ztI4zQ6uSh13fCOwksGzzuth/0TeLvj+4ZmAsO/ULtAgQIECAAAECBAgQIECgAwHBpseDQIkEpi24ODY2FAeb16Vg81jBZolGxG0JlEZg8apn4g2//WHRzWeNnBy3z/1QaQpyVwIECBAgQIAAAQIECOREQLCZk4FSZuUJvDrN0FqeZmq1PO70js3KG2g9ItCJwNVL74+P/vHaorPOnLx//PjQt7MjQIAAAQIECBAgQIAAgQ4EBJseDwIlErB5UIng3ZZAmQl8+dEFcdlTdxZV9bd7HxP/uO+8MqtUOQQIECBAgAABAgQIECgvAcFmeY2HaqpIwOZBVTTYukqgA4ETFn83Hlz7QtEZ3z7wzHjv9MO5ESBAgAABAgQIECBAgEAHAoJNjweBEgnYPKhE8G5LoMwEdk/v293Q6n27PzjkbfHmKQeWWaXKIUCAAAECBAgQIECAQHkJCDbLazxUU0UCNg+qosHWVQIdCEy86SuxNRq3n5H97q70vt39R07iRoAAAQIECBAgQIAAAQIdCAg2PR4ESiRg86ASwbstgTISWF2/KfZaeElEY03U1Owo7OXXfTla/LGMKlYKAQIECBAgQIAAAQIEykdAsFk+Y6GSKhOweVCVDbjuEmhD4A9rX4zjF/974ZPGwqzNmthr2Nh44LiP8yJAgAABAgQIECBAgACBTgQEmx4RAiUSsHlQieDdlkAZCfx6+cNxzv3/VVTRseNnxHWveW8ZVakUAgQIECBAgAABAgQIlKeAYLM8x0VVVSBg86AqGGRdJNCJwBVP3xWff+SmorPeNe3Q+NeDzmJHgAABAgQIECBAgAABAp0ICDY9IgRKJJBtHrRjJ+SmJajXH3luHDturxJV5LYECPS3wOcevjH+7Zm7i2772VedEJ9JvxwECBAgQIAAAQIECBAg0LGAYNMTQqBEAnst/Fqsrt+Y4symLUKy9+stnvvhOMBOyCUaEbcl0P8CJ9/1vbhvzfNFN778oDfFO6cd0v/FuCMBAgQIECBAgAABAgRyJiDYzNmAKbdyBCxFr5yx1BMCPRWYfvNXY/3WzUWXX3Xo2+ONk/fvaZOuI0CAAAECBAgQIECAQNUICDarZqh1tNwELEUvtxFRD4H+F2j9DxzZzO2b5vxVzBk7vf+LcUcCBAgQIECAAAECBAjkTECwmbMBU27lCFiKXjljqScEeiow69ZLY2ndmm0vpEivpEiv2118zPleSdFTUNcRIECAAAECBAgQIFBVAoLNqhpunS0ngWym1vr6tAS1JnvLZpqn1VgT1805N46zeVA5DZNaCPSpwNF3XBEPrVu+7R7pfbs13rXbp+AaJ0CAAAECBAgQIECgogQEmxU1nDqTJ4HJ8y+MzQ1bs1yzcDSmqVrXzznPruh5GkS1EthFgSzYfHj9iqJW7pxrxuYusrqcAAECBAgQIECAAIEqERBsVslA62b5CUy46SvRUNgLvflojEsPfGOcN/3w8itWRQQI9ImAYLNPWDVKgAABAgQIECBAgECVCAg2q2SgdbP8BGYsvCRW1delwhrTUvSmaZtjaofGUyd9uvyKVVG/CXz5y1+Oq6++OgYOHBhnnnlm/PM//3MMGDCg3+7vRv0rcNC2d2y2vKsZm/07Bu5GgAABAgQIECBAgEB+BQSb+R07ledc4KN/vDauXnp/0YzN9IK9uOmo98WcMXvkvHfK74nARz7ykbj88suLLh0yZEh8//vfj7e//e1RW1vbk2ZdU8YC0xZcHBsbthRVeN2R53olRRmPmdIIECBAgAABAgQIECgfAcFm+YyFSqpMoCH1d/L8C2JLY3rPZmHGZtOy9P847B1xxqRXV5XGC3Vr488bXo7/ffmpuHnl4+m9ozVx+JjdY+ygoe06LN+8Pp5K10wYPCJeNXx80Xkdfda6wY7OfTHV9dSGV2LP4WPi+PH7xG5DRsXU9Gva0NExbMCgXh+jUaNGxbp169psd99994277rorxo8v7muvF6HBfhWYsqDpXbstj2tTsGkTsX4dBjcjQIAAAQIECBAgQCCnAoLNnA6csitDIAs261oFm9cfeV7uQo2taeOjLATMfi2rWxf3rnk+7lu9NMYPHh57p9Bx4Lal9tmoPZnCyGc3ro6taffn9Vvq4smNr8SGrVu2zVzdsSy/oxFuei9p2+d29FnrNjtsJ/UpC1jbO0YOHFwIOacOHRVDU8i5KfVhXOrvfiMmxqCapqXj7YWm7X3/H2afHps3bGz3nsf83Xtj8jmnthnmNl/UVtvdraMntbd3TWf1jBo0pCig3pXzm9saOGBgrNqyMTZvrY/JaXy2puAwC8Bb3quj+2af/XnDS/FKamNTuvbosXvEX047JA4ZNTWGD+zdWbPN79ptHr/smbz0wDO9a7cy/orXCwIECBAgQIAAAQIE+lhAsNnHwJon0JHA+Jv+KbZuD+iaZmz++NC/jLMm71+4bE16B+e/PXN3XLfsoRiRwpZ9Ukj44qY17QZbvTGLsaM2stmLSzetjtoU5A1Mod+yFGRmsy1Xbt6wvZudhY7tR4Xl9axk/ehKre31t7vfz3q//hu/jC033dcuxLC/fWMMecNr2v28rXv2pI7euqazelp/vivnN1/bNGrNW3I1/T6bEd2y7Y7u27Kd1uOf/XnPYWPTTOJhMXTgoKhNAfbUNHs3mzHc/HOThar1KQzdmILul1MwesjoqfGNFFSOTkF4W8deC78Wq7dsavGwNaZ37Q6Lp71rt7z+QlANAQIECBAgQIAAAQJlKSDYLMthUVS1CIxLwWa2M3rzUvRsefo70sywxS8/Heu2bo7V9RujIZs52CqYacuns0CxvRmOLdvquI2uzabsaOy6GhaWw/iXotbGNNarz744JZzZplLFx4DpE2PUFedHzeDeXwJfDt7lVkP2zwzNm3o119Y6PG3+fOfvZ1c0halpSNM/AkS8ccoB8cV9T459h08o6upH//ir9K7dB7Z/r/m5+/4hZ8dbp8wqNxb1ECBAgAABAgQIECBAoKwEBJtlNRyKqTaB5mAzGrMQJFv6nMUhreOU8lDJQreOlmZ3pcqO2+hOlNjRub3TTnda6Urfu3rOqjP+KaK++J2LtacfEcP/5rSoGT6kq804bxcFdmX8m+Zepx/mVj8z2XfH1w5Pv4am97aOa/o8zfBcsPzRFj9bOwLVP574f2La4JG72BOXEyBAgAABAgQIECBAoHIFBJuVO7Z6lgOBLNhsCkGajuaZmV1ZAt3f3ctmnnXwyskW5bQfCRV62qqdKSm4mTliQuyVgp4hNQML79scnYKf8Wk5bntH1s7StCT/+bQsPnuPZ7Y8eHC6dlvz7X7Wur2O2snOze5Rn96BOi6FUdlGRqvSDNoXNq1Ny47XpXs3vVN0U2FH67ZGrD2HjiOzbMZm47q0NLnFUTtvdoz49FvbuU/LM9tquyd19NY1ndXT+vNdOb/52uafp+Yl6c1j07Ltju7b9NkuBZvbAs2WQf6OWZ1NP+lNy+VbfG2+Zvui+aa/D15+3Zej6Y2tDgIECBAgQIAAAQIECBBoLSDY9EwQKKHA+Ju+sj3YbF76WrwEtqMwpnXhvTGLsYNQso0ZmwNS8DJ5yIiYNmR0+jpy+2Y6G+uz9wtuSKFgQ2EH8ebNdLKK16fPHtuwIk6YsE+8bbeDY1IKDfN8rE7vQb1pxWOxYOVj6bUCETNSQJttltReaNpZmHrVB78QD918RxHJoCGD45/+eFOngW1bbdemwLetELgn4XB3r2nr3i2/l222lL2ncnnacCoLqPdIAfWKuvVFgXVXz29uK9u8KhuH1Zs3Ft5fOzaF5NlzOjE9p8336ui+LT8bnt6LmY3lgAED4pXU3u9WPRMbGupbhJLNw1QcUraMVrvybLec4dn8rwfZE9SQ7j2mdkg8c9JnutKMcwgQIECAAAECBAgQIFB1AoLNqhtyHS4ngd0WXJRm/GVBSbYqtWkpetPMyKZZZllAkgUrR6VdmfcdOSm2pqCwrVmKzefu6izGzkK3bKOgbMOg48fvHa+fvF/sPWx8lzbYKSfzcq/l6aefjhkzZuxU5p133hlHH310uZdf0fVlPx/XL384fvHinwrBfU36xoQhOwLZbGOt7JzsZ/nPG1+KZzeuKfwUd/ZyieZrCucVfvSbotHstw3pNRV3HPPBOGjklIq21TkCBAgQIECAAAECBAj0RECw2RM11xDoJYF33//TuGH5I4XWskBzxzZCjWmW48D47Mzj40N7vTZGtbOjci+VoZkyExgzZkysWZOFYjuOK6+8Mt73vveVWaXKaU8giya/8/Tdcd3yhwozUrMd0rMwdOdl6FkLTUvSs78Dit/30BRw3j73Q4JNjxoBAgQIECBAgAABAgTaEBBseiwIlFAgWzL7o2d/H//5wgOFJbjZ0u1hg2rj8DG7xyX7v16gWcKxKeWt3/rWt8YvfvGLohK++tWvxmc+Y0lyKcdlV+6dRZTXLnso/vWpxYVZ2tnS+4Ztr3doXjb/yLplsbkhLUBPM7YLszjTr5HpHzWWzvvsrtzatQQIECBAgAABAgQIEKhYAcFmxQ6tjhEgkFeByy67LD7+8Y8Xlf/e9743fvSjH+W1S+rugkD2UorzH/hl3PbKE1Gbdks/Y8oB8Ym9j4mpdkbvgp5TCBAgQIAAAQIECBCoRgHBZjWOuj4TIFDWAgsXLox58+YV1Xj44YfHvffeW9Z1K44AAQIECBAgQIAAAQIECPSngGCzP7XdiwABAl0QWLZsWUydOrXozGx5ckNapuwgQIAAAQIECBAgQIAAAQIEmgQEm54EAgQIlKFAbW1t1Ndni5N3HNmMzWzmpoMAAQIECBAgQIAAAQIECBAQbHoGCBAgUJYCbe2MvmjRojjhhBPKsl5FESBAgAABAgQIECBAgACB/hYwY7O/xd2PAAECXRDIlqJnS9JbHkuWLIlZs2Z1BxovjAAAIABJREFU4WqnECBAgAABAgQIECBAgACByhcQbFb+GOshAQI5FBgxYkRs2LChqHIzNnM4kEomQIAAAQIECBAgQIAAgT4TEGz2Ga2GCRAg0HMBwWbP7VxJgAABAgQIECBAgAABAtUhINisjnHWSwIEciYwatSoWLduXVHVlqLnbBCVS4AAAQIECBAgQIAAAQJ9KiDY7FNejRMgQKBnAkOHDo26urqii2+44YY4/fTTe9agqwgQIECAAAECBAgQIECAQIUJCDYrbEB1hwCByhAYO3ZsrF69uqgzl1xySXz605+ujA7qBQECBAgQIECAAAECBAgQ2EUBweYuArqcAAECfSFw2mmnxU033VTU9FlnnRW/+tWv+uJ22iRAgAABAgQIECBAgAABArkTEGzmbsgUTIBANQjcfPPNccoppxR1dciQIbFp06Zq6L4+EiBAgAABAgQIECBAgACBTgUEm50SOYEAAQL9L5AFmMOGDdvpxrfddlscd9xx/V+QOxIgQIAAAQIECBAgQIAAgTITEGyW2YAohwABAs0CEyZMiJdffrkI5MILL4zPf/7zkAgQIECAAAECBAgQIECAQNULCDar/hEAQIBAuQqcd9558aMf/aiovDPOOCOuv/76ci1ZXQQIECBAgAABAgQIECBAoN8EBJv9Ru1GBAgQ6J7AwoULY968eUUXDR48OOrq6rrXkLMJECBAgAABAgQIECBAgEAFCgg2K3BQdYkAgcoQaO89m7/97W/jyCOPrIxO6gUBAgQIECBAgAABAgQIEOihgGCzh3AuI0CAQH8IjBs3LlatWlV0q6uuuire85739Mft3YMAAQIECBAgQIAAAQIECJStgGCzbIdGYQQIEIh4/etfHzfeeGMRxf/7f/8vPvaxj+EhQIAAAQIECBAgQIAAAQJVLSDYrOrh13kCBMpd4IILLogvfelLRWV+/OMfj29/+9vlXrr6CBAgQIAAAQIECBAgQIBAnwoINvuUV+MECBDYNYGf/vSn8c53vrOokdNPPz1uuOGGXWvY1QQIECBAgAABAgQIECBAIOcCgs2cD6DyCRCobIF77703XvOa1xR1csaMGfHkk09Wdsf1jgABAgQIECBAgAABAgQIdCIg2PSIECBAoIwF1qxZE2PGjNmpwvr6+hg4cGAZV640AgQIECBAgAABAgQIECDQtwKCzb711ToBAgR2WaC2tjayILPlcffdd8ecOXN2uW0NECBAgAABAgQIECBAgACBvAoINvM6cuomQKBqBCZNmhQrV64s6u9PfvKTePe73101BjpKgAABAgQIECBAgAABAgRaCwg2PRMECBAoc4Gzzz47rrnmmqIqv/rVr8ZnPvOZMq9ceQQIECBAgAABAgQIECBAoO8EBJt9Z6tlAgQI9IrAZZddFh//+MeL2nrve98bP/rRj3qlfY0QIECAAAECBAgQIECAAIE8Cgg28zhqaiZAoKoEFi5cGPPmzSvq8+GHHx7ZjukOAgQIECBAgAABAgQIECBQrQKCzWodef0mQCA3AsuWLYupU6cW1VtTUxMNDQ256YNCCRAgQIAAAQIECBAgQIBAbwsINntbVHsECBDoA4G2dkbPZmxmMzcdBAgQIECAAAECBAgQIECgGgUEm9U46vpMgEDuBMaMGRNr1qwpqnvRokVxwgkn5K4vCiZAgAABAgQIECBAgAABAr0hINjsDUVtECBAoI8FZs6cGU888UTRXZYsWRKzZs3q4ztrngABAgQIECBAgAABAgQIlKeAYLM8x0VVBAgQKBKYMmVKLF++XLDpuSBAgEAHAtmbhwcQIkCAAAECBAgQqBoBwWbVDLWOEiCQZ4GhQ4dGXV1dURduuOGGOP300/PcLbUTIECAAAECBAgQIECAAIEeCwg2e0znQgIECPSfwNixY2P16tVFN7zkkkvi05/+dP8V4U4ECBAgQIAAAQIECBAgQKCMBASbZTQYSiFAgEB7AqeddlrcdNNNRR+/+c1vjl/84hfQCBAgQIAAAQIECBAgQIBAVQoINqty2HWaAIG8Cdx8881xyimnFJU9ZMiQ2LRpU966ol4CBAgQIECAAAECBAgQINArAoLNXmHUCAECBPpWIAswhw0bttNNrr/++jjjjDN68eaNqa2aXmxPUwQIECBAgAABAgQIECBAoG8EBJt946pVAgQI9LrAhAkT4uWXXy5q95xzzokf//jHvX4vDRIgQIAAAQIECBAgQIAAgXIXEGyW+wipjwABAtsEPvKRj8Tll19e5JHN4tywYQMjAgQIECBAgAABAgQIECBQdQKCzaobch0mQCCvAs8880zstddeO5V/1113xVFHHZXXbqmbAAECBAgQIECAAAECBAj0SECw2SM2FxEgQKA0AqNHj461a9cW3fzf//3f46//+q9LU5C7EiBAgAABAgQIECBAgACBEgkINksE77YECBDoicDb3va2+PnPf1506Re+8IW44IILetKcawgQIECAAAECBAgQIECAQG4FBJu5HTqFEyBQjQJXXnll/NVf/VVR10877bT4zW9+U40c+kyAAAECBAgQIECAAAECVSwg2Kziwdd1AgTyJ/DAAw/EoYceWlT4oEGDYsuWLfnrjIoJECBAgAABAgQIECBAgMAuCAg2dwHPpQQIEOhvgYaGhqitrY3sa8sjCzxnz57d3+W4HwECBAgQIECAAAECBAgQKJmAYLNk9G5MgACBngmMGDEiNmzYUHTx/Pnz45RTTulZg64iQIAAAQIECBAgQIAAAQI5FBBs5nDQlEyAQHULjBs3LlatWlWEsGTJkpg1a1Z1w+g9AQIECBAgQIAAAQIECFSVgGCzqoZbZwkQqASBoUOHRl1dXVFXFi1aFCeccEIldE8fCBAgQIAAAQIECBAgQIBAlwQEm11ichIBAgTKR2DMmDGxZs2aooKy3dLf9773lU+RKiFAgAABAgQIECBAgAABAn0sINjsY2DNEyBAoLcFjj322LjjjjuKmv3CF74QF1xwQW/fSnsECBAgQIAAAQIECBAgQKBsBQSbZTs0CiNAgEDbAt///vfjAx/4QNGHp512WvzmN79BRoAAAQIECBAgQIAAAQIEqkZAsFk1Q62jBAhUisADDzwQhx56aFF3Bg0aFFu2bKmULuoHAQIECBAgQIAAAQIECBDoVECw2SmREwgQIFBeAg0NDVFbWxvZ15ZHFnjOnj27vIpVDQECBAgQIECAAAECBAgQ6CMBwWYfwWqWAAECfSnQ1s7o8+fPj1NOOaUvb6ttAgQIECBAgAABAgQIECBQNgKCzbIZCoUQIECg6wJtBZuLFi2KE044oeuNOJMAAQIECBAgQIAAAQIECORYQLCZ48FTOgEC1SswZMiQ2Lx5cxGAYLNyn4dfLX84/uv5B+Lg0VPi0/ucGAMqt6t6RoAAAQIECBAgQIAAgS4LCDa7TOVEAgQIlI+AYLN8xqKvK3n7fT+Nm5Y/Eo3ZjWoipg0dHQ8d/4m+vq32CRAgQIAAAQIECBAgUPYCgs2yHyIFEiBAYGcBwWZ1PBWtQ81t2WbcPvdDcdDIKdWBoJcECBAgQIAAAQIECBBoR0Cw6dEgQIBADgXaCjYXLlwYJ510Ug57o+S2BD73yE1x+VOLo6YmTdNsbIzG9CX9r3B8duZJ8dl9jgdHgAABAgQIECBAgACBqhYQbFb18Os8AQJ5FWgr2Jw4cWKsWLEir11S9zaBNfV18W/P3B0XP76osPw8RZop0Ez/pT80pv9LGWeMHjwknj3ps8wIECBAgAABAgQIECBQ1QKCzaoefp0nQCCvAm0Fm1lfHnjggZg9e3Zeu1W1da9OYebFj98Sv1j2p1i+eV0hvGyenVl4t2Yh4qwpfD8LN7PPbpjzvjhm7J5Va6bjBAgQIECAAAECBAgQEGx6BggQIJBDgbFjx8bq1at3qtzO6D0fzI0N9bFp65Zo/roh/X5Tq+9t/6xhSzy9cVU8un5ljKsdFnsNGxe1NTvvVb5i8/p4csPLMX7w8HjV8Anbw8rmKh9b/1Lct2ZpPLnx5RRaZvMym46mGHPHkc3azI6GbZ8NSl8XvvZv4rDRu/W8w64kQIAAAQIECBAgQIBAzgUEmzkfQOUTIFCdAm95y1vil7/85U6d/853vhN/8zd/UzUoz25aHS/WrY1ldevid6ufiwdWvxCjBg0p7By+cVswWQgot/2++XtFn6WQsq5h6y6ZNS8X76iRzs5p/XnrP2/dNo2zOT69/sjz4thxe+1S3S4mQIAAAQIECBAgQIBAngUEm3kePbUTIFC1Ag0NDTFy5MjYuHFjkUE2k/OVV17JtUv2jsksqMyWZDeHli9mf06/dvx5bayq39RuPzsLEfsCqDEFj4WNfjo4Oqurrc+zdlPD0ZC+Dkxfm+ZuRlx35LlxnGCzL4ZSmwQIECBAgAABAgQI5ERAsJmTgVImAQLtC7yQZuz9OS33XfTSk7Hwpcdj6IBBcfrk/eOgkZNj0pCRMWXwyJiQlgJ3HDnlT/j9739//OAHP9ip8DvvvDOOPvrosuvQ8rQse1kaq+zri5vW7ggpU4DZMrTMln/3xtGVoLE37rOjjdYLyHduvavB5uCagTFzxIS0vH1gHDJmt7jmxSWxrn7z9gazOy2ee34cMHJS73ZBawQIECBAgAABAgQIEMiRgGAzR4OlVALVLNAcXv56+cNx+8tPx7qtmwuz157ftCaypcatj9YR04AUa05M4ebkFHROHDwizfbbmIKiLXFECo3OnnpwHDxqakxNn+XpyGZtDhw4cKeSf/jDH8a5557bb13J3iOZjU82y/KWlU/EXaufLSwDHz9oeBqnum0zL9f1Wz3NN+osROzNgroSonYWew5M7+g8Ysy0eOe0Q+Pc6YcXBfG7Lbi4YLrjm41hKXpvjqC2CBAgQIAAAQIECBDIo4BgM4+jpmYCPRTIgpXLnrozfvjc79NGJQ1xcApR6rbWx5/TBihHjN09PrnP8bFv2uCkv46GtKj2oXUr4n+WPxI3rHgkBsXAVMe0eHnLxnh2wyuxNX2ezVJ7auMrXQovdw43s92jO5+n2bTUN2LsoGExpnZo4YrZo6cWAs9ZoybHjLQxzKA2NobpL6eO7pMFm1nA2fK45pprInsH564e9ekZyQLLF9Lsyufr1qSva9LX9Pv0Nfve0vS9bObl5sZ23k+5bQn1rtbRk+t7GmqOGjg4hg2sjaHp17A08zf7OnxAbQwZOKjw58Jn6c/D0p9XbdkUL23eEOMGD4v9Rkxss8ylyWppeg/ouNrhseewsTFkQHEQ/dKWDfFI+hk4ccI+8dd7zons/m0du9988U4/A9dait6TR8M1BAgQIECAAAECBAhUkIBgs4IGU1cIdCSQhYjz7v5+3Lf6+XRa09yxmvSlMf1fc/iXhUGjBw2NueP2jL+dcUwcNW6PyGY69tbxXAp5/uXpOwtLxlenUOiVFOq03rSlrd2gOwonOwqwOpsh17JfbZ3b3HZmMH3YmBicQqn6FCIekkLPc3Y/POaMnZ68hvQWT4/aqa2tjfr64qXbXdkZPdvd+9m0q3cWXBaCyvQ1C+FahpfZTMxdPbozBt25155Dx8SUIaMKM3CzmbZT0q9s06CHU0iYBb2vGjmh8CxnryVoCiMHxfD0dci2Pw9L4eTQQljZ9HVkO4Fid2rqy3NnLLwkVqd3jzYflqL3pba2CRAgQIAAAQIECBDIi4BgMy8jpU4Cuyjw9w/dEN999nfbQswssitEm9taLQ43m78/YlBtTB8yNvYePi4OSku1s6XfWdj1ZHqf5fi0rPtVaXZny9izrc+ymX73p52qs01fsncrFsWkbaRehY1RWm3C0pPwsitLg3eQtvZogd3OrMPm0ndPu28fNGpKzBo5pelr+pW9G7E3A+G2hj7bIXttWuY9efjo2LKleCn+hdf8KPY+6pBYn5br/2Hti/FEGq9sxmlDKjp7x2UWXq5Nn/XH0Z1xyELiLKDMAsup6b2oU4em4DK9NiD7827p16QhI1KIOSrNrB3aH6WX1T0sRS+r4VAMAQIECBAgQIAAAQJlIiDYLJOBUAaB3hT4ZXoP5aVP3BbPpCWwB46aFFcf9q7Y95avp9mR9a2CzeyuWdTYdrDZMtNr3om5ZTDZceC48zLwtnd8Lmz4XHS0Pq+9+2ShWRZ0ZUHijBS+Dkx9ycK+rNbNW7dGtsw3C/GyQLUnG9I09bn95ezthXbZcuMZw8cXZghmmxZloWc2Y7C9I5st+VRaej+6dkhMSoHexhQ6rk/vU1yfluFv2Pb77Gv2LtHmP2fLxLNj1Rn/FFFfvBR8xNfOi9pD9t7pdt0JGXvjeczul703clIKJ3fMrEyhZQovC39OfS2EmNvCzNbLtHujhkppw1L0ShlJ/SBAgAABAgQIECBAoDcFBJu9qaktAiUSyAK4a178Y/z3Cw8WZuc9lt6Z2XL5dk1KDrOl6IVga1uQmV2TBZcD0mc75m3u2Juk7SCzxd4l2/raG+FmS7adl6JHIQBrDi+zIHNlCipPmTQz5k2YWXjvYVeONWkZbzajNPuV7cD91KZX4o9rl6cNboalJb6bCu85XLJ2WdH7IjubKZrdtysL9bvzqsnuvhuyW8FmVnCr2bBdsWvvnOx9kLulGavTsl9pXHZPy8O3NNYXQtnXTdy3MMs3bxsy7YpHX1776kXfKAT0zYel6H2prW0CBAgQIECAAAECBPIiINjMy0ipk0AHAtky8+9tX2be9onZRjxZGJLNasxmIWa/nzN2jzh89LR4NIV6f1q/orBMefv7NttcDr5zlNfTYLNQSwpVDx21W0xPgVgWsI7Ldi1Ps/uymYmPpnpOSBuqvG23g2NS2nilv44s7PzZi3+IrWlG5OaGrWnZ/Svx+IaXChsYNWQJ5bajuwFkIUVuPTW1nU51p+1VZ10QUVe8FL29GZvZ7br6zstslmVzYJmFl9mS+2w5ePY1C5f3SBvhdDVU7q+xq+T7vPaOKwrvD225K/riuR+OA0ZOquRu6xsBAgQIECBAgAABAgQ6FBBsekAIVIDA3rd8LW3EszH1pGn+YFuzCJuDzWzDoOZ87ceH/mWcNXn/7QJZcPK1J26NVWkG431rXki7PmdtNh1tLiNv515N5+9cRxZevnbsnmmH6KHxnrT5zikTZxbCzTwc2Tsts/dV/vzFJYXgNZs1+sc0wzObIduVo6uBYnvW7d1j1Vsvjli/qejjUd/5SAycMXmnS7IxHFIzqPDuyt2HpKAyfW0ZXk7b9r0swCzXXeC7Yl2J5xx066WFXehbHnfOPV+wWYmDrU8ECBAgQIAAAQIECHRZQLDZZSonEihfgcnzL0xLgJvfs7hzhNb0ncY04zD9f0o2B2zrylWtgs2WPcyuuWHZI/HzZX9I1w5IGwWNL8yqzHbOXpre3TkuzaLcM83aa/lexLY+y5Z+P51mPZ488VVxzvTDYvTA0u4i3tujmL27M1vCnoWc2a8/rVse96x+rmi39+6Fml1b3p71Y0R6h+fS078UsaX4HZvz/v1LafOgQ2P4oMGFd3Ku2VIXx42fUZj9aml4bz8B/dPetAUXx8aG4pm51x15bhw7bq/+KcBdCBAgQIAAAQIECBAgUIYCgs0yHBQlEeiuwKQFF0Z9WjadHYUtZbJZmduWmzdNz8zerdl0tFwR3VGw2d0anL9DIAsyr08bOP3qxT/FyBQuZku3OzqywGrJmhfTrt8j0wy8yTGhdljaeGhwYfOhkenrsPQ1+3PWVva97PfNy8AHDBhQeHdqy+Oaa66Jt7zlLYakggRsHlRBg6krBAgQIECAAAECBAj0moBgs9coNUSgdAJ7Lrwk1qbNcVoeU4eMSDuCr0u5ZhZxtlwaviMEu33uh+KgtGO3I78C2fi2PgSb+R3P9iq3eVDljakeESBAgAABAgQIECCw6wKCzV031AKBkgucfPd3477VLxTVcdH+r4+rn/t9Wia9vGnu5rb8q3lzoMIy5nmfK3ntCtg1gbaCze9///vx/ve/f9cadnVZCeybdkVfUZd2Rd+eYzeGzYPKaogUQ4AAAQIECBAgQIBACQQEmyVAd0sCvS3wtT/fFhc/vqio2Q/uOSeycPNHz/4+/uuFB2P55nVpp+/GwnsZT06b9nxkxmtj6uCRvV2K9vpZoK2l6D/4wQ/ivPPO6+dK3K4vBaak9+hu3v4e3aY7/edh74rXTZrZl7fVNgECBAgQIECAAAECBMpaQLBZ1sOjOAJdE8h26v7Ag9cUnZztOP7fh7+raw04K7cCw4YNi02bindFf+CBB2L27Nm57ZPCdxaYsfBrsbq+eJz/Yd+T4+/2PhYXAQIECBAgQIAAAQIEqlZAsFm1Q6/jlSRw/5oX4qS7vlt4l2bT0Rh7DB0bfzj+byupm/rShsCb3/zm+NWvfrX9kxEjRsS6detYVZjAW+/9Sdzy0p9b/IRHnDl5//jJoW+vsJ7qDgECBAgQIECAAAECBLouINjsupUzCZStwJq0cdCeN3+1sFHQ9mgzpZwvve5LMbCNzWXKtiMK67ZAQ0NDfO9734sbbrghDj744PjIRz4SU6dO7XY7LihvgVtffjLe9LsfF71jc8iAQbHslC+Ud+GqI0CAAAECBAgQIECAQB8KCDb7EFfTBPpTYOL8C9I7NBuKbnnjUe+POWOm92cZ7kWAQB8IbGqoj6kLLtqxd9C2e/z0sHfGaZP27YM7apIAAQIECBAgQIAAAQLlLyDYLP8xUiGBLgnsfcvXYtWW4nfwXTn7bfGWqQd26XonESBQ3gJ73/L19DO+sajI9+3xmvjmAW8o78JVR4AAAQIECBAgQIAAgT4SEGz2EaxmCfS3wFvSO/gWtXgHX3b/bx14Rpw3/Yj+LsX9CBDoA4FP/umGuPK5ewotN79Pd/jAQfH8vM/3wd00SYAAAQIECBAgQIAAgfIXEGyW/xipkECXBP7xsZvj20/eUXTuJ9KOyV9OOyc7CBDIv8Czm1bHwbd9O2pSqtmYXqfb/Ebd+emVE6/xyon8D7AeECBAgAABAgQIECDQbQHBZrfJXECgPAWufPae+ORDNxQVd/bUg+J7s99angWrigCBbgvsdvNFsWlrfdF11xxxTpw0YZ9ut+UCAgQIECBAgAABAgQI5F1AsJn3EVQ/gW0CC1Y+Hn/x+/8o8jgyzeK6Kc3mchAgUBkCey68JNbW123vTGNjYyw+5sNxwMhJldFBvSBAgAABAgQIECBAgEA3BASb3cByKoFyFnh0/co46o7L07v3srfvZYtUG2Ni7Yh4/KS/L+ey1UaAQDcEpsy/MOoasxmbTQvRs///2eHvjnkTX9WNVpxKgAABAgQIECBAgACByhAQbFbGOOoFgdjYUB+7Lbho+3v3MpIs4lx56hdjUM0AQgQIVIBAWzujf2HmSfH3+xxXAb3TBQIECBAgQIAAAQIECHRPQLDZPS9nEyhrgYnzL4itjQ1FNd6YlqLPsbFIWY+b4gh0VeBd9/00/mfFo9tPz/7x4tSJM+O/D39XV5twHgECBAgQIECAAAECBCpGQLBZMUOpIwQi9r7la7Fqy6Yiih8e8rZ405QD8RAgUAECD61fEUfffsWOLdHTvOwhNYPimXmfjSEDBlZAD3WBAAECBAgQIECAAAECXRcQbHbdypkEyl7grHuuiv99+amiOr+6/+vjg3vOKfvaFUiAQNcEZt36rXi+bm3RydmMzVPSzE0HAQIECBAgQIAAAQIEqklAsFlNo62vFS/w9T/fFhc9vqion1momYWbDgIEKkPgE3/6dfzwuXuLOnPO7ofGZbPOqowO6gUBAgQIECBAgAABAgS6KCDY7CKU0wjkQeDnLy6JDzx4TVGp2Swu79/Lw+ipkUDXBG5Y/ki8+/7/LDp5+IDaWHrK57rWgLMIECBAgAABAgQIECBQIQKCzQoZSN0gkAncv+aFOOmu7xZh7DN8fNx77EcBESBQIQLrt26J3W++KGrSfy2PG496X9oobI8K6aVuECBAgAABAgQIECBAoHMBwWbnRs4gkBuBNfV1sdfCS4rqHZDCj+WnfjEG1hSHILnplEIJENhJYJ+FX49X6jcWff9zM0+MT+9zPC0CBAgQIECAAAECBAhUjYBgs2qGWkerRWDmLf8cL23ZUNTd3x/3sdh72LhqIdBPAhUv8LE/Xhc/WXrf9n42pt+9deqsuHL22RXfdx0kQIAAAQIECBAgQIBAs4Bg07NAoMIETvvtlfHbVc8V9cqOyRU2yLpT9QK3vfxknPW7HxcWozcW/i9iypAR8ciJnyw7myx0NV+87IZFQQQIECBAgAABAgQqQkCwWRHDqBMEdgicv+SX8dPnHywiyXZFz3ZHdxAgUBkCmxrqY/rNF8fWxiw23HHcfcyHY78REyujk3pBgAABAgQIECBAgACBTgQEmx4RAhUm8PU/3xYXPb6oqFdZqJmFmw4CBCpH4A2//WEsXvVMUYe+ccAb4v17vKZyOqknBAgQIECAAAECBAgQ6EBAsOnxIFBhAj9/cUl84MFrinp1ysSZkS1HdxAgUDkC2T9gZP+Q0fI4bdJ+8dPD3lE5ndST/5+9Ow+sorr7P/69WYGQQIBAQgj7IgaQRVZZREBt61qr1dqKFWqLj/RxaWtVfNpfEUGtlmpbtWpbW+vSuhXUqgkQQAiiLCKbAipLICQsSSD7cn/n3JuEDATIdu+dmfMeGgPJzJnzfZ1J//jkzDkIIIAAAggggAACCCCAAMEmzwAC5ghsLDggk9c8q5fcqz680rtNR1k//nZzEKgUAQME9DqbV37yD0ulUWHhcnDq/QZUT4kIIIAAAggggAACCCCAgFrP36sOIBBAwD0CBRWl0n3pw6ogr9qww79lh/4hPzztAQn3sIWHe0aaSkwX0OtsJqY/dMrGPOmjZ8qIdl1N56F+BBBAAAEEEEAAAQQQMECAYNOAQaZE8wQ6pz2NdrNpAAAgAElEQVQo5d4qS+FLxsyU4XGEHeY9DVTsZoFeyx6VvPJiS4m/T71cbkoe5uayqQ0BBBBAAAEEEEAAAQQQ8AkQbPIgIOBCgZQlD8vxylJLZYtH3izj47u7sFpKQsBcgR9s/Je8nbPdB1Dz+sWcvpPlZ70nmItC5QgggAACCCCAAAIIIGCMAMGmMUNNoSYJDFv5pHxdfNRS8upxs2Rg2wSTGKgVAdcL/G3fOrlj6zvqt5Qq2FQrTejFJq5OTJW/DLnG9bVTIAIIIIAAAggggAACCCBAsMkzgIALBcauekq2F+YSbLpwbCkJgboCa/P2ySVr/2JBGRDTSdZccBtQCCCAAAIIIIAAAggggIDrBQg2XT/EFGiiAMGmiaNOzSYKFFaWS7cl8y2l61mb2dPulyhPuIkk1IwAAggggAACCCCAAAIGCRBsGjTYlGqOAMGmOWNNpQict/IJ2VOcZ4FYMfZWGRybCA4CCCCAAAIIIIAAAggg4GoBgk1XDy/FmSqgg81thTm+8vXsLa/6byZrbJr6OFC3ywW+t+EV+W/uF5Yqnxp0lVzfdYjLK6c8BBBAAAEEEEAAAQQQMF2AYNP0J4D6XSnQP+MxyS0rrK3NqzYWybyAzYNcOdgUZbzAgzuXyWNfrrQ4zO45Tn7Tf6rxNgAggAACCCCAAAIIIICAuwUINt09vlRnqEBi+jwprao8EWyqOZtvjrhJJnfsZagIZSPgXoE3srfIjE2vWwqc0rGPvDbiRvcWTWUIIIAAAggggAACCCCAgBIg2OQxQMCFAt2WLJDCyjJLZX8efLVcmzTYhdVSEgJmC2wvzBW9/ETdIyk6VrZOutNsGKpHAAEEEEAAAQQQQAAB1wsQbLp+iCnQRIGL1/5FPs7bZyn9//pdJHf2Gm8iBzUj4GqBKjUjOzFtnpR7qyx1fnXRL6R9RCtX105xCCCAAAIIIIAAAgggYLYAwabZ40/1LhV4fu8n8rNt71qqu6HrefKnQVe6tGLKQsBsgYmZz8hnxw5aEN4eOV0uiO9hNgzVI4AAAggggAACCCCAgKsFCDZdPbwUZ6rAh0e+lss/+buax6UP/38HxXaRD8f+xFQS6kbA1QI/+ewtefXAJkuND59zqdzafZSr66Y4BBBAAAEEEEAAAQQQMFuAYNPs8ad6lwocLDsuA9TO6B71p+bweDySO3WOhKvPHAgg4C6BJ75eLb/6It1S1PRuw2XhuZe5q1CqQQABBBBAAAEEEEAAAQTqCBBs8jgg4FKBTmkPSuVJa+69N+qHMrp9iksrpiwEzBVIP7RTrl3/kgVgSGySLB/7I3NRqBwBBBBAAAEEEEAAAQRcL0Cw6fohpkBTBXote1Tyyost5T8/5Nvy7cRBppJQNwKuFdhfekxSl//OUp+enX1o2gOurZnCEEAAAQQQQAABBBBAAAGCTZ4BBFwqcKVaY3OFWmuz7qE3D9KbCHEggID7BDqmzZUqr39N3Zpj2ZhbZWhcovuKpSIEEEAAAQQQQAABBBBAQAkQbPIYIOBSgV9uf0+e2bPWUt19fS+Un/ee6NKKKQsBswX6LfutHCovsiA8kXq5/CB5mNkwVI8AAggggAACCCCAAAKuFSDYdO3QUpjpAk+qzUT+76TNRG7uNkJ+d+63TKehfgRcKfCjTW/Iv7M3124Z5hWv3Nd3svyCX2a4crwpCgEEEEAAAQQQQAABBJixyTOAgGsFXlcBx0wVdNQ9pnXqK/8a/j3X1kxhCJgs8GLWBrl982JFoF9H94haYlOu6DJQXjjvWpNZqB0BBBBAAAEEEEAAAQRcLMCMTRcPLqWZLbAmb698Y+1fLQipbTvLh+N+YjYM1SPgUoGNBQdk8ppnLdX1btNB1o2/3aUVUxYCCCCAAAIIIIAAAgiYLkCwafoTQP2uFdhbki9DVvzeN3fLf3ilXURr2X3RL1xbM4UhYLJAmbdSEtPm1fmZ92scnHa/RHnCTaahdgQQQAABBBBAAAEEEHCpAMGmSweWshCo8FZJp7QHfYGmeim1Otr0yv4p90mb8EiAEEDAhQKjV/1Jvig8ZKksbfQMOb9dsgurpSQEEEAAAQQQQAABBBAwXYBg0/QngPpdLdAlfZ6UVVVaakxXIccIQg5XjzvFmStwy6bX5c3sLRaAhedeJtO7DTcXhcoRQAABBBBAAAEEEEDAtQIEm64dWgpDQKTbkgVSWFlmoXh/1C0yqn03eBBAwIUCj3/1oczdsdRS2cyUkfLowG+4sFpKQgABBBBAAAEEEEAAAdMFCDZNfwKo39UCg5YvlKzSAkuNq8fNkoFtE1xdN8UhYKrA+7k75PoNL1vKHx7XVZaMmWkqCXUjgAACCCCAAAIIIICAiwUINl08uJSGwNhVT8n2wlyCTR4FBAwRyCopkEErFlqqDfd45NC0BwwRoEwEEEAAAQQQQAABBBAwSYBg06TRplbjBHSwua022NT7o3skkxmbxj0HFGyWQMe0uVLl1T/vJ45lY26VoXGJZkFQLQIIIIAAAggggAACCLhegGDT9UNMgSYLpPpeRc+37IqeOe42XkU3+aGgdtcL9Mt4TA6VFVrqfCL1cvlB8jDX106BCCCAAAIIIIAAAgggYJYAwaZZ4021hgkkL5kvRZXllqoXjZwuE+J7GCZBuQiYI/Cjz96Ufx/4TP1Cw3/ouZv39b1QftF7ojkIVIoAAggggAACCCCAAAJGCBBsGjHMFGmqQNf0+VJcZQ02F6tgczzBpqmPBHUbIPBi1ga5ffPi6kjTI2qJTbmiy0B54bxrDaieEhFAAAEEEEAAAQQQQMAkAYJNk0abWo0TGJDxuOSUHbfUza7oxj0GFGyYwMaCAzJ5zbOWqnu36SDrxt9umATlIoAAAggggAACCCCAgNsFCDbdPsLUZ7QAu6IbPfwUb6hAmbdSEtPm+V5Br3scnHa/RHnCDVWhbAQQQAABBBBAAAEEEHCjAMGmG0eVmhCoFiDY5FFAwEyB0av+JF8UHrIUnzZ6hpzfLtlMEKpGAAEEEEAAAQQQQAABVwoQbLpyWCkKAb8AwSZPAgJmCtyy6XV5M3uLpfiF514m07sNNxOEqhFAAAEEEEAAAQQQQMCVAgSbrhxWikKAYJNnAAGTBR7/6kOZu2OphWBmykh5dOA3TGahdgQQQAABBBBAAAEEEHCZAMGmywaUchCoK6BnbG4rzK3+kl5xzyOZ42bJwLYJQCGAgIsF3s/dIddveNlS4bC4rrJ0zEwXV01pCCCAAAIIIIAAAgggYJoAwaZpI069RgmkLl8oWaX5Ks70+Or2qj+Z424j2DTqKaBYEwWySgpk0IqFltLDPB45PO0BEzmoGQEEEEAAAQQQQAABBFwqQLDp0oGlLAS0QPKS+VJUWW7BWDRyukyI7wEQAgi4XKBT2lyp9Fr3Rl8y5kcyPC7J5ZVTHgIIIIAAAggggAACCJgiQLBpykhTp5ECXdPnS3GVNdhcrILN8QSbRj4PFG2WQJ+MR+VIWbGl6D8PvlquTRpsFgTVIoAAAggggAACCCCAgGsFCDZdO7QUhoDIgIzHJafsuIViNWts8mggYITAtetfkrRDO6sXotBLUYg8NvCbMiPlfCPqp0gEEEAAAQQQQAABBBBwvwDBpvvHmAoNFtCbB22v3TzID0GwafADQelGCczbuUwe3bVS1ezfOEwtsSm39xwrc/tPM8qBYhFAAAEEEEAAAQQQQMC9AgSb7h1bKkNACDZ5CBAwV+CfWRvl9i2LLACXdT5H/jH0OnNRqBwBBBBAAAEEEEAAAQRcJUCw6arhpBgErAI62NxWO2PTP2srk1fReUwQMEJg1dHdctnHL1hqHRzbRVaM/bER9VMkAggggAACCCCAAAIIuF+AYNP9Y0yFBgukLl8oWaX5+iVUn4JX/ckcd5sMbJtgsAqlI2CGQFZJgQxasdBSbHRYuGRPvd8MAKpEAAEEEEAAAQQQQAAB1wsQbLp+iCnQZIHkJfOlqNK6K/oitSv6BHZFN/mxoHaDBDp+MFeqfGtsnjh2Tf65dIhsbZACpSKAAAIIIIAAAggggIBbBQg23Tqy1IWAEuiaPl+Kq6zB5mIVbI4n2OT5QMAIgZEf/lF2Fh221Jo+eoaMaJdsRP0UiQACCCCAAAIIIIAAAu4WINh09/hSneECAzIel5yy4xYFdkU3/KGgfKMErl3/kqQf2mmp+bkh35ZrEgcZ5UCxCCCAAAIIIIAAAggg4E4Bgk13jitVIeATYFd0HgQEzBb4+bb/ynN7P7YgzOk7We7uPcFsGKpHAAEEEEAAAQQQQAABVwgQbLpiGCkCgfoFCDZ5MhAwW+CPuzNlzudpFoTvJw+TJ1MvNxuG6hFAAAEEEEAAAQQQQMAVAgSbrhhGikCAYJNnAAEEThV4J2e7fH/jvyzfGN+hpyw+/ya4EEAAAQQQQAABBBBAAAHHCxBsOn4IKQCB0wswY5OnAwGzBbYcz5Hxq5+2IHSNjpMtk+4wG4bqEUAAAQQQQAABBBBAwBUCBJuuGEaKQKB+AYJNngwEzBYoqaqQpPSHTkE4NO0BCfd4zMahegQQQAABBBBAAAEEEHC8AMGm44eQAhA4vYAONrcV5laf4FWfPZI5bpYMbJsAGwIIGCLQKW2uVHr1z/+JY8noGTK8XbIhApSJAAIIIIAAAggggAACbhUg2HTryFIXAkogdflCySrNV3Gmf2aWV/3JHHcbwSZPBwIGCfRa9ojklZdYKv5T6pVyQ/J5BilQKgIIIIAAAggggAACCLhRgGDTjaNKTQhUCyQvmS9FleUWj0Ujp8uE+B4YIYCAIQLfWf9PWXJoV221evLmz/pMkDl9JxsiQJkIIIAAAggggAACCCDgVgGCTbeOLHUhoAS6ps+X4iprsLlYBZvjCTZ5PhAwRuDFrA1y++ZF/nrV5G09g3tKxz7y2ogbjTGgUAQQQAABBBBAAAEEEHCnAMGmO8eVqhDwCQzIeFxyyo5bNFazxiZPBwJGCWw+dlAmZD5jqTkuIlp2X3SPUQ4UiwACCCCAAAIIIIAAAu4TINh035hSEQK1AuyKzsOAAAJVam3dLmnzpMJbZcH4bOId0q1VHEAIIIAAAggggAACCCCAgGMFCDYdO3R0HIGzC7Ar+tmNOMM9Ajq2C3NPOS1ayZQ1z8n6gv2WNv8x9Dq5rPM5LXofGkMAAQQQQAABBBBAAAEEgilAsBlMbe6FQJAF2BU9yODcDgGbCvxs27vy/N5PLL27uzcbCNl0uOgWAggggAACCCCAAAIINFCAYLOBUJyGgBMF2BXdiaNGnxFoeQG9gdDsLYstDY+L7y7vjLy55W9GiwgggAACCCCAAAIIIIBAkAQINoMEzW0QCIUAu6KHQp17ImA/gfo2EIrwhEnutDn26yw9QgABBBBAAAEEEEAAAQQaKECw2UAoTkPAiQLsiu7EUaPPCLS8gN5AqNMHc9V/rUfG2FvlvNjElr8hLSKAAAIIIIAAAggggAACQRAg2AwCMrdAIFQCbB4UKnnui4D9BLovfViOVZRaOvbU4Kvk+qQh9ussPUIAAQQQQAABBBBAAAEEGiBAsNkAJE5BwKkCbB7k1JGj3wi0vMCVn/xdVhz5urZhPXvz4XMulR93H9XyN6NFBBBAAAEEEEAAAQQQQCAIAgSbQUDmFgiESoDNg0Ilz30RsJ/Ao1+ukHk7lvk75vGIR33SoeYCFW5yIIAAAggggAACCCCAAAJOFCDYdOKo0WcEGijA5kENhOI0BAwQeD17s8zc9Ial0qmd+sq/h3/PgOopEQEEEEAAAQQQQAABBNwoQLDpxlGlJgSqBdg8iEcBAQRqBDYWHJDJa561gPRu00HWjb8dJAQQQAABBBBAAAEEEEDAkQIEm44cNjqNQMME9OZB2wtzLSevHjdLBrZNaFgDnIUAAq4ROFZZJt2XLLDUE6ZeSM+ZNkfC1avpHAgggAACCCCAAAIIIICA0wQINp02YvQXgUYIEGw2AotTETBAoO+y38rh8iJLpesnzJZereMNqJ4SEUAAAQQQQAABBBBAwG0CBJtuG1HqQaCOAMEmjwMCCNQVuGTtX2Rt3j4Lil5jU6+1yYEAAggggAACCCCAAAIIOE2AYNNpI0Z/EWiEAMFmI7A4FQEDBGZtfkte2b/JUqneFV3vjs6BAAIIIIAAAggggAACCDhNgGDTaSNGfxFohADBZiOwOBUBAwQe/XKFPLQzw1KpDjV1uMmBAAIIIIAAAggggAACCDhNgGDTaSNGfxFohIAONrfVbh7kVVd6JJPNgxohyKkIuEvg9ezNMnPTG5ai9Gvo+nV0DgQQQAABBBBAAAEEEEDAaQIEm04bMfqLQCMEUpcvlKzSfBVn+nc89qo/meNuY1f0RhhyKgJuEthYcEAmr3nWUlLvNh1k3fjb3VQmtSCAAAIIIIAAAggggIAhAgSbhgw0ZZopkLxkvhRVlluKXzRyukyI72EmCFUjYLjAscoy6b5kgUUhTP3iI2faHAn3+H8BwoEAAggggAACCCCAAAIIOEWAYNMpI0U/EWiCQNf0+VJcZQ02F6tgczzBZhM0uQQBdwj0XfZbOVxeZClm/YTZ0qt1vDsKpAoEEEAAAQQQQAABBBAwRoBg05ihplATBQZkPC45Zcctpa9mjU0THwVqRqBW4JK1f5G1efssInqNTb3WJgcCCCCAAAIIIIAAAggg4CQBgk0njRZ9RaCRAuyK3kgwTkfAAIFZm9+SV/ZvslSqd0XXu6NzIIAAAggggAACCCCAAAJOEiDYdNJo0VcEGinAruiNBON0BAwQePTLFfLQzgxLpTrU1OEmBwIIIIAAAggggAACCCDgJAGCTSeNFn1FoJEC7IreSDBOR8AAgdezN8vMTW9YKtWvoevX0TkQQAABBBBAAAEEEEAAAScJEGw6abToKwKNFGBX9EaCcToCBghsLDggk9c8a6m0e+v28umEnxpQPSUigAACCCCAAAIIIICAmwQINt00mtSCwEkC7IrOI4EAAicLHKssk+5LFpwCc2jaAxLu8QCGAAIIIIAAAggggAACCDhGgGDTMUNFRxFovAC7ojfejCsQMEGgU9pcqfR6LaWmj54hI9olm1A+NSKAAAIIIIAAAggggIBLBAg2XTKQlIFAfQLsis5zgQAC9Qn0WfaoHCkvtnzr6UFXy3e7DgYMAQQQQAABBBBAAAEEEHCMAMGmY4aKjiLQeAGCzcabcQUCJgj8YOO/ZPHB7VLz5rlXzd78df+pckevC0wonxoRQAABBBBAAAEEEEDAJQIEmy4ZSMpAoD4Bgk2eCwQQqE/gmT1r5Z5t74n4ltT0qk8eub7rEHlq0FWAIYAAAggggAACCCCAAAKOESDYdMxQ0VEEGi9AsNl4M65AwASBFUe+kis/+Yel1PPikiRjzI9MKJ8aEUAAAQQQQAABBBBAwCUCBJsuGUjKQKA+AR1sbivMrf6W3ijEI5njZsnAtgmAIYCAwQI5ZYUyIOMxi0CkJ0xyps0xWIXSEUAAAQQQQAABBBBAwGkCBJtOGzH6i0AjBFKXL5Ss0nzfa6b68Ko/meNuI9hshCGnIuBWgV5LH5G8ihJLeRsn/FR6tG7v1pKpCwEEEEAAAQQQQAABBFwmQLDpsgGlHATqCiQvmS9FleUWlEUjp8uE+B5AIYCA4QLfXPs3yczbY1F4edj1cmlCf8NlKB8BBBBAAAEEEEAAAQScIkCw6ZSRop8INEGga/p8Ka6yBpuLVbA5nmCzCZpcgoC7BO7a+o78dd86S1G/6jeFndHdNcxUgwACCCCAAAIIIICAqwUINl09vBRnusCAjMflYNnxagbW2DT9eaB+BOoK6J3Rf7ld7Yxe52BndJ4RBBBAAAEEEEAAAQQQcJIAwaaTRou+ItBIAdbYbCQYpyNgkEB9O6MPjO0sq8f+xCAFSkUAAQQQQAABBBBAAAEnCxBsOnn06DsCZxFgjU0eEQQQOJ1AfTuj623Gjlz8f6AhgAACCCCAAAIIIIAAAo4QINh0xDDRSQSaJsAam01z4yoETBHo+MFcqRK9TMWJY9mYH8nQuCRTCKgTAQQQQAABBBBAAAEEHCxAsOngwaPrCJxNgDU2zybE9xEwW6D3skflaHmxBeEPgy6XG7sOMxuG6hFAAAEEEEAAAQQQQMARAgSbjhgmOolA0wRYY7NpblyFgCkCN3/6b3nr4DbRr6DrQ8/d/FnvCTKn72RTCKgTAQQQQAABBBBAAAEEHCxAsOngwaPrCJxNgDU2zybE9xEwW+DFrA1y++bF/khTpZse9Wd8fE9ZPPIms2GoHgEEEEAAAQQQQAABBBwhQLDpiGGikwg0TYA1NpvmxlUImCKw+dhBmZD5jKXcCE+Y5E6bYwoBdSKAAAIIIIAAAggggICDBQg2HTx4dB2BswnoNTZzyo5bTls9bpYMbJtwtkv5PgIIGCCgNw7SGwidfDw35Bq5JjHVAAFKRAABBBBAAAEEEEAAAScLEGw6efToOwJnERi76inZXphLsMmTggACpxXosewRKSgvsXw/LiJadl90D2oIIIAAAggggAACCCCAgK0FCDZtPTx0DoHmCehgc1ttsKm3BfFIJjM2m4fK1Qi4TGDezmXy2y9X1lbl/38KkW8nnSvPDv6OhLmsXspBAAEEEEAAAQQQQAAB9wgQbLpnLKkEgVME2BWdhwKBhgtUer2SXXrM93Gw9LisK9gvG/KzpENUG+nVpoOEV+8dnlNWKF8XHZGOUTHSR3395OPk79f9d6yaCdmYa3XbZ7tffefUd019/QgPC5eKqkpZdmiXvwyP3j7If1Qpj+TWcbJ14p0NR+RMBBBAAAEEEEAAAQQQQCCIAgSbQcTmVggEW4Bd0YMtzv3sLFBUWe5bmuGt7C2y4sjXUqoCvY5RrX2vYR9QYeahsqLa7utZi3qn8BMxn/9bp/t6zYUnf7/uvxt7bUPuV9859d2nvn7452XWzM/Uf1X1qmDTW1ulf5f0D8f9WAa17WLnoaVvCCCAAAIIIIAAAgggYKgAwaahA0/ZZgjoXdGLqsqri/UHGG+PnC7j43uYAUCVRgrUBJj/OrBJPjyyWwoqSn2zEnV4qUO7k8NKI5FOKtofZqqgU4WbetamPvwRp0f+PvQ6uaLzOTAhgAACCCCAAAIIIIAAArYTINi03ZDQIQRaTqDH0kckv6K4NsjRMUXmuNvYFb3liGmpGQI6cMxVr3XnlB2X3NJC2XDsgGzKPyDxahZlY1793lF4WLJK8n0zMA+r9vaqv1tmItbpo7d6VmIzuu3KS30zOnWoqcNNX67pn+Op/8GMTVcOOUUhgAACCCCAAAIIIOAKAYJNVwwjRSBQvwCvovNktKRASVWFL4g8ol7ZPlJeLIfLi2TzsYPyWUG2bx3KHq3bS4THutXM7uI82aeCxmi1lmO0J0IO+kLM4751I3V7NUdTX/0+XYB5urrrTEg8C02dV7QtZ57u63UrqVmlsiYgrPl3Y689+frTVuULIE8c9d2n7tdq/l73c3WU6fuSmqtZDdUmPFIOTLm3JR8j2kIAAQQQQAABBBBAAAEEWkyAYLPFKGkIAfsJ6FfRi2tfRff3bzGvottvoELYozJvpewtzlcfebLk8C5ZpV7dLvdWSVKrWCmtrJCjKrw8rIJMHWLqGZF1j4asGVk3bgtmmaeNJeuZsRmmQsHO0THSNTpOfW4ridGxkqjqL64oVwFukVQoj66t4nyhrW43q6RA9quwVoe53VWYG+UJry3t5O+nqO/r2aj6/Hh1fqRqI0cFuw25Vrcdqdo+0/30jc90z5r71G2nph96gyR9rd4kSK+tmVdWLMfULFr9tZiISJncqY/8T48xkhjVNphDx70QQAABBBBAAAEEEEAAgQYLEGw2mIoTEXCewICMx32v+dY9Vo+bxavozhvKU3pcpeInvdnNITXzUQePeiblZ8eyZZOaPel7lbu12sW7eq3Emot3qZ28dcCm15gsV4HmHhVmZqtwyx+Otfzak2ebn9gSw3CmeZW6/RPBqlftYN5RzmnbWdpHtvJ9fWqnvjImvrt0VsFdqALYljCgDQQQQAABBBBAAAEEEEDAVAGCTVNHnrqNEBi76inZpnaB9h/+CCiTYDPkY39UvcatZ+Flq81sPsrfJ8sPfelL4IbGdZUOka1r+6fXitThY6uwCGmtXgnW60fqAFMHmrqNusdZZ0+eZW3J0K892bRXv0+sBFnzlHulb3WAqWc8FlSUyMUJ/eTShP6WmZUhfwjoAAIIIIAAAggggAACCCCAQLMFCDabTUgDCNhXIHX5Qskq9c/Q80ebbB4UjNGq2ZX7zewtsuLwV1KqZkfGRUT71qbcrwLN4uq1Jc8URrZE0KjbKFu+WcqXbhJpEy3hXTv4Xjn2tI+RyAnnSlj7E68YN23G5pnnZJ4tbNWvgHdSr2fr178T1KzJMNW3cvW6ezs1o7J/TKcGvfqtx7NQvTL+hQrwL+zUW77bdYh0iDgRDgdjvLkHAggggAACCNhMoEr1x7rst806SHcQQAABBFpKgGCzpSRpBwEbCrB5UGAGpVIFhnq2pf7Q6xSmH94pW4/l+DbD0eGlnmnZtKDwRH9b4jXuoifflrK3P64XwdO2lcQ+fZuEJbSrDb31X2pC8Pou0vF4h8g2an3I1tIpMsb3yntFlVfVXe57vbtfdRhZ91odOm45nu1bo3JU+xTpqWZRdoyKkS4qyOyoQk1eAQ/MM0qrCCCAAAIIIIAAAggggIAJAgSbJowyNRoroDcPKqrdPMgflb3N5kFnfR4OqMDyS7Ue5bs5n8uqo7t9m+Z0VCFeQXmJ6O/pV8HPFkG2RDB51o5aTjj1jvnXzBfv8ZLTNhM/+woZdMM3JaVVe+nRpr3Eq5mOu0uO+tac1OtR6o1nOqogUweQ+hX59uqDILJxo8LZCCCAAAIIIIAAAggggAACgRMg2AycLS0jECJ2MPQAACAASURBVHKBHksfkfyKYuNeRS9QOzvrtSj1xkl6R+oNxw7IpvwD/k112qhNderEc1+pAFPvCl7p8Upheal8VXxU9KvkzZ5xqXLGk/buqed5OH38ebbXuHVjMWrdzZrZj7o2NZFUhbAVtbMn5w75ppQVnz7YfPPNN+Wqq64K+XNKBxBAAAEEEEAAAQQQQAABBBBoigDBZlPUuAYBhwi48VX0mtmU7+V+ISuPfO1bk1HPMDxWqcJM9Vp4jgo09SvhNccZ17FUJ51uBmJD17hszJY30WHh0jU6TpJbt5Pk6s+llRUqfC7xrSvZNjzK8mTpgFW/xp0UFScj2idLD/Uat34VXM+g7KLWpYzyhJ/xSUxJSZF9+/bVe07fvn1l69atEhkZ6ZCnmW4igAACCCCAAAIIIIAAAgggYBUg2OSJQMDFAvpV9OLaV9H9hS626avoVWqOpH7F+5AKJg+rz3rG5Wr1GvjW4zmi17Q8rmZhfl07m/L0gWRjhvNMr4vr2Y9nn3Hp32teHzUBqZ7pWbMrd7wKK/UxVe3KPT6+h++17mAe9QWbs2bNkqlTp8qVV14p4eFnDkaD2VfuhQACCCCAAAIIIIAAAggggEBjBQg2GyvG+Qg4SGBAxuNyUL2O7T/8MV7muFkysG1C0Ko4Wl4sWWoncL3RTsaRr3xhZZmapdi5VayUqhmJOsDUgaY+r+5xxtDRV0nzjzPNyqzve3oX787RMb5Zl3on78ToWElSdbQJi5LdKnQdHNtFrkxKlXbh0c3vXAu0EBMTI0VFddcDFcnIyJBJkya1QOs0gQACCCCAAAIIIIAAAggggEBoBQg2Q+vP3REIqEDq8oWSVZofsDU2y7yVvvUp9xbnyfu5O2TN0T1S7K2Q2IhoOarCyv0q0Cyufi28oa9214C03OY7Z1nH8qSZmXq37r4xHaVnm3hpHRYh5d4qmdqpj4xUO3rrV95bIlAN6KDXaZxgM1jS3AcBBBBAAAEEEEAAAQQQQCAUAgSboVDnnggESUCvsVmoZkX6D3/Ap19Fn6Bei27IUTe4/K9a0/KjvD1SVFEurSMiJUetZ5mtPvwte2vD09O129ig8oyzKavv6jlNzKhnVnZS61DqWZUJKowMU++U67U49TqW/WM6SYQnrLabhaqeHUW5Mqljb/lO0mBJCPLr4g0Zh6aek5SUJNnZ2ZbLN2/eLKmpqU1tkusQQAABBBBAAAEEEEAAAQQQsI0AwaZthoKOINDyAp3T5kmZmkFZEwDqAPLtkTf71nuse+hdxBfsypClh3f58s+YiCjfbMva4FItOOk5w4KTjQ0tG1Kpb+3KM8ymTIyKlX0leb5XwQe27aJeC29bu0O43lzHSTMrG+LRlHMGDRokW7ZsIdhsCh7XIIAAAggggAACCCCAAAII2F6AYNP2Q0QHEWi6gD/YrKxu4MSMzSNqPctXsjaKDjT12pdfFh05403OFlw2ZKOdM+1OXnPzmPDI2nCyQ1RriQmLlvzKYrlABbE3p5wv8RH+zXg4GiZAsNkwJ85CAAEEEEAAAQQQQAABBBBwpgDBpjPHjV4j0CCBk2ds6p3HU9UGN1uPHbS8On7W4FLd7UwzIOu7Pjos3LfJTnLrdpKsPndTn9uqmaBfFh2WxKg46aXWsOyiZll2UK9+6xmW+u9RHnbpbtDANvAkgs0GQnEaAggggAACCCCAAAIIIICAIwUINh05bHQagYYJ1J2xqUNNHU7q19L157ph5NmDzVPX0IxTGwT1aN1eUlq1lx5t2ote17K4qlwu7tRfzm+fLB1dtFZlw7TtdxbBpv3GhB4hgAACCCCAAAIIIIAAAgi0nADBZstZ0hICthPQwWapWmOz5lVxHT7WhJh1N/ypb/Of+oPLCrmkUz8ZE99d9Pc57C1AsGnv8aF3CCCAAAIIIIAAAggggAACzRMg2GyeH1cjYGuBTmkPSkXtGpv+2Zo1czVP3nU8XH3vgo495Addh8nFCf0JLm09sg3rHMFmw5w4CwEEEEAAAQQQQAABBBBAwJkCBJvOHDd6jUCDBDp+MFf0K+j6T80O4/7dxqtXzPR41SvkYXJ/v8lya/dREhse1aB2OckZAgSbzhgneokAAggggAACCCCAAAIIINA0AYLNprlxFQKOEEhKf0hKqvSr6Cf2JK/peJuICJnVfYzc2mOU2synrSPqoZONEyDYbJwXZyOAAAIIIIAAAggggAACCDhLgGDTWeNFbxFolMCNG1+Rd3M+962x6d/XXG0C5PFIq7BI2TPlHon0hDWqPU52lkBKSors27fP0unNmzdLamqqswqhtwgggAACCCCAAAIIIIAAAgjUI0CwyWOBgIsFqlRtL+xdL/868Klklx6X6PAIGd4uWR4+51JeO3fxuNeUFhMTI0VFRZZKMzIyZNKkSQZUT4kIIIAAAggggAACCCCAAAJuFyDYdPsIUx8CCBgrQLBp7NBTOAIIIIAAAggggAACCCBghADBphHDTJEIIGCiQFJSkmRnZ1tK51V0E58EakYAAQQQQAABBBBAAAEE3ClAsOnOcaUqBBBAQNg8iIcAAQQQQAABBBBAAAEEEEDAzQIEm24eXWpDAAGjBdg8yOjhp3gEEEAAAQQQQAABBBBAwPUCBJuuH2IKRAABUwVYY9PUkaduBBBAAAEEEEAAAQQQQMAMAYJNM8aZKhFAwEABgk0DB52SEUAAAQQQQAABBBBAAAGDBAg2DRpsSkUAAbME2DzIrPGmWgQQQAABBBBAAAEEEEDANAGCTdNGnHoRQMAYATYPMmaoKRQBBBBAAAEEEEAAAQQQMFKAYNPIYadoBBAwQYDNg0wYZWpEAAEEEEAAAQQQQAABBMwVINg0d+ypHAEEXC7AGpsuH2DKQwABBBBAAAEEEEAAAQQMFyDYNPwBoHwEEHCvAMGme8eWyhBAAAEEEEAAAQQQQAABBEQINnkKEEAAAZcKsHmQSweWshBAAAEEEEAAAQQQQAABBHwCBJs8CAgggIBLBdg8yKUDS1kIIIAAAggggAACCCCAAAIEmzwDCCCAgJsFCDbdPLrUhgACCCCAAAIIIIAAAgggwIxNngEEEEDApQIEmy4dWMpCAAEEEEAAAQQQQAABBBDwCRBs8iAggAACLhUg2HTpwFIWAggggAACCCCAAAIIIIAAwSbPAAIIIOBmgZSUFNm3b5+lxM2bN0tqaqqby6Y2BBBAAAEEEEAAAQQQQAABQwSYsWnIQFMmAgiYJxATEyNFRUWWwjMyMmTSpEnmYVAxAggggAACCCCAAAIIIICA6wQINl03pBSEAAII+AUINnkSEEAAAQQQQAABBBBAAAEE3CxAsOnm0aU2BBAwWiApKUmys7MtBryKbvQjQfEIIIAAAggggAACCCCAgKsECDZdNZwUgwACCJwQYPMgngYEEEAAAQQQQAABBBBAAAE3CxBsunl0qQ0BBIwWINg0evgpHgEEEEAAAQQQQAABBBBwvQDBpuuHmAIRQMBUgcTERDl48KClfF5FN/VpoG4EEEAAAQQQQAABBBBAwH0CBJvuG1MqQgABBHwCbdq0keLiYotGZmamjBkzBiEEEEAAAQQQQAABBBBAAAEEHC9AsOn4IaQABBBAoH6BuLg4OXbsmOWbixcvlssuuwwyBBBAAAEEEEAAAQQQQAABBBwvQLDp+CGkAAQQQKB+gfrW2HzttdfkmmuugQwBBBBAAAEEEEAAAQQQQAABxwsQbDp+CCkAAQQQqF/gJz/5iTzzzDOWbz7xxBMye/ZsyBBAAAEEEEAAAQQQQAABBBBwvADBpuOHkAIQQACB+gV+85vfyK9+9SvLN++991556KGHIEMAAQQQQAABBBBAAAEEEEDA8QIEm44fQgpAAAEE6hd49tln5dZbb7V8c/r06fK3v/0NMgQQQAABBBBAAAEEEEAAAQQcL0Cw6fghpAAEEECgfoF33nnnlI2Cpk2bJh988AFkCCCAAAIIIIAAAggggAACCDhegGDT8UNIAQgggED9AuvXr5cRI0ZYvqk3FPrss88gQwABBBBAAAEEEEAAAQQQQMDxAgSbjh9CCkAAAQTqF8jOzpakpCTLN9u1ayd5eXmQIYAAAggggAACCCCAAAIIIOB4AYJNxw8hBSCAAAL1C3i9XgkLCzvlm2VlZRIZGQkbAggggAACCCCAAAIIIIAAAo4WINh09PDReQQQQODMAlFRUVJeXm45ae3atTJy5EjoEEAAAQQQQAABBBBAAAEEEHC0AMGmo4ePziOAAAJnFujYsaMcOXLEctILL7wgN910E3QIIIAAAggggAACCCCAAAIIOFqAYNPRw0fnEUAAgTMLXHLJJafsgr5gwQK55557oEMAAQQQQAABBBBAAAEEEEDA0QIEm44ePjqPAAIInFngySeflJ/+9KeWk/RsTT1rkwMBBBBAAAEEEEAAAQQQQAABJwsQbDp59Og7AgggcBaBpUuXypQpUyxnDR8+XNatW4cdAggggAACCCCAAAIIIIAAAo4WINh09PDReQQQQODMAgcPHpTExETLSR6PR6qqqqBDAAEEEEAAAQQQQAABBBBAwNECBJuOHj46jwACCJxdIDIyUioqKiwn6hmbeuYmBwIIIIAAAggggAACCCCAAAJOFSDYdOrI0W8EEECggQLt2rWTgoICy9kZGRkyadKkBrbAaQgggAACCCCAAAIIIIAAAgjYT4Bg035jQo8QQACBFhXo27ev7Nq1y9Lm5s2bJTU1tUXvQ2P2EPhPznb51/5PZXBcF/lF7wslzB7dohcIIIAAAggggAACCCCAQIsLEGy2OCkNIoAAAvYSGDRokGzZsoVg017DEpDeXLfhFfkg53Px6tY9Il1bxcm2iXcG5F40igACCCCAAAIIIIAAAgiEWoBgM9QjwP0RQACBAAsQbAYY2CbNnxxqVmeb8uG4n8igtl1s0ku6gQACCCCAAAIIIIAAAgi0nADBZstZ0hICCCBgS4GUlBTZt2+fpW+8im7LoWpSp/TszG9+/DdZfWSP+pv6l5qpWRNq6s8PnXOp3NZ9dJPa5iIEEEAAAQQQQAABBBBAwM4CBJt2Hh36hgACCLSAQExMjBQVFVlaYvOgFoC1QRNVKsi8aM1zsrHggMozveL1eny5ptfjexld/VvkwYEXy+zuY23QW7qAAAIIIIAAAggggAACCLSsAMFmy3rSGgKOFsgtK5TffbVKckqPy5x+k6Vn63hH10Pn/QLR0dFSVlZGsOmSB6LcWyVbjx2U93K/kKd2fyR5FcWqsupA07e6pn/KplelmirnlAXM2HTJyFMGAggggAACCCCAAAIInCxAsMkzgYDhAm+pHZTv2fqOHC4vlkoVmFQojwj10UuFmh+N/x+J9LCnstMfkaioKCkvLyfYdOBAHiw7LptViLlFfdR8/qLwkFSon9W6x4k4U7+M7v+Xns2p/9YxsrV8PfkXDqyeLiOAAAIIIIAAAggggAACZxYg2OQJQcBggfs+/0D+tDuzeq6XH0JHIVV6mT410yspOlauTRosD/SbIlEEnI59Ugg27T10pVWVsrv4qOwvKZDFOdvko7x9kqd+0XCsolQK1EdDDz1D06N+cKtqPqufZT13M0z9991RN8vY9t0b2hTnIYAAAggggAACCCCAAAKOECDYdMQw0UkEAiPQY+kjkq9eY/W/xHri0OGmb50+9aG/F65CzZToOIkMD/d9re7RKjxCElUAWlFVpdoqkYLyEjm/fbLc3Xui9GvTMTAdp9VGCUREREhlZaXlmldffVWuu+66RrXDyU0TOKJCyr3FebKvJF99zpc9vs8n/n243Lr+ac1d/D+H1p/NM/VAz9BsEx4pxyvKfb+Y0IGm/inWbfy/flPlp73GNa0ArkIAAQQQQAABBBBAAAEEbCpAsGnTgaFbCARDwBdsqtBFz/Kqe1jDS38wUjfsPF3fTpznP18Hnimt20vrsAgpU7PSdIAzNC5JHjv3MokLjwpGidxDCcTHx0teXp7FYsaMGfLcc8/h00wBHSZmqZmWOrDcW5Ln+/seFVrqf/uDzDwprtILPDTtqPuK+ZlaiImIkh+njPatjZuyZIEcryzzx5rVP8zf63ae/Cn1yqZ1gqsQQAABBBBAAAEEEEAAAZsKEGzadGDoFgLBEPj+xlfk7ZwvdPxx0sww9Tq6+mpN3GkNLHXPTp63eaK3J4ebNTPO/Kv9VW9xohr+YbcRalOTb/CKexAG+sorr5RFixZZ7tS6detTdkoPQlccdYtstYnWIbWhlg7k9efVR/fI54W5vsdfv+6tg8z9Jcd8a1kG6qhv1manqDYyKDZRerfpIEVqdub1yefJpA49a7vwvQ0vy7tqYyHfT7BONtUvLvQvFw5MvS9Q3aRdBBBAAAEEEEAAAQQQQCAkAgSbIWHnpgjYQ0CHl/2W/lYOVxSqAERFkNVJZs3mI/4gsuaV9JpNSc7c99MGm9XrdtYENfqzfsX94k795M9Dvi2xzOAM2EOxe/du6dnzRPBVc6O33npLdOhpwlFYWS5HqgPKQ2X+oNL/b//H4doA0//3/LOsbdnQmZTNtR2sAsyBbRNUkNnFF2bqGc/xajOgMx36Vfchy39/4jcT1b+4+M/5P5CJHXo1t0tcjwACCCCAAAIIIIAAAgjYRoBg0zZDQUcQCI3A2FVPyTY1C01vPOJLNtXngW07y4DYBPk0f798pV6l1S+W+wPLs4WadUPQE7lKzXX+kNTflp7l5p/NqdYFDIuUtRNul25qHU+OwAi0b99e8vPzLY3fdNNN8sILLwTmhgFuVa9beVgHkrVhpZpZWftvHU76w8ua7+sNelr6qNmspzntJkTFSLdW7dSSDe2kZ+t4iYuMlgNqFug0FfhP6dRHIpq4aVf3pQvU5kNllq7d33ey/Kz3hOZ0l2sRQAABBBBAAAEEEEAAAVsJEGzaajjoDALBF+i37LdyqM7mJTqEzBw3yzdLTP995ZGv5XdffihZpQVS6a1SH9Z4s43aPKiDCmfC1LmxEa3U5kHFsvV4ji9Qqn0NvXqX5ppZbv7PJ1bt9J2nQtWrOp8jd/QaL4PjEqs3Pgm+h1vvOHv2bPnDH/5gKc9ur6MfVc+OXqMyu/SYLD/ylaw6utu3NmuX6BgpVZsf+cLK8kLfDEs7HDW/CzhdX8LVM52sQsvu6qObCi57qOAyuVWc+txeuvo+x0tkE4PLs9X/P1sWyUtZG2tP0yHsJZ37y6vDbjjbpXwfAQQQQAABBBBAAAEEEHCMAMGmY4aKjiIQGIHE9IektM7mJjp0TBs1Q0aqnc2beug2Fh/cJi9mbZAKFYbqf+8oOix7ivIkzPe++4k5nDWzOGt2YNeBZyu1s3NceLSMbNdN5vS/SM6JSWhqV7iuWmDPnj3So0ePUzyWLFkiF110UcCd8ipKfKFllnpNer/vc4Hv877qz/tVcF6kXhev9zhbghjw3p96Ax3Lx6pnVM+0TGnV3ve5Zual/rcOMpPU5lkN39O8ZYtYoYLhKz75u2rU3wP936iwcDk49f6WvRGtIYAAAggggAACCCCAAAIhFCDYDCE+t0bADgI1OyjX7cvLw66XSxP6t2j3dHD5zO6P5L9qU5OdKuTcqwKtsDqvuNfM4Ky7pqfugL4uNiJaxsf3kOndhqs1Bruq3dbbtmjfTGmsXbt2UlBQYCl33rx5ct99zd9URoeS29WSBm9mb5EVapZvSWWFeq06So6WFfsCzObsDO5/Dk7e4CrwoxannruOkW2kk5qR3FFt2KMz+bKqKrkgvrv8MOV8aa9mKNv1KFG/rNC/tDg5WP1gtPqlRbum/9LCrvXSLwQQQAABBBBAAAEEEDBTgGDTzHGnagRqBcatflq2qVfH6x4vDr1OvqVeCw/k8Yvt/1VB51oVFtWstFmzjmed3dOrO1B3oxYdcLWPaK3CpjZqpmml75X5OX0vkiHq9XWOMwvccsst8te//tVy0nXXXSevvvpqg+lqAszPj+eq5yZXtqtnR/9db1hz8tGyYWTztuvRr4V38IWUbVRIqYLK6r/XhJY1/9bf0+d0ioxRm1uFar5lg4fjjCd2X/qwWmez1HLOwnO/pX5BMKJlbkArCCCAAAIIIIAAAggggECIBQg2QzwA3B6BUAvcufUd+du+dZZuPK7Cjx8GIfz4b+7nMm9nhmw+dtB3/5Nna+qv1azEWfNKbX1vJetzJnXoLTerGZ2XdRkYsHULQz1Wzb3/0qVLZcqUKZZmoqOjpaSk5JSmdYCpA+/P1SzMz48f8q2bqgPMvfUEmGfqV/PiSH/L9W3SE61eq/aFknVmVPpCS/VvPbtSf6/m+/rfHc6yk3hzbe14/Q0bXpX31M+Y/+fIf9zR6wL5dT/rM2DHvtMnBBBAAAEEEEAAAQQQQKAhAgSbDVHiHARcLDBfBYuPfLnCUuEv+0ySe9RHsI7DatOYeTuX+tZd3KB2Ys9Vu1nXHHVn/dXdXf2UvlUnnpEq8Brbvrva/Xm8XNChJ5sQ1YHSAabeMOjk4/cfvC5fd4uWLSpgLlGzYI+qzXkaG2Ce7llpyPKYOqTsGh3n21hHb7aj16eMjYiSXWrJgsSoWOnVpoN0VssPxKtwspMKLjuooLJteFSwHk/H3ucvez+Ru7a9Kx71g+PV+3OpSi7q2EdeH3GjY2ui4wgggAACCCCAAAIIIIBAXQGCTZ4HBAwXeG7vx/Lzbf+1KNyi1g98bOA3QyazseCA/P6rD+VDtSt2bqnaXb36jeD6Zu7pTvoDT+sajDoQbRfeSoWbPWS8Cjj1x6DYLq4POvWu9QfLjvt2Fvd9lOjPJ/79+vhbpKrY+npyzEM3SeSIPrXj3RKzLP2NqY2gwiJ9O4Drj276swow9d/9IaY/yDRxNmUwfrg+O5YtEzP/bLlVgprJ+sWFdwfj9twDAQQQQAABBBBAAAEEEAi4AMFmwIm5AQL2Flikdi+f/um/LZ28TK2v+Q+1zqYdDv2a+tNq0yEdklWq/36hXofWgU252m295jjdWo4nB6Ft1SzA5Oh2agZgvAo5/Wtyri/Ikn3F+TImPkWuThzk24HdrpsT6RmtOqw8qILKAzXBZXVoeVD9W3/tkJpteaYj/7uPiDfvxIxYfW7sM/8j4T07Wy47XYhcX9s6d+6tZlWeo9Y71etY6tmBUzv19W34pF8N5wiNQJX6memWPv+UjZu2X3iXdIliA67QjAp3RQABBBBAAAEEEEAAgZYUINhsSU3aQsCBAmvy9so31lo3lBnVvpu8P+oWW1ezSs3m/O2ulfJx/l4pVOtBnnzosFMf/q2JTj3qe629JiBtp3a7TlGvQ0epV6QTo2NlYnxPSVKzC9tHtlIfrX27YevPetfsph561+qj6hX8vPISyauo/qz+vS4vSz4vOqQ2rgnzzS49pGZfNiSwbGg/8r75/0QqT4TC+rpWd10prS4ZbmmivrC4boA5sG1nGaCCzAExnXyfozzhDe0C5wVRYOpHz8u6/CzLHYOxOVgQS+RWCCCAAAIIIIAAAgggYLAAwabBg0/pCGiBL4uOyIgP/2DB6Nk6XjZMmO0IoDJvpfwne6s8rl5d365mc9YcDXmdur5ZifUFeqebEaqDPh2C6pBTr/9YE3yW+UJLtZ5lWIS0j2olx8rLLOGlDjN1v892NKSGs7Vx8vfzvz1fvIUnbRYUq/r+2i9P2KnX2fvGdFQzMDv7ZmHqDwLMxkrb4/z6Ngf7XzYQssfg0AsEEEAAAQQQQAABBBBotgDBZrMJaQABZwscqyyT7ksWWIqICY+UfVPudVxhnxZkq4BzpRyvKFcbzxyS3cV5p63h5N3WTwSi1rU666R9avpn/bM/zwR1ulC0Ibi+WaUqZPQ04b6na7/o8bek7P0Np3z7zn8/LeGp3WWwWof0yqRUtT5p02ejNqQ2zgmOgN5A6G61gVDdY5xaIuCdkdOD0wHuggACCCCAAAIIIIAAAggEUIBgM4C4NI2AUwQS0h6UijprVup+50ybI5HqdWgnH3pNyg+Pfi0fHtkt7+ZslyPqVe+ao77ZkKebIVnf5kSNcWnOzMvGBKN6bVD96nzNR1KrWN9ainqzns5q05hE9e+EiDYSFRUllZXWGaPPPvuszJw5szFlca4DBOrbQEgvsXBw6v0O6D1dRAABBBBAAAEEEEAAAQTOLECwyROCAAJy3sonZM9Jsxv1q+j6lXS3HDpcfPfg5/L6wc/UypVhvs1uwtVMSL3W5X4VgOo1LSvU6+FfFh5p8OZEDbPxr/Z5urU+z9SGvjJC9auzCif9YWX1ZxVQJuqv6c/VQabe7bqh80l1sFlebl2XNCEhQXJychpWEmc5RkBvINTpg7nVK86e6PbKcT+WQW27OKYOOooAAggggAACCCCAAAII1CdAsMlzgQACMk1tMPLJSRuM6M2D9CZCph6LDm6VN7K3SJgKFvXMVb0uZn5FSfWGP/7NfpqzTubp1uesqKr07WJ9QXx3uabrYElRu7i39NG5c2fJzT2xHmlN+8uXL5eJEye29O1oL8QCKUsXqOUZyiy9+N3Ab8nNKSNC3DNujwACCCCAAAIIIIAAAgg0T4Bgs3l+XI2AKwRu3PCqvJv7uaUWdk4++9CebmdzPQN0dd4e34Y758Qk1G4u1E7vqt4CO6qfvWdnPuPOO++UhQsXnnLSe++9J5dccklzm+d6mwlcu/6fkn5oV22v9Azin/WeIHP6TrZZT+kOAggggAACCCCAAAIIINA4AYLNxnlxNgKuFKhv5+THz/2W/LAbM7rcOOB6N/jw8HC1L5F/9dCa44033pCrr77ajSUbXdOLWRtk9pZF6nV0PU/YvznWlI595LURNxrtQvEIIIAAAggggAACCCDgfAGCTeePIRUg0GyB+Tsz5JEvV1ja+WWfSXKP+uBwp0B0dLSUlVlfT87IyJBJkxhzt4345mMHZULmM5ay4iKiZfdF97itSVK1lAAAIABJREFUVOpBAAEEEEAAAQQQQAABwwQINg0bcMpFoD6B5/Z+LD/f9l/Lt25JOV8eG/hNwFwq0LdvX9m168TrybrMAwcOSGJioksrNrcsvYFQl7R5anOsKgvCZxPvkG6t4syFoXIEEEAAAQQQQAABBBBwvADBpuOHkAIQaL7AooPbZPqn/7Y0dFnnc+QfQ69rfuO0YEuB3/3ud3LXXXfV9m3kyJGydu1aW/aVTjVfYMqa52R9wX5LQ/rnW/+ccyCAAAIIIIAAAggggAACThUg2HTqyNFvBFpQYE3eXvnG2r9aWtQ7ouud0TncKaDX11yzZo3vQ8/enDx5srRt29adxVKV/Gzbu/L83k8sEnezgRBPBgIIIIAAAggggAACCDhcgGDT4QNI9xFoCYEvi47IiA//YGmqZ+t42TBhdks0TxsIIBBiAf8GQostvbggvoe8PXJ6iHvG7RFAAAEEEEAAAQQQQACBpgsQbDbdjisRcI3Ascoy6b5kgVqJr+bwSkx4lGRNudc1NVIIAiYL1LeBUIQnTHKnzTGZhdoRQAABBBBAAAEEEEDA4QIEmw4fQLqPQEsJdEybK5VqcxGP+qMPr/qTO+0BiVThBwcCCDhbQG8g1PGDuacU8d7oH8rodinOLo7eI4AAAggggAACCCCAgLECBJvGDj2FI2AVSEx/SEqrKixfTB89Q0a0S4YKAQRcINB96cNyrKLUUslvBkyV2T3GuaA6SkAAAQQQQAABBBBAAAETBQg2TRx1akagHoGeSx+R/IoSy3cWq/X3xqt1+DgQQMD5AjdufFXezfm8thC99MTN3YbLwnMvc35xVIAAAggggAACCCCAQGMFqtQFvKDYWDXbnU+wabshoUMIhEZg6MonZXfxUcvNV4+bJQPbJoSmQ9wVAQRaVOCN7C1yy6ev+dv0+BedGBTbRVaO/XGL3ofGEEAAAQQQQAABBBBAAIFgCRBsBkua+yBgc4Gxq56S7YW5BJs2Hye6h0BTBfYU58l5K5+wXK7Dzayp90nrsIimNst1CCCAAAIIIIAAAggggEDIBAg2Q0bPjRGwlwDBpr3Gg94gEAiBPsselSPlxZamF59/k4zv0DMQt6NNBBBAAAEEEEAAAQQQQCCgAgSbAeWlcQScI0Cw6ZyxoqcINFXgxg1qnc3cE+ts6nZ+1W+K3NHrgqY2yXUIIIAAAggggAACCCCAQMgECDZDRs+NEbCXAMGmvcaD3iAQCIHHv/pQ5u5Yamn6W50HyItDvxuI29EmAggggAACCCCAAAIIIBBQAYLNgPLSOALOESDYdM5Y0VMEmiqw8sjXcsUnf7dc3iGyteya/POmNsl1CCCAAAIIIIAAAggggEDIBAg2Q0bPjRGwlwDBpr3Gg94gEAiB4qoKSU5/SLwnNb5p4v9KSqt2gbglbSKAAAIIIIAAAggggAACARMg2AwYLQ0j4CwBgk1njRe9RaCpAhesflq2Hs+xXP6XIdfI1YmpTW2S6xBAAAEEEEAAAQQQQACBkAgQbIaEnZsiYD8Bgk37jQk9QiAQAv+79W35+771lqZn9RgjDw24OBC3o00EEEAAAQQQQAABBBBAIGACBJsBo6VhBJwlQLDprPGitwg0VeDFrA0ye8tiy+Wj2neT90fd0tQmuQ4BBBBAAAEEEEAAAQQQCIkAwWZI2LkpAvYTINi035jQIwQCIbDteK6MW/2UpekIT5jsn3qfRKrPHAgggAACCCCAAAIIIICAUwQINp0yUvQTgQALEGwGGJjmEbCRQPclC+RYZZmlR0vHzJRhcV1t1Eu6ggACCCCAAAIIIIAAAgicWYBgkycEAQR8AgSbPAgImCNw1Sf/kOVHvrIU/PA5l8qt3UeZg0ClCCCAAAIIIIAAAggg4HgBgk3HDyEFINAyAgSbLeNIKwg4QeDBncvksS9XWrp6bdJg+fPgq53QffqIAAIIIIAAAggggECLCFSpVliMqUUoQ9YIwWbI6LkxAvYS0MHmtsIc1SmP+vCq/3kk84JZMrBtgr06Sm8QQKDZAu/lfiE3bHjF0k6v1vGyfsLsZrdNAwgggAACCCCAAAIIIIBAsAQINoMlzX0QsLlA/4zHJLessLaXXq9XBZu3EWzafNzoHgJNEThcXiR9l/32lEt3X3SPxEVEN6VJrkEAAQQQQAABBBBAAAEEgi5AsBl0cm6IgD0FuqQ/JGVVFSeCTfW3tFEzZGT7ZHt2mF4hgECzBIaufEJ2F+dZ2nhl2A1ySUK/ZrXLxQgggAACCCCAAAIIIIBAsAQINoMlzX0QsLlAytKH5XhFqaWXrw6/QS7uRMhh86Gjewg0SeBHm96Q17I3W679ee+Jcl/fC5vUHhchgAACCCCAAAIIIIAAAsEWINgMtjj3Q8CmAmNX/0m2Hz9k6d1Lw66XbyT0t2mP6RYCCDRH4Ok9H8m929+3NDE6vru8N/Lm5jTLtQgggAACCCCAAAIIIIBA0AQINoNGzY0QsLfA7VsWyT+zNlo6+WTq5fL95GH27ji9QwCBJgmsy8+SqR89b7k2wuOR3GkPNKk9LkIAAQQQQAABBBBAICACam9b3x63HAjUI0CwyWOBAAI+gV/vWCK//2qVReNX/abIHb0uQAgBBFwoUOGtkoS0B0+p7P3Rt8iodt1cWDElIYAAAggggAACCCCAgNsECDbdNqLUg0ATBf7wdaY88EWa5erbeoyReQMubmKLXIYAAnYXqG9t3T8MukJu7DrU7l2nfwgggAACCCCAAAIIIICAEGzyECCAgE/glf2bZNbmtywa300aIk8PvgohBBBwqcB161+WtEM7fNV5q1/x0bO0f61ma3MggAACCCCAAAIIIIAAAnYXINi0+wjRPwSCJJB+aKdcu/4ly92mdOwjr424MUg94DYIIBBsgb/s/UTu2vpO9ZpFHt/SRRepn/vX+bkP9lBwPwQQQAABBBBAAAEEEGiCAMFmE9C4BAE3CmwsOCCT1zxrKW1IbKIsH3urG8ulJgQQUAKfHcuWiZl/tlgkRMXIFxfejQ8CCCCAAAIIIIAAAgggYHsBgk3bDxEdRCA4AvtKCmTwioWWmyW3ipPNE+8ITge4CwIIBF2gSrySnD5fSqoqLPfefuFd0iWqbdD7ww0RQAABBBBAAAEEEEAAgcYIEGw2RotzEXCxQJm3UrqkzbNUGOkJk5xpc1xcNaUhgMDUj56XdflZFogXh14n3+p8DjgIIIAAAggggAACCCCAgK0FCDZtPTx0DoHgCnRbMl8KK8stN90z5ZcSGx4V3I5wNwQQCJrAnWqNzb/tW2e53/+ygVDQ/LkRAggggAACCCCAAAIINF2AYLPpdlyJgOsEhq58QnYX51nq2jBhtvRsHe+6WikIAQT8AnoDobu3vWvhYAMhng4EEEAAAQQQQAABBBBwggDBphNGiT4iECSB+l5JTRs9Q85vlxykHnAbBBAItgAbCAVbnPshgAACCCCAAAIIIIBASwkQbLaUJO0g4AKB6ze8LO/n7rBU8tKw6+UbCf1dUB0lIIBAfQJsIMRzgQACCCCAAAIIIIAAAk4VINh06sjRbwQCIHD7lkXyz6yNlpafTL1cvp88LAB3o0kEELCLABsI2WUk6AcCCCCAAAIIIIAAAgg0RoBgszFanIuAywV+vWOJ/P6rVZYqf9VvityhNhLhQAAB9wqwgZB7x5bKEEAAAQQQQAABBBBwswDBpptHl9oQaKTAH77OlAe+SLNcdVuPMTJvwMWNbInTEUDASQL1bSA0Lr6HvDNyupPKoK8IIIAAAggggAACCCBgmADBpmEDTrkInEnglf2bZNbmtyynfDdpiDw9+CrgEEDAxQL1bSAUFRYuB6fe7+KqKQ0BBBBAAAEEEEAAAQScLkCw6fQRpP8ItKBA+qGdcu36lywtTunYR14bcWML3oWmEEDAbgJ6A6FOH8xV/7UeK8b+WAbHdrFbd+kPAggggAACCCCAAAIIIOATINjkQUAAgVqBjQUHZPKaZy0iQ2ITZfnYW1FCAAGXC/RY+rAUVJRaqlx47mUyvdtwl1dOeQgggAACCCCAAAIIIOBUAYJNp44c/UYgAAL7Sgpk8IqFlpaTW8XJ5ol3BOBuNIkAAnYSuH79y/L+oR21XdKzN+/re6H8ovdEO3WTviCAAAIIIIAAAggggAACtQIEmzwMCCBQK1DmrZQuafPqvI7qlUhPuOROm4MSAgi4XODFrA0ye8si9fPvUZXq/3rkii4D5YXzrnV55ZSHAAIIIIAAAggggAACThUg2HTqyNFvBAIkkJg+T0qqKnyhhj686s/eKfdKbHhUgO5IswggYAeB+pai6N2mg6wbf7sdukcfEEAAAQQQQAABBBBAAIFTBAg2eSgQQMAikJT+kC/YrHukj54hI9olI4UAAi4W0DO2Ey0ztv3FHpx2v0SpmdscCCCAAAIIIIAAAggggIDdBAg27TYi9AeBEAv0XPqI5FeUWHrxzsibZVx89xD3jNsjgECgBUav+pN8UXjIcps09YuN8/nFRqDpaR8BBBBAAAEEEEAAAQSaIECw2QQ0LkHAzQJDVz4pu4uPWkpcPW6WDGyb4OayqQ0BBJTALZtelzezt1gs2BmdRwMBBBBAAAEEEEAAAQTsKkCwadeRoV8IhEhg7KqnZHthLsFmiPy5LQKhFHj8qw9l7o6lli7MTBkpjw78Rii7xb0RQAABBBBAAAEEEEAAgXoFCDZ5MBBAwCJAsMkDgYC5Au/n7pDrN7xsARge11WWjJlpLgqVI4AAAggggAACCCCAgG0FCDZtOzR0DIHQCBBshsaduyJgB4GskgIZtGKhpSvhHo8cmvaAHbpHHxBAAAEEEEAAAQQQQAABiwDBJg8EAghYBAg2eSAQMFugY9pvpMprNUgfPVNGtOtqNgzVI4AAAggggAACCCCAgO0ECDZtNyR0CIHQChBshtafuyMQaoHeyx6Vo+XFlm78/tzL5KZuw0PdNe6PAAIIIIAAAggggAACCFgECDZ5IBBAwCJAsMkDgYDZAtM/fU3+c3CreKoZ9OTNO3pdIL/uN8VsGKpHAAEEEEAAAQQQQAAB2wkQbNpuSOgQAqEV0MHmtsIc1Qkda6hIw+uRzAtmycC2CaHtGHdHAIGgCPxl7ydy19Z3/T//6v8H1BKbclHHPvL6iBuDcn9uggACCCCAAAIIIIAAAgg0VIBgs6FSnIeAIQL9Mx6T3LLC2mq9Xq8KNm8j2DRk/CkTgc+OZcvEzD9bIBKiYuSLC+8GBwEEEEAAAQQQQAABBBCwlQDBpq2Gg84gEHqBLukPSVlVxYlgU/0tbdQMGdk+OfSdowcIIBBwgSo1U7Nb+nwprvP/A/qm2y+8S7pEtQ34/bkBAggggAACCCCAAAIIINBQAYLNhkpxHgKGCKQsfViOV5Raqn11+A1ycad+hghQJgIITP3oeVmXn2WBeHHodfKtzueAgwACCCCAAAIIIIAAAgjYRoBg0zZDQUcQsIfA2NV/ku3HD1k689Kw6+UbCf3t0UF6gQACARe4c+s78rd96yz3+V82EAq4OzdAAAEEEEAAAQQQQACBxgkQbDbOi7MRcL3A7VsWyT+zNlrqfDL1cvl+8jDX106BCCDgF9AbCN29TW8gdOJgAyGeDgQQQAABBBBAAAEEELCbAMGm3UaE/iAQYoFf71giv/9qlaUXv+o3Re5Qs7U4EEDADAE2EDJjnKkSAQQQQAABBBBAAAGnCxBsOn0E6T8CLSzwh68z5YEv0iyt3tZjjMwbcHEL34nmEEDArgJsIGTXkaFfCCCAAAIIIIAAAgggUFeAYJPnAQEELAKv7N8ksza/Zfnad5OGyNODr0IKAQQMEmADIYMGm1IRQAABBBBAAAEEEHCoAMGmQweObiMQKIH0Qzvl2vUvWZqf0rGPvDbixkDdknYRQMCGAmwgZMNBoUsIIIAAAggggAACCCBgESDY5IFAAAGLwMaCAzJ5zbOWrw2JTZTlY29FCgEEDBJgAyGDBptSEUAAAQQQQAABBBBwqADBpkMHjm4jECiBfSUFMnjFQkvzya3iZPPEOwJ1S9pFAAEbCrCBkA0HhS4hgAACCCCAAAIIIICARYBgkwcCAQQsAmXeSumSNk+8tV/1SqQnXHKnzUEKAQQMEmADIYMGm1IRQAABBBBAAAEEEHCoAMGmQweObiMQSIHE9HlSUlUhHvVHH171Z++UeyU2PCqQt6VtBBCwmQAbCNlsQOgOAggggAACCCCAAAIIWAQINnkgEEDgFIGk9Id8wWbdI330DBnRLhktBBAwSIANhAwabEpFAAEEEEAAAQQQQMCBAgSbDhw0uoxAoAV6Ln1E8itKLLd5Z+TNMi6+e6BvTfsIIGAjgfo2EBqr/n/gXfX/BxwIIIAAAggggAACCCCAQKgFCDZDPQLcHwEbCgxd+aTsLj5q6dnqcbNkYNsEG/aWLiGAQKAE6ttAKDIsXHKm3h+oW9IuAggggAACCCCAAAIIINBgAfsGm3rnEv/yfhwIIBBkgbGrnpLthbkEm0F253YI2E1AbyDU6YO5dTYT8/cwY+ytcl5sot26S38QQAABBBBAAAEEEEDAMAH7BpuGDQTlImAnAYJNO40GfUEgtAIpSx+W4xWllk78MfUK+V7y0NB2jLsjgAACCCCAAAIIIICA8QIEm8Y/AgAgcKoAwSZPBQII1Ahc8cnfZeWRr2tB9AsV8wdcLLN6jAEJAQQQQAABBBBAAAEEEAipAMFmSPm5OQL2FNDB5rbaV9H960JkssamPQeLXiEQYIGFX62S/7cjXb2OrteH0f/1yA+7jZDHz/1WgO9M8wgggAACCCCAAAIIIIDAmQUINnlCEEDgFIHU5QslqzTfF2Dow6v+ZI67jc2DeFYQMFDg7Zzt8oON/7JUPqFDT1l0/k0GalAyAggggAACCCCAAAII2EmAYNNOo0FfELCJQPKS+VJUWW7pzaKR02VCfA+b9JBuIIBAsAT0RmJ6Fnfdo2t0rGyZdGewusB9EEAAAQQQQAABBBBAAIF6BQg2eTAQQOAUga7p86W4yhpsLlbB5niCTZ4WBIwTqPSqndHT5p5Sd/bU+yU6LNw4DwpGAAEEEEAAAQQQQAAB+wgQbNpnLOgJArYRGJDxuOSUHbf0ZzVrbNpmfOgIAsEWOG/lE7KnOM9y2xVjb5XBsYnB7gr3QwABBBBAAAEEEEAAAQRqBQg2eRgQQOAUAXZF56FAAIG6At9Z909ZcniXBeX5IdfItxNTgUIAAQQQQAABBBBAAAEEQiZAsBkyem6MgH0FfLuiH8/Rm6GrnYPUfzxsHmTf0aJnCARe4Jfb35Nn9qy13OjevhfKL3pPDPzNuQMCCCCAAAIIIIAAAgggcBoBgk0eDQQQOEWgf8ZjkltWWPt1r/pbJq+i86QgYKzAc3s/lp9v+6+l/uuSBsszg6821oTCEUAAAQQQQAABBBBAIPQCBJuhHwN6gIDtBJLSH5KSqoo6waZX0kbNlJHtk23XVzqEAAKBF8g4/KVcve5Fy42GxXWVpWNmBv7m3AEBBBBAAAEEEEAAAQQQOI0AwSaPBgIInCKQsmSBHK8ss3z95WHXy6UJ/dFCAAEDBfaW5MuQFb+3VN42PEr2TvmlgRqUjAACCCCAAAIIIIAAAnYRINi0y0jQDwRsJDB29VOy/XiupUcvnHetXNFloI16SVcQQCCYAl3S5kmZt9Jyy88vvFs6R8UEsxvcCwEEEEAAAQQQQAABBJotUKVaCGt2K3ZogGDTDqNAHxCwmcCdW9+Rv+1bZ+nVgnMulR93H2WzntIdBBAIlsD41U/LFr2pWJ3jnZE3y7j47sHqAvdBAAEEEEAAAQQQQAABBCwCBJs8EAggcIrAw7uWywL1Ufe4s9d4+b9+F6GFAAKGCtz86Wvyn4NbLdU/kXq5/CB5mKEilI0AAggggAACCCCAAAKhFiDYDPUIcH8EbCjwwr71csfWty09u6HrefKnQVfasLd0CQEEgiHw4M5l8tiXKy23mt1znPym/9Rg3J57IIAAAggggAACCCCAAAKnCBBs8lAggMApAu/n7pDrN7xs+fqFHXvLmyO+jxYCCBgq8PL+T+W2zf+xVP/NhAHyz2HfNVSEshFAAAEEEEAAAQQQQCDUAgSboR4B7o+ADQU+LTggF6551tKzgW0TZPW4WTbsLV1CAIFgCHySnyXTPnrecquebdrLhvE/DcbtuQcCCCCAAAIIIIAAAgggcIoAwSYPBQIInCJwsOy4nJPxuHhrv+OV9hGt5euLfoEWAggYKnCssky6L1lwSvWHpj0g4R6PoSqUjQACCCCAAAIIIIAAAqEUINgMpT73RsCmAjrQjP/gN+q/XvGoP/rwqj+5KsCI9ITZtNd0CwEEAi3QKe1BqfRWWW6TNnqGnN8uOdC3pn0EEEAAAQQQQAABBBBA4BQBgk0eCgQQqFegS/o8KauqtHxvyZiZMjyuK2IIIGCoQO9lj8rR8mJL9c8P+Y58O/FcQ0UoGwEEEEAAAQQQQAABBEIpQLAZSn3ujYCNBbqpV04L1aundY//nH+TTOzQ08a9pmsIIBBIge+s+6ekH955Yia31yuPnfstmZFyfiBvS9sIIIAAAggggAACCCCAQL0CBJs8GAggUK/AoOULJau0wPI9vXmQ3kSIAwEEzBSYt3OZPLprpfhXqPAvVXF7z7Eyt/80M0GoGgEEEEAAAQQQQAABBEIqQLAZUn5ujoB9Bcauekq2F+YSbNp3iOgZAkEX+GfWRrl9yyLLfS/rfI78Y+h1Qe8LN0QAAQQQQAABBBBAAAEECDZ5BhBAoF4Bgk0eDAQQOFlg1dHdctnHL1i+PDi2i6wY+2OwbC2gt4Rj53pbDxGdQwABBBBAAAEEEGiSAMFmk9i4CAH3CxBsun+MqRCBxgpklRTIoBULLZdFh4VL9tT7G9sU5yOAAAIIIIAAAggggAACzRYg2Gw2IQ0g4E4Bgk13jitVIdBcgY4fzJUqtb5m3WPX5J9Lh8jWzW2a6xFAAAEEEEAAAQQQQACBRgkQbDaKi5MRMEeAYNOcsaZSBBojMPLDP8rOosOWS9JHz5AR7ZIb0wznIoAAAggggAACCCCAAALNFiDYbDYhDSDgTgEdbG6r3TxIzc7yeiTzAnZFd+doUxUCDRe4dv1Lkn5op+WC54Z8W65JHNTwRjgTAQQQQAABBBBAAAEEEGgBAYLNFkCkCQTcKDAg4zHJKSusLU2/eJo5jmDTjWNNTQg0RuDn2/4rz+392HLJnL6T5e7eExrTDOcigAACCCCAAAIIIIAAAs0WINhsNiENIOBOgcT0h6S0qsISbKaNmiEj2/O6qTtHnKoQaJjAH3dnypzP0ywnfz95mDyZennDGuAsBBBAAAEEEEAAAQQQQKCFBAg2WwiSZhBwm0C3JQuksLLMUta/ht8g0zr1c1up1IMAAo0QeCdnu3x/478sV4zv0FMWn39TI1rhVAQQQAABBBBAAAEEEECg+QIEm803pAUEXCkwatUfZUehdYOQfw//nkzt1NeV9VIUAgg0TGDL8RwZv/ppy8nJreJk88Q7GtYAZyGAAAIIIIAAAggggAACLSRAsNlCkDSDgNsEZm56Q17P3mwp65nBV8t1SYPdVir1IIBAIwRK1BIVSWqpipOPQ9MekHCPpxEtcSoCCCCAAAIIIIAAAggg0DwBgs3m+XE1Aq4VqG+DkAXnXCo/7j7KtTVTGAIINEygY9pcqfLqLcVOHC8PvV4u7dy/YQ1wFgIIIIAAAggggAACCCDQAgIEmy2ASBMIuFFg/s4MeeTLFZbSftlnktyjPjgQQMBsgT4Zj8qRsmILwo/ULz0eUb/84EAAAQQQQAABBBBAAAEEgiVAsBksae6DgMMEnt79kdz7+fuWXt+qgouHCS4cNpJ0F4GWF7hty1vyctam2ob15M02ERGyf8p9LX8zWkQAAQQQQAABBBBAAAEETiNAsMmjgQAC9Qq8sn+TzNr8luV716r1Nf+s1tnkQAABswX2/v/27i3Gruq8A/jyzPgyvo1vYLCxzT0koSKUcKkhbSAU8tCkLxVV0qigRG1FIpre01RtVKWBQpRISaQkfagqNUgJrdRGhSQPxm4C5VLUFkiBAOXqAAZs4xv2eMbjmela+8ydgRnbx+Ozv/ltOByPz2Wv7/et4eGvtffq2Zt+4Z6vNRDybTXnlP/k4+5LP5ne33Xa7MZRPQECBAgQIECAAAECMyYg2JwxaiciUC+BTTufSb/58PfGDbrsiF52RncQIEDg1C23pJ7+w+Mg/vWiT6QrV54JhwABAgQIECBAgAABAjMiINicEWYnIVA/gf/a+3K65qF/GDfwi7rWps2Xfqp+xRgxAQJNFzjnJ19JOw91j3zvYL4e/cHLP53evfikpp/LFxIgQIAAAQIECBAgQGAyAcGmeUGAwKQCz3a/kS6+75vjXjujc3l6+AM3ESNAgEBafffNqXewrNhsXIZe/nvXxdenK5ZvoEOAAAECBAgQIECAAIEZERBszgizkxCon8Abfd3p7B9/ZdzAl3UsSC9c9Wf1K8aICRBousCKTX+TBvM/Y49/fN916aMnn9f0c/lCAgQIECBAgAABAgQITCYg2DQvCBCYVKDEFSs2fXEothisVmMNDs5Ju6/9wtD6LHAECMxWge6Bw2nt5ptz+Y3VmuUo/8/4xns/kn577YWzlUXdBAgQIECAAAECBAjMsIBgc4bBnY5AnQROycFF70D/aHCR76FXVmwun9tZpzKMlQCBJgoM5Ajz/Lwj+rbefTnNrLZEHwo28z02N96Y3rP45CaezVcRIECAAAECBAgQIEDg7QUEm2YHAQJvK3ByDjb7xgab+Z3/ctHH04dWnk2NAIFZKnDTE3em2195ZCjNHA02l86dn35+5edmqYqyCRAgQIAAAQIECBA4EQKCzROh7pwEaiKwfstt6c3+3nGjvf2m2nRpAAAa9ElEQVSC69KvrXYPvZq00DAJNE2gXGr+1RfuSzc/s2XoFhU51Cx/WT0Npi2X/U56/9I1TTufLyJAgAABAgQIECBAgMBUAoLNqYS8TmAWC1z38HfT3TufHSfwzfM/mj6+5n2zWEXpBGafQH8OLi9/4Nvpqf07hsLM6q67OdNsXIe+cdn69MNLbph9MComQIAAAQIECBAgQOCECgg2Tyi/kxNobYFbn7sn3ZYfY4/PnfUr6c/zw0GAwOwQ+P72J9MfP3FX2t3X09gFvdoIvVyC3vjzqnmL0lMf/KPUMadtdoCokgABAgQIECBAgACBlhEQbLZMKwyEQOsJfHfbo+kzj985bmAfW3NB+tb5v956gzUiAgSaLvAXT29K39r6YPW9ZXVmCTar57yR2Jw5c1LZSOjuSz+VLuk6renn9oUECBAgQIAAAQIECBCYSkCwOZWQ1wnMYoH7dr2YPvLf3xkncPnyDekHF18/i1WUTmB2CJSFmavvvjkdGjxcrczMOWYVa469BP20BUvTY7/8B7MDRJUECBAgQIAAAQIECLScgGCz5VpiQARaR+DnB/ekC/7jG0MbhZRxDaZ1C5blIOOzrTNIIyFAoKkCJdD8+ov3py8/d2/q7u/Lv/bVtecjd9QsqzYXdcxNf3j6FenG0y9Li9vnNfX8vowAAQIECBAgQIAAAQLTFRBsTlfK+wjMQoHDgwPp5M1fSgPlstOhTUIKw45f/Uv305uF80HJ8QXKpeVXPfT36dG920YuPR+5p2aJNvOyzY457Wnb1Z9Pc91TM/6EUCEBAgQIECBAgACBFhcQbLZ4gwyPwIkWOGXzLal3IF+KOubYnO+pd1HX2hM9tJY6/8Fs1JNXtw0/l5VuPRP+buS1gb70Yvee9MyBnWnFvIVpQ+eyIw6KX+t9M23t3p3WdnalS5atS8s7FqTlczvTsqFH+fOi9rktZWQwrStQrdJ8/r701bxSc//h3tF7aVabBTUuPy/Xopf3bbr0k+lS99Rs3WYaGQECBAgQIECAAIFZJCDYnEXNViqBoxFYt+XWtL//0LiP/vDiG9LG5euP5uta6jMlaNx6cHfa1rMvlfuJ3rvrhbw6NaVzF69K8/KqtBJMVgHlUEh5cMJzI7zsy8Fv/xHVNf7C3iP6aPXm4Y1bpvpkqWHZ3EbgORx6joafY/5+KBQd+1rbmBW6U53H6/UV+LftT6U7Xnkk/c++bWl774EqwBzdHGhoA/QSbJZsMx+dOSx/9UOfr2/BRk6AAAECBAgQIECAQCgBwWaodiqGQPMFzr/3a+mVHPyNPR7YeGN69+KTmn+yJn5jCQ/LqsaXe/amlw/mR3nOdZQ/v9SzJ72Un/cc7qnOWN47lNs0cQTH76umG2weywiWdsxPy3LgWVaADgee/fmWBHv7utPq+UvSxhUbUnnP0vyecc85SF1Sk3suluB6d9/BtKevJ8+Foef881P7d6TH33w9LZ/Xmc7oXJHay645UxzbDx3Iq3B3pZXzFqWzFq54x3dP9t7pfH46n5v4nuGf29vaU38O4Mc+/+++V9Pr+Xeksdt543egMbcat9VsbBTUOMpl579/xsb0uxsuSafMWzwVh9cJECBAgAABAgQIECAwIwKCzRlhdhIC9RX4pfu/nZ48sGOogEb88WCLBJv78iWzP9u/Pd35+s/SA7u2VpeBL+6Yl3bmlWev9O5LJYibzlG7YHNkG5fpVNec95QNY8beZ/WdvrXEYWPDzq4cdg4HoH25J7sPdaeueQvSuYtWpeO1MrQE2WXzq0U5ZC1jmRhelp8PDb51pe3RrKY9ks9M9t7pfH46n5v4nuGfhyLL6nd3NMZvzPrG34z2tgSbY35Knfn36TdOOT/dct61tQmsmzPjfQsBAgQIECBAgAABAnUQEGzWoUvGSOAECrz3nrxis3fvSKhVYo8HN356xlZslnDyhYO78v0o30jP5ntS/t/Qc/n5jbx6sBmh5EysgBzfwmMb9cyPtzmrWqcT4DVlqh8bb1OGUIcvGbtKc3i8ZXOgMr/KvV9vWHdR+quzr6rVauY6uBsjAQIECBAgQIAAAQLNExBsNs/SNxEIKbB2y99W95kce9x58fXpA8s3NLXeV/Mlsc/nS3nvev2p9MDurdUGJgP5DC/ny8bfaeXlkawkbOqAJ/mycgl2uQfhgvzobOuonhe2zU3z2zuqn6vX8s8L8s97DvWkXTmYLZc7l5WLR3q8lFckvpRXJC7M51yYv/fN7LUnX0ZdLq0uj1350cyjlZynqutEBL9Tjak1X29Em8WrWs05p/G8tH1+ev6qPz3iDa1as0ajIkCAAAECBAgQIEAgsoBgM3J31UagCQJrNudgM2+Q0zgawccPcrB5xVEEm6/17q/Cy+e738iP3em56nlXeiE/DuTw9GgW2pVMZhq3QHyLxCnzF6fTFnRVj9MXLq8uld6aV4YuaV+QTl2wZCiEHA4jO6rwcP5QONk5FE4OPy9u0XtKlkv19+b7iDbuIzkaeg7fV3I4BC33Gh1+vTyXXkw86hQWHs08Gq33aD59JJ+Z7L3T+fx0PjfxPSNrMhvB5eidNEd+mxs7njd+t9vb2tIn1l6YvvSua1x23oT/d/oKAgQIECBAgAABAgSOv4Bg8/gbOwOBWgts+PcvV6FXuUS1EX8Mpv98h0vRB/LrT+bNV+7Y9tP0453PV/e97MifLfc8nLjysxnh2WRxz6IcQg6Hlqd1dqV1JcDMz+Xvyp/X5sd0NoSpdeOOcfBl05mxYWi5J+VP82YzTx7YnlbnzWM68o7r+3IgOhye7suvlz+Xv+sbLGttJzumE+Ad48DLHK1OM/U9QcuM7hq3QdKC1JU3SzrUfzjt7z9UbZp0zuJVqX2Ki7HL6coGW9vyHC+XcK/vXJbKjvRvJzDxvXPze6f6/GTnmPi5dfm8O/L9ZYfHMfzzK3lc5fMDGaYt/y6W5/L7vOfQwWpldGfH3HTlqrPSZzZcZmOgY59+voEAAQIECBAgQIAAgRkUEGzOILZTEaijwOrNN6fevJvy6LqulO4acyl6ibC+8PSm9KMdT6dDAwNpVw7EunOYOfU+0m/VOJLYq4SXZ+dLuM9ZuLLaHKYvX7h+zaqz0+XLT68CKceJEyi3Dij3Px0OPkt4VoLRsnq07Db+bL4/6oa8SvbkvIP48TpKiP7E/teqHdwvXHJq9VzmRdnIaHi39zJvHAQIECBAgAABAgQIECBQXwHBZn17Z+QEZkRgxaYvVve6rJbBlVWb+fmv33V1+uzpl6evv3h/uvXZn1TB59jjSALKcZ8bOsfYEHV9Xl15TgkwF63MQebKdN6ik9KZ+XlNDqocBAgQIECAAAECBAgQIECAwOwVEGzO3t6rnMC0BE7dfEvqqe6xmTcZGck3B6tNa7rz5brlmDNhfeaR3o+xXNp81qIV6YyFK/KlsEvSzr4D6ep8aew1J537tpf0Tmvw3kSAAAECBAgQIECAAAECBAiEFRBshm2twgg0R+Cmx+9Mt297pIovG5uPNI4SZpb7bZZ/h++/Ofxa9a4Jm/qU8LKsuCwb9ZyVA8wz86MEmWU1Ztkx3EGAAAECBAgQIECAAAECx0/gaK+sO34j8s0Ejl1AsHnshr6BQGiBchn6+i235p2yG6szG5llY2OWsjKzHGODzbIpzwX5nobvWbw63/eyP12bV11+OD+El6GnieIIECBAgAABAgQIECBAgMCMCwg2Z5zcCQnUT+CfXn0s/d5j3x/dQKjaVXlo9+kxKzmX5h2mn7nyT9L8tsl3hK5f5UZMgAABAgQIECBAgAABAgQItKqAYLNVO2NcBFpM4LcevSP9aPvT1ajKQs3Gms3qp9SRg8yPrbkg3XLetWlJvvemgwABAgQIECBAgAABAgQIECBwvAUEm8db2PcTCCJQLjr/u60PpX/Oqzd39h7IYWZbmt/ekX6xa2267bwPCzSD9FkZBAgQIECAAAECBAgQIECgLgKCzbp0yjgJECBAgAABAgQIECBAgAABAgQIEBgREGyaDAQIECBAgAABAgQIECBAgAABAgQI1E5AsFm7lhkwAQIECBAgQIAAAQIECBAgQIAAAQKCTXOAAAECBAgQIECAAAECBAgQIECAAIHaCQg2a9cyAyZAgAABAgQIECBAgAABAgQIECBAQLBpDhAgQIAAAQIECBAgQIAAAQIECBAgUDsBwWbtWmbABAgQIECAAAECBAgQIECAAAECBAgINs0BAgQIECBAgAABAgQIECBAgAABAgRqJyDYrF3LDJgAAQIECBAgQIAAAQIECBAgQIAAAcGmOUCAAAECBAgQIECAAAECBAgQIECAQO0EBJu1a5kBEyBAgAABAgQIECBAgAABAgQIECAg2DQHCBAgQIAAAQIECBAgQIAAAQIECBConYBgs3YtM2ACBAgQIECAAIF3FBjIr7YxIkCAAAECBAgQiC4g2IzeYfURIECAAAECBAgQIECAAAECBAgQCCgg2AzYVCURIECAAAECBAgQIECAAAECBAgQiC4g2IzeYfURIECAAAECBAgQIECAAAECBAgQCCgg2AzYVCURIECAAAECBAgQIECAAAECBAgQiC4g2IzeYfURIECAAAECBAgQIECAAAECBAgQCCgg2AzYVCURIECAAAECBAgQIECAAAECBAgQiC4g2IzeYfURIECgFQUG8qDaWnFgxkSAAAECBAgQIECAAAECdREQbNalU8ZJgAABAgQIECBAgAABAgQIECBAgMCIgGDTZCBAgAABAgQIECBAgAABAgQIECBAoHYCgs3atcyACRAgQIAAAQIECBAgQIAAAQIECBAQbJoDBAgQIECAAAECBAgQIECAAAECBAjUTkCwWbuWGTABAgQIECBAgAABAgQIECBAgAABAoJNc4AAAQIECBAgQIAAAQIECBAgQIAAgdoJCDZr1zIDJkCAAAECBAgQIECAAAECBAgQIEBAsGkOECBAgAABAgQIECBAgAABAgQIECBQOwHBZu1aZsAECBAgQIAAAQIECBAgQIAAAQIECAg2zQECBAgQIECAAAECBAgQIECAAAECBGonINisXcsMmAABAgQIECBAgAABAgQIECBAgAABwaY5QIAAAQIECBAgQIAAAQIECBAgQIBA7QQEm7VrmQETIECAAAECBAgQIECAAAECBAgQICDYNAcIECBAgAABAgQIECBAgAABAgQIEKidgGCzdi0zYAIECBAgQIAAAQIECBAgQIAAAQIEBJvmAAECBAgQIECAAAECBAgQIECAAAECtRMQbNauZQZMgAABAgQIECBAgAABAgQIECBAgIBg0xwgQIAAAQIECBAgQIAAAQIECBAgQKB2AoLN2rXMgAkQIECAAAECBAgQIECAAAECBAgQEGyaAwQIECBAgAABAgQIECBAgAABAgQI1E5AsFm7lhkwAQIECBAgQIAAAQIECBAgQIAAAQKCTXOAAAECBAgQIECAAAECBAgQIECAAIHaCQg2a9cyAyZAgAABAgQIECBAgAABAgQIECBAQLBpDhAgQIAAAQIECBAgQIAAAQIECBAgUDsBwWbtWmbABAgQIECAAAECBAgQIECAAAECBAgINs0BAgQIECBAgAABAgQIECBAgAABAgRqJyDYrF3LDJgAAQIECBAgQIAAAQIECBAgQIAAAcGmOUCAAAECBAgQIECAAAECBAgQIECAQO0EBJu1a5kBEyBAgAABAgQIECBAgAABAgQIECAg2DQHCBAgQIAAAQIECBAgQIAAAQIECBConYBgs3YtM2ACBAgQIECAAAECBAgQIECAAAECBASb5gABAgQIECBAgAABAgQIECBAgAABArUTEGzWrmUGTIAAAQIECBAgQIAAAQIECBAgQICAYNMcIECAAAECBAgQIECAAAECs0hgINfaNovqVSoBAnEFBJtxe6syAgQIECBAgAABAgQIECBAgAABAmEFBJthW6swAgQIECBAgAABAgQIECBAgAABAnEFBJtxe6syAgQIECBAgAABAgQIECBAgAABAmEFBJthW6swAgQIECBAgAABAgQIECBAgAABAnEFBJtxe6syAgQIECBAgAABAgQIECBAgAABAmEFBJthW6swAgQIECBAgAABAgQIECBAgAABAnEFBJtxe6syAgQIECBAgAABAgQIECBAgAABAmEFBJthW6swAgQIECBAgAABAgQIECBAgAABAnEFBJtxe6syAgQIECBAgAABAgQIECBAgAABAmEFBJthW6swAgQIECBAgAABAgQIECBAgAABAnEFBJtxe6syAgQIECBAgAABAgQIECBAgAABAmEFBJthW6swAgQIECBAgAABAgQIECBAgAABAnEFBJtxe6syAgQIECBAgAABAgQIECBAgAABAmEFBJthW6swAgQIECBAgAABAgQIECBAgAABAnEFBJtxe6syAgQIECBAgAABAgQIECBAgAABAmEFBJthW6swAgQIECBAgAABAgQIECBAgAABAnEFBJtxe6syAgQIECBAgAABAgQIECBAgAABAmEFBJthW6swAgQIECBAgAABAgQIECBAgAABAnEFBJtxe6syAgQIECBAgAABAgQIECBAgAABAmEFBJthW6swAgQIECBAgAABAgQIECBAgAABAnEFBJtxe6syAgQIECBAgAABAgQIECBAgAABAmEFBJthW6swAgQIECBAgAABAgQIECBAgAABAnEFBJtxe6syAgQIECBAgAABAgQIECBAgAABAmEFBJthW6swAgQIECBAgAABAgQIECBAgAABAnEFBJtxe6syAgQIECBAgAABAgQIECBAgAABAmEFBJthW6swAgQIECBAgAABAgQIECBAgAABAnEFBJtxe6syAgQIECBAgAABAgQIECBAgAABAmEFBJthW6swAgQIECBAgAABAgQIECBAgAABAnEFBJtxe6syAgQIECBAgAABAgQIECBAgAABAmEFBJthW6swAgQIECBAgAABAgQIECBAgAABAnEFBJtxe6syAgQIECBAgAABAgQIECBAgAABAmEFBJthW6swAgQIECBAgAABAgQIECBAgAABAnEFBJtxe6syAgQIECBAgAABAgQIECBAgAABAmEFBJthW6swAgQIECBAgAABAgQIECBAgAABAnEFBJtxe6syAgQIECBAgAABAgQIECBAgAABAmEFBJthW6swAgQIECBAgAABAgQIECBAgAABAnEFBJtxe6syAgQIECBAgAABAgQIECBAgAABAmEFBJthW6swAgQIECBAgAABAgQIECBAgAABAnEFBJtxe6syAgQIECBAgAABAgQIECBAgAABAmEFBJthW6swAgQIECBAgAABAgQIECBAgAABAnEFBJtxe6syAgQIECBAgAABAgQIECBAgAABAmEFBJthW6swAgQIECBAgAABAgQIECBAgAABAnEFBJtxe6syAgQIECBAgAABAgQIECBAgAABAmEFBJthW6swAgQIECBAgAABAgQIECBAgAABAnEFBJtxe6syAgQIECBAgAABAgQIECBAgAABAmEFBJthW6swAgQIECBAgAABAgQIECBAgAABAnEFBJtxe6syAgQIECBAgAABAgQIECBAgAABAmEFBJthW6swAgQIECBAgAABAgQIECBAgAABAnEFBJtxe6syAgQIECBAgAABAgQIECBAgAABAmEFBJthW6swAgQIECBAgAABAgQIECBAgAABAnEFBJtxe6syAgQIECBAgAABAgQIECBAgAABAmEFBJthW6swAgQIECBAgAABAgQIECBAgAABAnEFBJtxe6syAgQIECBAgAABAgQIECBAgAABAmEFBJthW6swAgQIECBAgAABAgQIECBAgAABAnEFBJtxe6syAgQIECBAgAABAgQIECBAgAABAmEFBJthW6swAgQIECBAgAABAgQIECBAgAABAnEFBJtxe6syAgQIECBAgAABAgQIECBAgAABAmEFBJthW6swAgQIECBAgAABAgQIECBAgAABAnEFBJtxe6syAgQIECBAgAABAgQIECBAgAABAmEFBJthW6swAgQIECBAgAABAgQIECBAgAABAnEFBJtxe6syAgQIECBAgAABAgQIECBAgAABAmEFBJthW6swAgQIECBAgAABAgQIECBAgAABAnEFBJtxe6syAgQIECBAgAABAgQIECBAgAABAmEFBJthW6swAgQIECBAgAABAgQIECBAgAABAnEFBJtxe6syAgQIECBAgAABAgQIECBAgAABAmEFBJthW6swAgQIECBAgAABAgQIECBAgAABAnEFBJtxe6syAgQIECBAgAABAgQIECBAgAABAmEFBJthW6swAgQIECBAgAABAgQIECBAgAABAnEFBJtxe6syAgQIECBAgAABAgQIECBAgAABAmEFBJthW6swAgQIECBAgAABAgQIECBAgAABAnEFBJtxe6syAgQIECBAgAABAgQIECBAgAABAmEFBJthW6swAgQIECBAgAABAgQIECBAgAABAnEFBJtxe6syAgQIECBAgAABAgQIECBAgAABAmEFBJthW6swAgQIECBAgAABAgQIECBAgAABAnEFBJtxe6syAgQIECBAgAABAgQIECBAgAABAmEFBJthW6swAgQIECBAgAABAgQIECBAgAABAnEFBJtxe6syAgQIECBAgAABAgQIECBAgAABAmEFBJthW6swAgQIECBAgAABAgQIECBAgAABAnEFBJtxe6syAgQIECBAgAABAgQIECBAgAABAmEFBJthW6swAgQIECBAgAABAgQIECBAgAABAnEFBJtxe6syAgQIECDQ2gKDeXhzWnuIRkeAAAECBAgQIECAQOsKCDZbtzdGRoAAAQIECBAgQIAAAQIECBAgQIDA2wgINk0NAgQIECBAgAABAgQIECBAgAABAgRqJyDYrF3LDJgAAQIECBAgQIAAAQIECBAgQIAAAcGmOUCAAAECBAgQIECAAAECBAgQIECAQO0EBJu1a5kBEyBAgAABAgQIECBAgAABAgQIECAg2DQHCBAgQIAAAQIECBAgQIAAAQIECBConYBgs3YtM2ACBAgQIECAAAECBAgQIECAAAECBASb5gABAgQIECBAgAABAgQIECBAgAABArUTEGzWrmUGTIAAAQIECBAgQIAAAQIECBAgQICAYNMcIECAAAECBAgQIECAAAECBAgQIECgdgL/D9qd+78w1/4oAAAAEGRlQkcwRDc0QUU4NUVEMTQ5Q0IwA39gdAAAAABJRU5ErkJggg==	29e14a79-6362-4df8-aeeb-1c7848e1adf0	705ff586-073e-4d28-be5f-332fb69320a9	2026-05-10 14:16:44.648	2026-05-10 14:16:44.648
fec4ff3c-0903-4fb9-9cff-3800e71b7f16	Homepage Wireframe Sketch	data:image/png;base64,iVBORw0KGgoAAAANSUhEUgAABTYAAANMCAYAAABmQ/KlAAAgAElEQVR4Xuy9B7wjV333/Zd06/bqbd5dr3svFAPBuGCqTQkQyBsebAjwgCEJEBICDnneN58ApobQEnoI2DyUAHkAExNiwDbwUIwN7m29612vvb2XWyW9/9+M5t6R9hbp3pGuRvqez86ONBqdOed7ztXM/OZfMkUvRoEABCAAAQhAAAIQgAAEIAABCEAAAhCAAAQgkCICGYTNFI0WTYUABCAAgYQJFLy+bMJ1Uh0EIAABCEAAAhCAAAQgAAEINIIAwmYjKHMMCEAAAhCAAAQgAAEIQAACEIAABCAAAQhAIFECCJuJ4qSyliWggA2Zlu0dHYMABCAAAQhAAAIQgAAEIAABCEAAAqkjgLCZuiGjwRCAAAQgAAEIQAACEIAABCAAAQhAAAIQgADCJnMAAhCAAAQgAAEIQAACEIAABCAAAQhAAAIQSB0BhM3UDRkNhgAEIAABCEAAAhCAAAQgAAEIQAACEIAABBA2mQMQgAAEIAABCEAAAhCAAAQgAAEIQAACEIBA6gggbKZuyGgwBCAAAQhAAAIQgAAEIAABCCRKgGShieKkMghAAAKNIoCw2SjSHAcCEIDAtAkUvIbstGuhAghAAAIQgAAEIAABCLQXAa6j22u86W07EUDYbKfRpq8QgAAEIAABCEAAAhCAAAQgAAEIQAACEGgRAgibLTKQdAMCEIAABCDQGgTwBWyNcaQXEIAABCAAAQhAAAIQqD8BhM36M+YIEIAABCAAAQhAAAIQgAAEIAABCEAAAhCAQMIEEDYTBkp1EIAABCAAAQhAAAIQgAAEIAABCEAAAhCAQP0JIGzWnzFHgAAEIAABCEAAAhCAAAQgAAEIQAACEIAABBImgLCZMFCqgwAEIAABCLQjASJjtuOo02cIQAACEIAABCAAAQjMLAGEzZnlz9EhAAEIQAACEIAABCAAAQhAAAIQgAAEIACBKRBA2JwCNL4CAQhAAAIQgAAEWodAwbuSbZ3u0BMIQAACEIAABCAAgbYhgLDZNkNNRyEAAQhAAAIQgAAEIAABCEAAAhCAAAQg0DoEEDZbZyzpCQQgAAEIQAACEIAABCAAgboTwM677og5AAQgAAEIVEkAYbNKUOwGAQhAAAIQgAAEIAABCEAAAhCAAAQgAAEINA8BhM3mGQtaAgEIQAACEIAABCAAAQhAAAIQgAAEIAABCFRJAGGzSlDsBgEIQAACEIAABCAAAQhAAAIQgAAEIAABCDQPAYTN5hkLWgIBCEAAAhCAAAQgAAEIQAACTUeg6C3KNF2raBAEIAABCPivc9ELICAAAQhAAAIQgAAEIAABCEAAAhCAAAQgAAEIpIkAwmaaRou2QgACEIAABCAAAQhAAAIQgAAEIAABCEAAAgEBhE0mAgQgAAEIQCClBP777rx989fDNpQv2gnLcrb3UNHmzzKb1Z2xrXuPfn3sooxlMxk7dWXWnnpiFqe6lI47zYYABCAAAQhAAAIQgAAEQgIIm8wECEAAAhCAQAoI7DhQtB/elbeb783bUMFs98GC7TviJ3IP+RUFlZnodWUXLz4tZ+/9o64U9JwmQgACEIAABCAAAQhAAAIQGJsAwiYzAwIQgAAEIDDDBIbyZtv2F4Pljk0Fu3WDb3DBcumcjD2+r+giZtF2uTVm8ERSQmapvVEag3hKg/Fej9XF7/5lry2eM8Od5/AQgAAEIAABCEAAAhCAAASmSABhc4rg+BoEIAABCECgWgJx4fIXDxTszi156x8qWk9Hxva4YBmJlpWWlxIxoxIJltonEjcRNqsdAfaDAAQgAAEIQAACEIAABFqRAMJmK44qfYIABCAAgYYT2OVWlVv2FO3m+wv2+83DNjBsRwuX3qqYVnlUG+PWlpUfjgibk9RRbcdPX5W1z722u9rd2Q8CEIAABCAAAQhAAAIQgEDTEUDYbLohoUEQgAAEINCsBGRZ+ZiLl4/68tieQrDe4mtt6xsKXcSnKlyqz9W4kQdWnTFTzZ7OjF1+Xs4G3AJ05wGzOb1mnVmzvYfLX8/17SsWZKzbrURPWp6xJxyXs1mE2GzWqUa7IAABCEAAAhCAAAQgAIEqCCBsVgGJXSAAAQhAoD0IyGV8u8e53OrLLx8q2O825e3IgFkuWzQl7+l38XKiMqmwWXIjr4ZmZV1yPz/TrSzn9mZswWyzfS5cXnRa1i45rQOBshqg7AMBCEAAAhCAAAQgAAEItBwBhM2WG1I6BAEIQAACExGQOLlxZ8FuvKdgtz8ybIP+vqcrY7sV69LdyVWiOJa1kpzK92a7N7gsKZfPz9qKhWFmoEP9RZvdk7EgNqcnD3ry8Vl7wXkdNgfP8VqHpK33L3jv3XiXAgEIQAACEIAABCAAgZYlgLDZskNLxyAAAQi0L4EDfRZYWMp1/OcPDNvdjxXtcF/RhlzpkXg5qWWl75GZ0Km8erZx4XKlC5fyIu8fLtrTT+qws9dkESurR8meEIAABCAAAQhAAAIQgAAEygggbDIh2oMAZivtMc70sq0IHHIX8S/fMmy/fHg4sEqb4y7ae13IlKCpxD0TFUmbSQmXOs7iOWbHLsr6EsawHMoX7WkndtgT1iFcttWkpLMQgAAEIAABCEAAAhCAQEMJIGw2FDcHgwAEIACB6RCQmHnL/Xn7yb3D9quH/YlF6Dlec5nMZTyqNp4ISOLl6sVZW+VWl5GIuWph1tYukZhZcxP4AgQgAAEIQAACEIAABCAAgWQJtKFRF8JmslOI2iAAAQhAIGECG3YW7fu3D9tN9w27G/moljmZO7maMZ6AOdZ2xa9c7rEuVyzwWJe+nu8WoDsOFuzpJ3fYE4/LIl4mPK5pqO7IoHnyqKIF68HSuvS+z98rVuumXWbHzMvYOR5WYP4sswU+b+bPCpe5PWnoJW2EAAQgAAEIQAACEIBAegkgbKZ37Gg5BCAAgZYjcLDf7O4tBbvnsbzd6+v7Hi/YAd8Wt5yMOj2Z1WUgbJZ2jn9/tbuLr1saZhfXHnIZf6K7jCNCpX86RQJkXyBIRmKkC5L+OthWJk4Ww20T7DcRkWqE9ZzHSJjf60tJ6JRYviB47QJotM3XC2L7zOpK/zjQAwhAAAIQgAAEIAABCDSKAMJmo0hzHAhAAAIQKCOgjN8PbA3Fyzs3F4LXj3sG8MoynoA0lrDZlTNb6tZzy3wJ1vMzNqvbLS897uYFJ+XsPLe87PR9KDNP4HAgNrq46Fnp+11gHHk9FFpG9vtnj7i17qZdRet1y0cJz8pgP5blZCBc+meNLNUIm1Ntj8IeSAxd6Mu8kgXoAhdDI4F04Wzf3iOR1Gye79PbOdUj8T0IQAACEIAABCAAAQikmwDCZrrHj9ZDAAIQSAWBgqtAG12k+vmDefvvu4dNWcv3Hy6a59iZtEwkIMkC7vhlGXvBuR32lBNygdBDSY7AoIvPsmqUyBiIjS46SkCUCBmIkbHXR/yzcFtoCVn2OiZW6juDkyR3Ug+qschNrqdTqKmeymaNzZGgH4qeFoqhsgIdsRINrUMXuBiqv5d5bh0q13kKBCAAAQhAAAIQgAAEWoEAwmYrjCJ9gAAEINBEBCRiyspOFpjR8uC2gotiU2tkpTv5rK6MXXZuzp55Ws7O8riGMyXRSOiTQDcwXAzW4eIZ2SXcuSA48jq2jyxSNzsbCVCK4ylX5UaVnQeLtm2v2WwXtiR+BeJkyQJS68BiMhIvA7ftRrVs7OM0kW44ZgObvX2TjV6PW3lKDA0sQUdc5MPYoHHrUH2m+bpkzkz9pU3WEz6HAAQgAAEIQAACEGhnAgib7Tz69B0CEIDANAnInXj9joLdeHfe7tict/1uiXmwLxT6KstUhaB1SzO2xrORy3X9+Wfn7OLTczWLmbtc1NMice/uLXm7fZO3xv+tXZK1ro64MOlCpVsXDgTCZLk4KaFS26bq8jyTFogzeewpT7GpTpgpH/DoL8oSstdjXiqcgWJfRuteF9f1XuLvviNFTyyVsdmefEqv9weL2a5DVZgjJ9jWRlSlPsv6c6GLnAoNEFmFKmHSvChu6IjrvO83uxGt4hgQgAAEIAABCEAAAu1KQEngETbbdfTpNwQgAIEqCchd/LE9bmm4u+CLLA5La3+/zwWcavWnasQ1xRY8bWXOzjw2a6etytrpvkwUP1DHD0RLF5GCtcfSHHldEjP3uMu7rEhVqm1rlWhq2m0mjz2jHa+J0ujOU+FVKUTO9jiUmj+REDkiULowGRcs5/h+smCUNXAkYCaRTEoiuITOUPCMvXbxX+8jIVTrA75N8zmvq7MWKmUCaMldPrQCjVmHxsTQuW5RjG1oC00AugIBCEAAAhCAAATqTABhs86AqR4CEIBAWghEcTBvuCNvt24cdrfkjAsM7r7s7tMTxcKsRrAMREVXqjIxxSLrr89anbUzSgKmRMwo9p+yo0uo3O2CpawsI4vLERHTBcztvtRcpqKW1XyQsb8wg4duSl2zuyO0huzpDEVGiY+RuKi1tmV9kjy2t2CLPD6k5kkkTNZLiExoqKdVzSG3gh5LDD3QX7S9LtJLEA1F0NA6VGJoq5Uok3xkEaq/e3E5fVXGXujxdE9e4XOB7PGtNuz0BwIQgAAEIAABCEyJAMLmlLDxJQhAAALpJjBeHEzFWIyLj1X1sgrFTpZ0JyyTcJn1+JNFO2VFxlYvytoeWVpG1pYlV3GJGNUkl6mqbRU7VdHUqVTb9N+ZTr/lYi3RUZaPPXLHLgmQo9tKwqQLlJEgGXxW2jcUMMP3kYiJKJXslFEyrhE3+JLlp0TPgzExNG4dqgcHaSnjzd1jF2Xs5OVZO8kXrU9xsZPkYWkZVdoJAQhAAAIQgAAEkiOAsJkcS2qCAAQg0JQEaoqDWWFVWVWHKpQHCaPLPOvyPHcv7XRBs+CutYc8buUeFyzVlpks0xH4Ktvd5YKdRLtwnQnWWiTeqd/h+0y4j4uC2keWdrK6E5u1SxrrcCu36A07ikHcwxOWZoPM2RIY1d5wLeFyVKRU9mxKaxLQgw2JoWE8ULf6jLnGx61B4+7yspickVLDH61CWUjolMh5kj9IkeC5cmFj/85mhBEHhQAEIAABCEAAAm1MAGGzjQefrkMAAq1DoJFxMCNqciUPhEsXHgY8qY7ey91cAfKaRUqQiLdkbibI6Kz1UrcYleXgox4rVO2W1ZdEvREBsiRSdrvIJytTbQ+ES70vvZ7jFowUCLQbAf3GlMUJlShaESs0FElHBVMlV5puqUHXHPNQsjiOLDpPLImdxx/TLL9Q06XD9yEAAQhAAAIQgAAEEDaZAxCoKwFlgcjW9QhU3l4Etnq8Sy0/e6Bgv/cs5KEFpMebTDAOZlyYlKggS8O8qxrDQcq5Ud4zKQ0oIUkgWJaWpb5eHImXeu2LrEYpEIDAzBJQjNx4XNAokdJoBvlyi9F6haGIU9BDi+Nd5DzVLTtPXJYJrDxl4amHGBQIQAACEIAABCAAgXQRQNhM13jR2hkkcO0vhu1Hd+UDy4+/urzTZrkFFwUCSROQhZMykD++r+BJU3wdLAV/HwqayphcbbKesrZVYfbU4Rq8krPIdVyJSlQkDUYxN6uoYto4FMcxsKyMBEsXJyPBMrK8xLV02pipAAJNTUCJwQLrUMUL9dAN2/YXPYxCwXr992m3f/bgtkKQVCzpIktOWXWeEsXudOETC+2kKVMfBCAAAQhAAAIQSJYAwmayPKmtRQn80w+H7Nu3DgeZhfWf3FK//dZeWzirRTtMt+pKQAKlhMpAtJSAGQiZRV8XPNnH5IdORNh0xXKxZ5rWnN4dCQSTuJBP6bix7qxYULKwdMvKpS5YRu7hI1aXvk3CJgUCEIDAZAQUI/QBFzgf2loIhE4tCjGRtNyp3614kqKTl4e/YxQIQAACEIAABCAAgeYggLDZHONAK5qcwCXX9AVZmuMWa3LPvf4dPVhuNtnY9XuClI07C/brhwv2iwfzQexHWdzIElHWjn2DxSBpxmkr62d5K6vLLRIrZWkZiJcuWpZeywpzuqUWgTGwgHTBUPNVoumeQ4Uw4/gU4mCOZbGZcyvPEYvKkit43OIyEi3lOk6BAAQgUE8C+v1fv71gD7jY+VBJ7Ny4s2hD+WSPqti9Ejvjgucqj9eL3JksZ2qDAAQgAAEIQAAC1RBA2KyGEvu0PYFnvLcvEMVG3HJd4ZHII9fdr/9Fr62Y3/aIGg5gl1sZSjz86X35INbkERfthnyMtD1IYDNGCW469V9p/JT45mt/Xtv4KYGGLBx1nN2HinbrhoI97C6SOuaA3zw/XqXV5XSAjZWgZ9l8z7K9OGPzZ/uk9B1CcTVvm3ZN50jl31UW71WeYVjJd55/dqed7G6ai/wGnwIBCECgWQno3C1xM7Lq1Hq9L0kkNor3WUnITiyJnZHouW5pxvTwhwIBCEAAAhCAAAQgUD8CCJv1Y0vNLUTggvf0jVprlszWIrd0JRv4zttwS09quJWpep/HVlNcNSWX2Ovr328uBPHVdIN6xC0uZQUpy5zxSmRZWLkO9q8wO+xxi8ZvvaXXFpTCCkSC6c8e9OQ8m/I2NFy0eb0ZOzQQiplqW1QaEXMy3kdl8F7pbpErF2ZtobuRb9tfsKVuJamkPve7hdL9jyd3sy4eZ6zK2emrsnbGsdlgrRt3CgQgAIG0E9Bvt0KAjIidJXf2+O97En3UwzPF7VRyokjsVAxPnXcoEIAABCAAAQhAAALJEEDYTIYjtbQ4gYvf1xdYA6oEBn8xi0C9n+8i0w/+Cl/b8aZBpZXjHZsUD61onX5z1+03fkoQIQFTQqbcxOOlFrfr6HvjCZuVQmQ0jD3upr1igQUJKiSYVi1YVr1jdX8g83stEC2VHEci5or5WZN7o8TMRS5gSri897GC3VNatnt7kyi6+dZNd1zE1DEpEIAABNqJgB5e6dwkwTNyZVdM5CSLfllXu3X9iCu7W74rWdE8//2nQAACEIAABCAAAQjUTgBhs3ZmfKMNCTz3w312yF2dM3JhLrkyBxhibs1vvrTL/uj8XNtZYih2mQS2rb78cn3B7nS38IGhos1PyMpRqSDGi1xWs+jp4yd9OuvjNtF3q6232v3ifzJxq0sJmKslYC4IBcx44hy5Tt7kbvY33jPsYq+E3+T+8CRaygrzDLfCPE0Wmb5QIAABCEDgaAKHBiy07CxZdUrw3LSraPIuSLIs81jIgWWnC51KUKTX2kaBAAQgAAEIQAACEJiYAMImMwQCVRC49AN9dsQt+bISNn3JuA4kkbMyU4BuQRZ7tlQJZ4qt9fqLuzxJTbpvTCRc7jjgwqVbrWzzZau7P4+89vdBTEvvd7XGi9XuV8WwjGS/jROWUHjc0qzN9oRBctFWopw+jzdZ0MC5Kr33sMfEdNFQLZ6uYDqWsCkX7sDqMnAZD93GFZdSr4/xm9SxZsNhv3G+a0tojXnvlnxgkSnL1UwCU0ccTvdESWesdovMlTk7y9ck8qlmdrEPBCAAgbEJ6LyiJEWhZWdo4alYy0FitgSLrDgrkxTJ2lPXGBQIQAACM02gz++NBnxRYk55PPW7YYO29ft1t15rmz5T4sxH/Np7vl8jr/Dr4/FiD+/xh/hbfV/tJ0OAaspOvw/Zts9suceaP3utx36flbEFHv99oa/l7SSvJEp9CURhvG5/pGC/ejhM3Drbw1cp/r/GUeP68PainyOLttDHRMZCB91oo7IoTMsaj+c/2xO+ah4c6FOIrUzgUXbFBR1BLgEKBMYjgLDJ3IBAFQSe5cJmPKZj9FNc+fNaKXRpvycdl7UXP7HDLjw1FyQbml4J7A2nV8UY35YAqBPOf9+dt98+MmxDfiHS4yeVKElONQes2nqxRmVzLNaL58iVLxQMF8/J2t4jBXvaCR32tJOyVV3AfPYnw3btLyYI0jlGh3UjuchDDix1cVLrKPO3bmQP+0Wb4qY9w8d4QRXuhHIpj9zJZQX0iFv/JFVOXJaxc9bk7BS5N/pygsd3o0AAAhCAQH0JKOTKZv8tl8gZZWWXdacsPpMsuvHT+SYueCqOJzfvSVKmLgi0PgGJTTvdcEGJMO9wb6vbPUyULNHXLMr6/UpJoCyJk5FQGYqWoWAp8aqaEoXvmuxhfbX7xY9Zzb2HvKEW+HX7gpLgqati9UcCmwSzeT1hUszernA9y9eKKR+9JyZySHwkB8EDBbtt07AL1i5Qu5WPjF+CMF4VtzLReAd2Jf796G5kvDueKEFvWbi3+C2Mf3GW35ue6WP27pd02WKSl1bz59dW+yBsttVw09mpEnjRR/uCp01RCbNSH23xN94JVjaNiuOoE+jTT84Fotgc/3GWNd0cP6FG60YkZ9l9KLQ0edgXrde7lYnc6iRuTkcCq+biQvyCE5qsXic4WHQRoietijupiwy5Y593XM7+0EXiJCwOv3TLkH3h5uGyPscF024fr2G/wnvK8R12pls5LnIxdSp8ZN0qS8z7XMy8260ytVRTqtF/NY/kRj7iVu6WmUpmRYEABCAAgeYgoGR3gWWnn28jwVPn4aTLYj9f6uGpXNl1nnzKCck/BE26zdQHAQgkT0AP3CU2yZJRy67SawlTI9v8tRJyNqJUcz0b3R/UfJ1dbeWljta4e/AttSkUPsP7kbFEUAm+yhUgzyzdqyyWkNpkVqPywFMuAS3KdXDrBt/gnTvVzxmVMZ5lYav9CoWMC5iFwOI2Ei/Hu3+L2FYyjhuoTGTGERc+o3wWI8cqVRp9Xxa///4XvR6upREzmGOkhQDCZlpGinbOKIGXfLw/uEiIfJ/1w3remqzd8Wj5VcFY4l4tJ1H9kEvknO1i55yS6BkIoJ6XKO8nl/1umSghdK2b6VfrirZpd8GfyIbu2DsPFDxRz9goJ4plOVX441k59nRmTO3K+olJVoVyH9FJtdFuIzffX7DrfzfkYQOy9tqLO118nmpPw+/pwiZI7lNyK9cT8IPubjGVUjmXdMMqgTVI8OPL2atznhl9KjXzHQhAAAIQmEkCyr5+v1vry6JTYqeETwmgUy1jXXtEImd0ztADMJLCTZUw34NAcxCIrCx3HiwEFnRaIhEzEC79XqVWK/FqDROmSqDa+6Bq9ytrR41fqnH3qrpcDb+41aiu3bOu2B1xy9e5no9A7tVjueZX45Y/3j5b9oQitu4rA0FTocPcMldlMsvYCXMQTBTGy+uO0lBUGFoGx42nqBgLbKWwWblPpdVnzr/w0id32luf2zElw5OqBpedUkUAYTNVw0VjZ4pApSu62vHJK3sCK8If3zMUiFf6Qb7Lhc4jLiDGn2ZVc8KbrF+TnYTG/X49zuCxg0l8Xe6xcpT8RjFzxGDA46c87aSO4AngVK0cJ+PRLJ+vd/f9ex7LB2Km3Msf3jH1G9PKPh3n4vUqj8/Z6WLrZefk7A9OIkhQs4w77YAABCCQNAFdO8QTFIVxO6s7p1R7qpe3gwROPRiLEsc1wlMkaVbUB4FWIyAry+2RZaWvA8GyJFxGVpf6vB6l2t+Pehy70XXWpa81VlrNPd109pmsOZN/Pn4OgkaOV5xBmdVnyc4oEEL9P8Xx/M5b/ORGaXsCCJttPwUAUA2B8YTN89Ye7TRxx+aCfemWYXc5zk9qtl/NsbXPZCehauuZaL+xjlEpXMqyUgKmhEydSJJwCU+i7Y2oQxY2dz7qiX1K1pgSMmWhmURRwqEzVuWCG05Z12jhZjMJstQBAQhAIN0EdK550BMUKTmRXiuETGVsu+k8QFV8Tj2IDEOa5Dx+Z83OoOkGTOshUGcCsqiUUKlYlr/15Cob/G9YHkvyapqqlWWSTQ5EI/9vshiYYx1TluFyzZYnlmJR9pRiU3b7Q/lebfP33b79sBuAyBhknlsoKjnMWL8yaocsTuVlNte9uHS/UU3s4O1yr/bkQZ1+nE5vz6GBou1x1vuOKPlMeavrcj9VY6XV7D6dfSb77mSfT3avqM/j4xeF8VKS1E43o1SyKJ2j+jy+tMZRBjBy09/oD+pkPTrHNcgj/tlhH6e4VK86NY+OdQtWedDt9RBwCq+lh35b3MtPwr7mqOLARvE4o3vkT1zRY088jnNXkr8LaawLYTONo0abG07gqBib3oLrruoJMp+PV/Tj/dP78vavHsdxy57pBbKZ6kmo2u9JWDvJkxEsnpf10KFFjwPaYU9c177Zs/XkPJ7gRxaZQSiCBEqXG16epJvIkku5RExdvFEgAAEIQAAC1RDY6NmFFbNTruxa7vZzlG4ipyJMVB5PN5JKziCLzrM8/MmZx3pSPL9GoEAAAqMElCxM4lkkWEZu4XL3jW/b5+JMdPU4nQcQSbKXUUKUAFMJMbXM9tiRj7r78jz/bLHHb5coKUEyiicpoVKik94H20uvqw2LlWT7a6lLIpgME/a5sLbPhdW9Pj6Keb/eHxYt8X6rX3IJV7iuaC1hLnovUS3pWKTV3JtNZ5/pzrO4dWTE+qikrYcL9tQTO3zJBgwbUT54/ZB973a/QRvDZ/39L+/xJL3cSzViHJr5GAibzTw6tK1pCLzqM/2mG4n4o6Xr3jSxsBlv/I335O0Hv8t7NrcwhuZhvwE51K84OL74U0w9tdJaCXySLGGSo/InayctzwQxJZVVVWKmYlxWBo1Osg3NXpcQKZNtEBszWPL+NN2DqiejY9qxi8KkUZGQedLy7JixdJqdE+2DAAQgAIGZJTDRze6ju4v27d8OB9cWSvTwgN+8D/oD1iSKEmLIqvNsjy2u89nZLnhSINCqBOIWloFg6WLY7pJbeCRcSiyrtVQjVtVaZ+X+8qZa6sJksPjfrQRMLcv8tRKM6ZqUUhsB3Q/I4lSCp4ROCaAD7rGle7dIAH3Y7xt0LzHfkwblXU3d7yLqeFajtR09mb117ykjiuXz3ZjCLSt1P6tzhXI6jOV9p0RBSiwrI5fnnNXhORCSacd0a/nFQwV759cHgjihI1nXvdJPeXi4sbwop3s8vp8uAgib6RovWucUeW0AACAASURBVDtDBK6IhM3Y8a+dxGJzKk3VyXO/XyzpZKMTpk6gB/3keNCF0IfdKmOz37johLSohqQx8ZPTZeckk1F8Kn1rlu8oHqpiod7rAqaEzPt8qTXQ+nh90cVB5Eoulz4l+5E7PwUCEIAABNqMQCNUjAmQ6npCVknRuU4P73QNkURRogs9GA0e2pVCqKxGMEkCLXXUkUC9BMtqmzwdS7qxrCyXuFApoWqRryVkklCy2pFo7H6VVqMSPGU1Ktfs8e7pqnHLn2ifXQctCH3wJBcmLz69w46Z29g+1/NoF1/TF7i0x+O0IWzWk3h66kbYTM9Y0dIZJNAoYXMGu9iSh5YFrJIxSMCMLDKnk3k2Dkk3dopFJgEzEjPXeFwYCgQgAAEIQKAZCchb5G6PEx2cEz0OuNZ62JdEkefH6SsldIbxos/0hVjRSZCljjiBf7xhyH6/qWC63lJ82MrymGd/VozGzmwxjGFZcg2fioVl0uTHetahGJWBW7hcwkvWlSNu4tF2/0xhjCgQgIBZIGzKI73056+/K4RNZoYIIGwyDyBQBQGEzSogNcEuEi3jIqZijwVP9RIocu+RO3nkVn6K38BxoZkAWKqAAAQgAIEZI6C4elFSPIViWa9QLAmFxZH4FIRhCaw6c3aCPwz03BIUCEyJwId+MGTfvW143FiyM2wkfVSfZFEpkVIu4JFYOTjsHlnujXW8Wzw/5ficW1xOCQVfgkDbErjofX3BOWoka7qT+OSrcUVv2wkR6zjCJrMAAlUQQNisAlKDd5Gbvm7GQiEzH1hkJvVEXlYmp8rypCRknr0mZ/PdGoUCAQhAAAIQaGUCissZJM/z82vk6ZBU8jwlmdBDQSUnitzYZaVGgcBkBJRl+TkfDAWN8UqjhM2xBEu5gysW7UKPsRiKmZP1iM8hAIGpELjEhc2h2O+ABE4Jm09Yy7lkKjxb6TsIm600mvSlbgQQNuuGtqqKFStMCX1kTRJZZCqodRJFrkrHeXb7MLlP6Fa+zt2bOD0mQZc6IAABCECguQjojrC25D96aHjH5vABos7BEj4VvzuJIhEoSq4ny87T5A3RoCy7SbSfOupPQCL7+747aJvcuniia7PpxLBULxAs6z+WHAEC0yVwoQubhYoHHB/6k277A8/QTmlvAgib7T3+9L5KAgibVYJKaDdZh4xmKS8E2V31tD6JoqfocokLrDHlHuc3UT2dSdRMHRCAAAQgAIHWJ6BkGBs88UXwsLFk2flIQg8b5ap+fCl+deQ1sWYJDxtbf1Yd3UPNrS/cNGS3bizE84SMi2Isi03Np4UlV/BIuNR6cSmeZeQmrsQ7zfxAu1HWqO04z+hzegjs7zO7/CP+X0W57qpeN1JJTz9oaX0IIGzWhyu1thgBhM36DagES4mYgZBZukFSsPckiqw+Tl1Rnrl1mbsKUSAAAQhAAAIQSI5AEB5m5DyebHiYOd1mp5Vidcqz4qzVWdM2SmsSiAuaUQ+DeHrR5Vvp9bPPyNnqiqSNuw4Wbc/hop23NmcXnNxhxy5qTUb0CgLtSODm+/P2t9/0k41+C0q/Awpx8pOriRfWjvOhss8Im8wCCFRBAGGzCkhV7KJz0CM7owQ/4Y2PrD5k/ZFEiRIVhFnKc3bichIVJMGVOiAAAQhAAAK1ElBCv7tjDy6V0G84ocREqxa6C7t7XURu7Cctz1oOT8Rah6ip9peg+cWbh+w3G46eJCOJQkri5jlrsvbPr0bdbqoBpDEQqDOBv/zqoN26IZYV1u8fLz+vw65+Ia53dUafiuoRNlMxTDRypgkgbE5tBOQycNejpbiYfsF6n7uUy6ojiaJkPmGGco+L6Tc3Z/qipD8UCEAAAhCAAASaj8CQ348+uDWM0xnFy966L5knm105s5PdQyMudi6bj4dG882Co1sUWGi6oHnrGIJmfO+MT5Uz3Fr3ZU/usGef6QNOgQAE2orAcz/UZ4cHyrv89ss67aVPJDBzW02EcTqLsMksgEAVBF716X6rjB917VU9ts6TzlBCArphecBvWGSFeXfJpXzb/mRuWDrcCkPWGFEWVVloyFqDAgEIQAACEIBAegkc8Aegd5YegErgUmKipB6ALvK4iWccGyYFlOBJTO3mmidVC5rebAmZr7mw0+SZQ4EABNqTwMXX9NlwzGBTFD7/uh5POsfvQnvOiPJeI2wyCyBQBYEX/1O/7a6I+9jOwuagn1Q27CjY/32oYD+5d9j2Hyna3sNVgKxylxULMiVrzJKbmd+QUCAAAQhAAAIQaG0Cehy60UPUBA9JPTmR1nqfxGPSrN/76oF0KHSGSQSP8/fcEjd2TiFoNpY3R4NAqxB41gf6rH+ovDc3vKPX5va0Sg/px3QIIGxOhx7fbRsCl76/76is3B+/otueeFxrC266kdjqMbIedhHz4e2ltb/esqdoef8wiZsBuY/rJkOu5Kd6hvKzV+dsHjGg2+Zvi45CAAIQgAAEJiKgG9kowWDoxp5P7GGqrkFO82uPwKLTr0W4BqnfXETQrB9baoZAqxNQPoaL3tt31EOuW/6u1/TQigIBhE3mAASqIHDR+/osXxHL/Auv7/GM263zS3qw30yB/UMRU+uibdxZOOrJWIRLgdwzU+j+icsyds6anJ3sruUSMk84ZgqVVDFm7AIBCEAAAhCAQGsSUGxOiZxyXb/r0TBmZyLFr23m9mas1wVPJah5/jmeWdtD36wk/E3NeLd7OKLHfJxu89iZ/3nHsO30jOWTlUs90/nrLsLlfDJOfA4BEdCv3oyb2JSyk9d7RHSf+vwPe+ySWNGDqR+9E2uYerNPS/0Im2kZKdo5YwRkKSDT93jRb/gt7+5NdQbOf/iPwcACosvjLe9zV/I9NbqSV3MeWzLXs5bGYlvJGkLHa4ZSTfuboZ20AQIQgAAEIACByQnomiaw7Cwtyspeaxnv2qDTc9Ucuyhjqxdlbc2ScL3a4z2uWZy1BbNqPUpr7K/Y6mL8WLAUwvWecC3hWZ+rVHO9pRiaf0oMzdaYGPQCAnUgoN+Ul3/S1c1YWTYvY99+K37odcCdyioRNlM5bDS6kQQ27y7an/xL6Ye0dI280APSX/9X6X1C9P99Z9B+fE9F9OUaoVZabMoN4Gy3bggzlYfuXOJEgQAEIAABCEAAAo0mIAsfJTO8Z0veFxc93bqzMqNuZZuqEeEqvzOn21zsdKHThc+1vpYAKsFTHippL0ruFImWEjG3lIRLiZe7qrDAnMy7B0Ez7TOE9kOgMQQe2la0P/18ubApr78vvxFhszEj0PxHQdhs/jGihTNM4LZHCvbWawfKWiEX6i+8zq9kU1hkgfrcDx3tWl9LV5a6JaZOJovmZG3Yg548/eScXXq6mzNQIAABCEAAAhCAQJMS2LgzTEz0oIfeuWNz3tZ7/PB4mYqwOVFXj3GLIgmekfCp9Rp/30yu7YHLeMny8vF9bnHpcdQDMdPXh8ovf2se1bF4Su4ly3nNKPkCBNqawO2bCvaWr5T/IClcyD+/Op334209mHXqPMJmncBSbesQuOGOvL3ve4NlHbrwlJxd8woP7JHC8vmbhuzfbhmuKj6mYpccf4ziYIaZQxUX88RlWZvNOSSFI5/mJid9q5lmFrQdAhCAAASSIjAwbHZfyXVdgudtGwsu5tXuwj6V9hwnl3a37NR6lVzcSwJoPVzbH9k1KlZGruOywJRXUj2LLDaVaVJipl6vXJCxf/wf3W7Rmn5r1npyo24IQKCcwC0P5O1vv1l+P36BG9Z84I/TeT/O+CZPAGEzeabU2GIEvvyzYZMYGC9/dH6Hve25nanr6e5DZi//RCnDe+lCU53Q5eUJ7jIlFyqJmCe5gLnOhczl87nwTN0g02AIQAACEIAABKZMYINbdeqh9oE+xSHP2OZdBXvUrRd3HKivCBg1WA+V1/m1mJIWVevaPpbL+OMek26Lt7sal/EpwxrniytcwFzl7V+1MGvzPSzR/sNFe/ZZHXauW1hRIAABCNRK4D/9N/maCkOj552ds797McJmrSxbdX+EzVYdWfqVGIEP/2DIvnu7P9KPlTdf2mmv/IMmyYJTQ0+/8vNh+9xPy0Vaxcb82p/32Cq/CKVAAAIQgAAEIAABCIxNQK7rm3cXAsFwkwueW9zqceOOgh0pNySqGz65ts/ryVjWo//oqq3gZpBbvQ3TdRmvtcHdfgm8Si71C9zS1K0vAyHTrU5lkakYoxQIQAACSRL45q+H7RM/ag1DoyS5UNcoAYRNZgMEJiHwjq8N2C/XF8r2+vuXdtmzzkhfTMl/+fGQ/e//Wy7SvvRJHfb256fP+pSJCwEIQAACEIAABJqBwL4jFlh2blZ8Sk+wI9fvR10A1TrJ0sjALHKJl8VlYHkZxAUNrUi1XjwnyV5RFwQgAIGJCXzx5iH7kodSi5fXXNhhr7+Ie1jmTkgAYZOZAIFJCLzmc/1HBZf/Fw9UrAzgaSsKEP/Gfx2wXYfCC209+f/X/9lj9YjnlDY2tDfFBBp5p5diTDQdAhCAAAQaTyDIJu7LBrfsVHzL6bi2T5ZlvNbexV3GIwFzRckKswe9oFac7A8BCNSJwMf/a8j+/TflwuZfPLvT/vip6fOgrBOitq8WYbPtp8AUAbSRkPD8D/fZwf5yTt96S09q40/KquA/fz9sOddlLz4tZ8uIoznFPwK+BgEIQAACEIAABKZO4IGtYVKfyLVdsTwlfCblWh65jMvyUtnZJWQe6y7j4RqX8amPHN+EAAQaSeB93x20G+7Mlx3y6hd22eXnps+DspHc2ulYCJvtNNr0tWYC/R7K41kf6Dvqeze/uzcQBikQgAAEIAABCEAAAhBIkoAeQsuVfZNnLdda2cvHc21f6Ml55B4eJusJE/aE1pdZW+SfUSAAAQikncC7vjFoP/fM6CpFJcB1I6v3vaLLLjoVYTPtY5tU+xE2kyJJPXUgMPNmobqQfOW/lJtr6iLxe2/vrUN/qRICEIAABCAAAQhAAALjE/j5AwW7+YFhe/K6Drvw1KzhMs5sgQAEWp3Aqz7dXx6z2GWCj13RbU9ah6VRq499tf1D2KyWFPu1JYHbHinYW68dKOv7qSuz9oXXdbclDzoNAQhAAAIQgAAEIAABCEAAAhBoFIHnfLDPjgyWH+0fX9ltTzkBYbNRY9Dsx0HYbPYRon0zSuCGO/L2vu+V/4peeErOrnHTdwoEIAABCEAAAhCAQHIECl4Vt6nJ8aQmCEAAAq1A4OJr+m04Hya/jcrX/6yHWMGtMLgJ9QFhMyGQVNOaBL78s2H7/E0eaDNW/uj8Dnvbc0kV2ZojTq8gAAEIQAACEIAABCAAAQhAoFkIXPCeo3Ne3OQ5LzqqeBI288HtmoVia7cDYbO1x5feTZPAh38wZN+9fbisljdf2mmv/IOOadbM1yEAAQhAAAIQgAAEIAABCEAAAhAYj8AB1zQv+0i5sDm3x+yGd5DzglkzSgBhk9kAgQkI/Onn+u2h7eVm73//0i571hlkYGuvicOzvvYab3oLAQhAAAIQgAAEIAABCMw0gY07i3bFZ8qT+a5dkrGvvsnVTQoESgQQNpkKEJiAwHM/2G+HB8uFTcXXVJxNCgQgAAEIQAACEIAABCAAAQhAAAL1IXC7J/N9S0Uy3/PWZu2TV5LMtz7E01krwmY6x41WN4jAJdf02VB+9GCSOL/0hh47eVmmQS1opsNgtdhMo0FbIAABCEAAAhCAAAQgAAEItDKBG+/J299/pzyZ7zNPz9k/vIxkvq087rX2DWGzVmLs31YELv1An/V77qBIxiy6tvfDv+k1xfWgQAACEIAABCAAAQhAAAIQgAAEIFAfAt/89bB94kflyXxf7sl830oy3/oAT2mtCJspHTiaXX8CBRcxL3pvn0WO6BI1pXD+7O96LduOBpv1R84RIAABCEAAAhCAAAQgAAEIQAACAYHP/GTIrvtFeTLfN17SaVdcQDJfpsgoAYRNZgMExiFw0GMUP//D5RnYZrnF+4/eSQY2Jg0EIAABCDQZgYK3J9tkbaI5EIAABCAAAQhAYBoErvneoP3nHbHYcF7Xu17YZS84l5wX08Dacl9F2Gy5IaVDSRHYuq9oL/9keQa2ZfMy9u234oeeFGPqgQAEIAABCJQRIJwzEwICEIAABCAAgRKBv/7agP1qvZ7ejpYP/0m3Pe1EnuYySUYJIGwyGyAwDoGHthXtTz9fLmyecEzGvvxGhE0mDQQgAAEIQAACEIAABCAAAQhAoJ4EXuv34w/6fXm8fOH13XbqCoTNenJPW90Im2kbMdrbMAK3byrYW74yUHa8c9Zk7Z9f3d2wNnAgCEAAAhCAAAQgAAEIQAACEIBAOxL4w4/1266D5cLmd9yD8hj3pKRAICKAsMlcgMA4BG55IG9/+83Bsk8vODlnH/hjD7RJgQAEIAABCEAAAhCAAAQgAAEIQKBuBC54T3nOCx3opnf3WgcGm3VjnsaKETbTOGq0uSEEFKRYwYrj5Xln5+zvXoyw2ZAB4CAQgAAEIAABCEAAAhCAAAQg0JYEDrimedlHyoXNuR4V7oZ3kMy3LSfEBJ1G2GRGQGAcAt/89bB94kdDZZ/+0fkd9rbndsIMAhCAAAQgAAEIQAACEIAABCAAgToR2LizaFd8pjznxdolGfvqm8h5USfkqa0WYTO1Q0fD603gizcP2ZduGS47zGsu7LDXX4SwWW/21A8BCEAAAhCAAAQgAAEIQAAC7Uvg9kc858W15TkvzlubtU9eSc6L9p0VY/ccYZMZAYFxCHz8v4bs339TLmz+xbM77Y+f2gEzCECgDgQKXifhcuoAliohAAEIQAACEIAABCCQMgI33pO3v/9OeWi4Z56es394GaHhUjaUdW8uwmbdEXOAtBJ433cH7YY782XNv/qFXXb5ubm0dol2QwACEIAABCAAAQhAAAIQgAAEmp7AWKHhXu6h4d5KaLimH7tGNxBhs9HEOV5qCLzrG4P28wfLhc33vbzLLjoVYTM1g0hDIQABCEAAAhCAAAQgAAEIQCB1BD7zkyG77hflHpRvvKTTrrgAD8rUDWadG4ywWWfAVJ9eAq/6zIA9slPOsaPlE1d02xOOw1k2vaNKyyEAAQhAAAIQgAAEIAABCECg2Qm85/8M2g/vckOjorc044uvr35Rl70AD8pmH7qGtw9hs+HIOWBaCDzrg33WXx7Swz72qh570jr9qlIgAAEIQAACEIAABCAAAQhAAAIQqAcBZURXZvSo6NWH/6Tb/uBEDI3qwTvNdR4lbJK8Ic3DSduTJHDpB/psYGi0xqL/kn7pf/bYySsQNpPkTF31IcBveX24UisEIAABCEAAAhCAAAQgUH8Cz3x/nw2We6LbNS/vtgtPRdisP/10HQGLzXSNF61tIIE//Fi/7ToYe0LkL697U4+tW4qw2cBh4FAQgAAEIAABCEAAAhCAAAQg0EYEjrjn5HPcg7Ky/Mfbem3p3DYCQVerIoCwWRUmdmpHAjJ93xCZvruomXE989qrEDbbcS7QZwhAAAIQgAAEIND2BKI4d20PAgAQgEC9Cdz2SMHeeu1A2WG6PWfQj6/urfehqT+FBBA2UzhoNLkxBCpjeuioCJuNYc9RIAABCEAAAhCAAAQgAAEIQKA9CVz782H77E9jceEcw4Wn5OyaV3S1JxB6PSEBhE0mCATGIYCwydSAAAQgAAEIQAACEIAABCAAAQg0lsC7vjFoP3/QM6LHylXP7LRXPd3NNikQqCCAsMmUgADCJnMAAhCAAAQgAAEIQAACEIAABCDQFAQu/0if7a8IsfmJK7vtCWtJHNQUA9RkjUDYbLIBoTnNQwCLzeYZC1oCAQhAAAIQgAAEIAABCEAAAq1PYPuBor3s4/1lHVX63hs9vqbibFIgUEkAYZM5AYFxCCBsMjUgAAEIQAACEIAABCAAAQhAAAKNI/DT+/L2v77ladFj5fhjMvaVN/Y0rhEcKVUEEDZTNVw0tpEEEDYbSZtjQQACEIAABCAAAQhAAAIQgEC7E/jnG4fsa78cLsPwgnNz9q4Xkjio3efGeP1H2GRmQGAcAgibTA0IQAACEIAABCAAAQhAAAIQgEDjCLz5ywN25+ZC2QH/5vIue9ETco1rBEdKFQGEzVQNF41tJIGXelyPHR7fI16uvarH1i1VhA8KBCAAAQhAAAIQgAAEIAABCEAAAkkRKPjt97M+0GeD5Qab9m9v6LETl3EfnhTnVqsHYbPVRpT+JEZAP6j9Q+XVffLKHjtvLT+oiUGmIghAAAIQgAAEIAABCEAAAhCAgBN4aFvR/vTz5YmDujxh0I3v6rUst+HMkXEIIGwyNSAwDgGETaYGBCAAAQhAAAIQgAAEIAABCECgMQS+/dth++gNbl0UOU66mHne2qx96sruxjSAo6SSAMJmKoeNRjeCwPM+3GeHYg+L9Nt6Ha7ojUDPMSAAAQhAAAIQgEBLE9ju4Y72HzFfirbPl4e3F+xBt1SaO6toaxZlW7rvlZ3bdahoW/eaLZ+fsXNdwFg4O1NazJbOxUSrrSYDnW17An/2lQG7Y9NofM2i34S/8ukd9meXdrY9GwCMTwBhk9kBgXEIXHxNnw3l/cNYmM1PvRpXdCYMBCAAAQhAAAIQgEBIYNjvv/cdljhpdqAvFCklVkq03OfvI+FyZJt/NlARO66SpS4921XOG6vvc3ssEDoXSPCcNSp6jgigI9syNq+XmQkBCKSZwLM/2G99g+V5Lt7+/E576ZPcH50CgXEIIGwyNSAwDoFnvLfP9IQoXt778h67+NR2vdRkqkAAAhCAAAQgAIHWJrD7UGhFub9CpKx8HwmYfRXx2JOio2vQTJteck6374tmh0LoopLlZyCIxqxAI3F0xYI2BZzUJKUeCCRMQImDLtI9eEW9X7mq145fmvDBqK6lCCBsttRw0pkkCVzwnr6y6vQDO7s7a7O6PFPbWTl74yUd1tlenkJJ4qUuCEAAAhCAAAQgUFcCsqKUAHnAl70lK8pItIwsKQ942KG9bnGp94cH6tqcmiqfrrhX08GabOdG9r3HvVslei6ek7H5vRJAw/eRhejodu3TZKBoDgRajMD67UV7zefKEwd15Mxu+ltMsVtsqBPvDsJm4kipsFUIPD0SNkuPjLTShVa2JGbmPC3b2sUZu+T0nL3mwg5D42yVkacfEIAABCAAAQg0G4ED/rx5xM07sKYsWVaWrCuDeJXaHriFF+1g+b1xs3Vnwvbgit68wyVX90AI9WV+zAW+TBAtbZcLPQUCEKiewPW/z9sHvj9Y9oXzT8jaR19J4qDqKbbnngib7Tnu9LoKAmMJm2M6rPhGBTb/P2/j6qUKrOwCAQhAAAIQgECbEzjklpGjsSdHXx/od8vKwHqyPF6lRMxWK/NdIJMwtsAXrQvug9nnsTfn9WRs3dL2cpHeuq9oOw6YdWSL1pHLuCgdzgMtzWRFO5U5uMTvEQLRs0wEjbnGzwqF0mWeOIkCgXYn8I+eDf0/PCt6vFx5QYe94RISB7X73Jis/wibkxHi87YlcMn7+2xQv6sxi82xLjkU/0i7PGFtzt5xeaetcStOCgQgAAEIQAACEGgHAooxOZZIKevJIIFOKZlO4BJesrTMjya8bQlEssyLBMpw7aKluzVLsAzFy9H3+nyui5pcLVY39JorewKRMwwZMLIovEDp/b7YZ4NK/JnSonBXQWxQd4sfK0lSPHmS5hhzKKUDTbPHJfCGfx2wex8rP0G87+VddtGp7o9OgcAEBBA2mR4QGIfA1d8ctFse8KujuLBZcQWht2UJhnzDicfIPb3Dnn1mzlYt5JKDCQYBCEAAAhCAQPoIyIpOy68fLthtG/M25PeaSz3GoISjKMP3rkOVKR7S18/KFktckvi40MWlMsHShcp5LiYFwmVJtAz2c2s8SvMQOOJerGUCaCR6xoTQ6HMJ72mdwR4RKxDQg3igY1qDjlqJShDVvKZAoJkJKHHQJdf0WeWDr2+/pQeL5mYeuCZpG8JmkwwEzWg+AnpW9P3bh+2Hd+aDJ8X6se1y9xhZG+w6WDRdUATWmlEgpFL2ynhcpBMQOZtvYL1Fsi4Z8KVvsGj9vu4fcvcvrf1iWK+1TZ89vrdoG3cWgxsZZc7sIJBqVeOpG91t+8yOmZexM1ZlA8uUue5aN8ctWuRiN9dvCIk7VRVKdoIABCBQNwISgB7b4+e6fQV7zM93Ouc9vrfg70NBc0yrypQFf1RimLjF5FFWlSWLylCoNFviYialvQiMWILGhE8J97v9WkafyfJYrxW7VX8zaS1dbvAWJUXSda1i1h4ZKNppfp126RkddtKyTBBaiwKBmSIwVuKg2R5a87/+ZvqJg1J26pqpIUj1cRE2Uz18NH4mCOiH8W++Nmi/eMhNFiRu+gZtk9AZWW9K8Kwscis5ZVnWnnxiNrhwniOhx3+stZboI/EH4SykFoqNJcHRLyIHIuGxtE0CZF9JgAz2KwmUwba4OBkImC5axrZpf0rjCIx3IaE/EV2sRCJn/O8g+HsIlvDz8LNQHOVvpXFjx5EgAIH0E5BAKaEyEC0lYAZCZihgStiYSmlkxup4+7o6IndvX5e5eYeiZCRaRiKlRByuq6YywnxnIgLb95fiwPrfjwwdFGIhdJUvd41PkzVzdK2m67LjlmTtOI/xutbX65b66yUZW+4P95E8+buoN4H/c3vePvyD8qcHT/XEQf9I4qB6o2+J+hE2W2IY6USjCegC4LaNBfv0jUN239ZCcLKPrDfHEjWPat84ao8u2iXgBKKnRJyS8FkoZmxfX8Gt3czW+IWGG46mouiCb6tb7ulCScKuBMjAMjISJUuCY2gtGVpKDpTHi05FP2nkxATqcRPcHfythA8EIsFTFqGRUBoXQUNr0VAc1Rp3LGYsBCDQKgRkQbZFYqUsLQPxsujWl+FrWWHWoyTxm97p1mORABlPoBMIlDE3HhLgUQAAIABJREFU7zBGZbivrC8pEEgTgYP9oVu8rD33jliExlzlY1aiU33QkBSPiSzadH+y1gXOdYHomQ1f+5q8AknRpx4R+ItrB+13j4wGydW55tXPIHEQs6M6Agib1XFiLwiMS0DC3ad/MmjrtxVs8+763ETED57EDcVMDGcruACklf1MjHezz1klcogLnhJE8wUPNdFfCG6qT1mRNd14d/iiEBRaR+87/f3o63CfaJu2h5+F+2jRDQEFAhCAwFQJ1MPqcqptGe88qDiTlRaTgWBZEin1cFMPlyIRkwdMUx0BvteqBBTyqtItPhBERxb/PCaENosH0jq37pSV57pjXPD0BKoSPhWKiwKBWgk850P9QXiEePnryzrtD5/IhXStLNtxf4TNdhx1+lw3Arr5+Mm9efvpfXm7//GxU34mIfAV3fk9jU4haRYGkxi3uk28Jq44tdzq0HAJnJHYWSmO6n25eFoulkbiqdZhnF9P4jHX7InrcjaaJTWMa0qBAATSRWAmrC4nI3TsooytdPfTlQuzQVy+7fsLtsjX8hqJW1VKqCRm8mQ0+RwC9SEgC+2jMsOPkSRpj8cKnajU4ZLH9BsSCp7u1r44dG+Xlac8bigQGIvAM97Td1Qyr2uv6vV5Ay8ITE4AYXNyRuwBgSkRUAyeH9+Tt+/clvdEKjGRc5pXD4E4qBalUL9oJmFTN2I9naFrW49niuz1193+Wmu91/ZDA6GIpBAAijVEqY7AjgOePGi/LBWLAU+FHjjk7lgH+4t20GNSaZ2KkAPT/Futjtb09hqriQr9ECUIiDL26n34Olyi17JcVXxgCgQgUH8CSkZ3/e/zHspmOEhg1+XnmZ3+ezkTLqjzPYzHsYuyQew8CRAr5mdtpa9X+ftl8/lRqP9s4AgQaCyB/X79FbnFKyaojDE27CgGDyoO+XXZpl1KmFmoe4Ik/b5EVp5RPE8Jnrp2obQvAYVPecWn/GYhVvQw/6a/nX7ioPal2l49R9hsr/GmtzNE4Ca34Pze7/KBS6oSBknkOeym9oHQ4691QXHYRbRqSjOJg9W0N9qnVo3oKOGxy4VH5xcXHiVM9kqE7AjFyBFxUq9L+0f7RKIlF061jFr99h12rT8SOeN/BwddSNbfRLhtVAjV30iw3T/X30r9gz7Ur+9J1zzd3wT9rUnslKuoBM9KMVRWWrIKDT9LuvXUB4HWJKCbtPs9Bvd97r0hD44H/HVlRuVaz4u1kopbXa5cmLHVEjAXZG2Vr3uJV1krTvaHQFsQUHz8R1zkfMRFzmC9y9f+et+R+nZfiVVl1SlXdiUskuh5vLu3z0PXqi/4JqldSXnf+fXyxEFnrcnap1+N4t0kQ9T0zUDYbPohooHtQkA3OBI8JeAE65LwqdcPefxOPUmVZcXiOekhIqu8h7cXAzFEFycK/h8IjAiP6RnEJm1pJHIeKP29RCJoKIDGxNGSECrLW22v9sJ8umJho7DNhAW3YukFlp8SOsssQI/ergc5FAi0OgFZqUvAfNDP1fducSHTRUz9RlVTpiNuyupSruISLSOrS4mWciHH6rIa+uwDAQhUS0CW5bLo1CLBc5Ne+1pCaD2LfuckdsqqU0mLgte+XjIXy/J6cm903V/++bB97qfuyhCdFH39kid1mGJsUiBQDQGEzWoosQ8EIAABCLQMAVlNRRagI0KoX7Bv2FGw9S7ESxBQhvUhT8w47MtQvhisB2Pv9ZkC/cudNPo8vr9ea6l3cP/piCKNGlDdfARiaEwIHX09ul1iDAUCzU5AN/f3POYWmC5k3vt4GE97svh1E/Zpkj9irC6bfUbQPgi0NwFdUwVip4faiKw7JXzK1b2eRR5YkSu7wkVJ+JSlp4xAuJqoJ/n61P2Gf+23ex8bnTN69fbnddrLnkxQ1voQb71aETZbb0zpEQQgAAEINCEBXfyHQqnWxWA9uoTiqW+2wZJYOiqUhuJptO+W3UV7zN1cZQGdd5PNfbFEAdVaiTUhnqBJCjcha9DFLoYqtm3WQ9se8dADEkefeFzOlnpypDBOqJIncevSrOPYKu3S3+y9LmJKvIxcyre7dWZixata4HM5sLoMEvWEyXpWBetMkAyMWZ4YbSqCAAQaSEBeW/I2kxv7Rndn31QSPh/bUwyudepVdB0RWXZGwqfWsmb3PI2UJiVw6fv7joq///++pMuec6YH2qRAoAoCCJtVQGIXCEAAAhCAQFoI7DrkYqdnQN3v7ve7g9eh+KlkAdo+kkHVt1XG/GvmPo5l2BbFBx3NDF+yDi25yMsyNEqYNNfd2binaeYRntm26SY8ioUpMfOh7WEImCTLycs9Oc+inHXminbByR32tJOyxLpMEnBT1pUGu/qmBEejWpSAYqxvjmJ3jsTyLNij/tBWD3DrVTr8QenqxWFm9ngcT23rRDurF/aq6tW16HM+6O4QFeWbf9HrD/2qqoKdIGAIm0wCCEAAAhCAQJsS0A1GKH664Fmy/JQQGr0OMqh6woBIDB108Wcmy3Rjny6K4oNGwmcpVmiQKb7kLh++ztgsjwVMaU0Cunle78JlZIWptURMhZdIomRdQVcSjFNXZO20lVk71ZcTl2W5eU4CLnVAAAItSUBWnLLm3BQkK/IM7bLyDJZiXcP66PdaVvKB2KnkRW7dGVl6yvqTUn8Ct24o2F9+tTyL7uzujP3X37jrDgUCVRJA2KwSFLtBAAIQgAAE2p1An7vJxy0+95YsQOPu8JEYKoFUwmlaS5dbcMStPQ94MpiBwaKd4mLV+cfnPLt06DKvGyJK8xLQzfLGHZ6hPHIn35oPYunmE5ybyjYeCZgSMTVHuCFu3jlByyAAgfQQ0POmbR6vUwJnmLiolK3dXx8u18IS79Ryj7kusTNMXBQmLZIAqvielOQIfOmWYfvizX6BGSvPPD1n//AynjAnR7n1a0LYbP0xpocQgAAEIACBGSGgmJ+h0OlWoLIEjdzhx7AOnSxjfTM5dFa2RS7xigO6ZI4vHhdx5LW2RYt/lnNXOEr9CCg77xa3+Lnxnrzd+Wg+sDY+6HNtKEERU8nFTlmetdNXhZaYWmPdW78xpWYIQAAC4xHQb74SFSmOZ7AOrD0LwW9/PYvO9YF1ZylhkSw8jz8ma/M85A2ldgJ/9b8H7NcPl5+o3/KcTnvFUzCZrZ1m+34DYbN9x56eQwACEIAABJqKQOT2Hgmhdz1asA1uXTfPY2UW3A89Eke1PlRnS43JwEzFLX7BrJIAWiF4HjMva4vmjIqjkx27nT9XDFm5Kz7qy2N7PC6br7f4WttkUVxZpjJOUR0KXXDaytyINaZETG5c23n20XcIQCANBA54uEZZd4YWnm7tGSQwKpqE0HqW+S5sSuwMLTxD4VNWnnrASRmfgOJrVsZ8/+xru+0MP+dSIFAtAYTNakmxHwQgAAEIQAACTUNALsZ7XeQK3OFjFqFx8XNvE8UHrQWcboKUEXuRx/ocsfgsbVssq1B/rRuoVi2R5eXPHijY7ZuGgxseZbPd4RnJ+8cQLyfjUI24KatbWWDKpVwCptzJl3IzOhnaxD+XzQ63soljpUIIQMAJ6FwSiJ2lDO2RpedWd3WvZ5HrehS3M3BpL1l6LveQNu0ueUp4ftWn3b0nVuTd8uOre00JnygQqJYAwma1pNgPAhCAAAQgAIHUEtANTZAYaSQ5Unm8UH2mzPH6fI+LpROVZnGLV/yvpS6ARmKn3OP0XoJctK2ZY4FJqPzWrXn79fphU1bybKbo4qWNKV5WI06ON2aV4yXXcQmXp8md3NdaVhIrNbV/2zQcAhCAwHQI6PyjGJ4SOoOkRSXhU54Aeohar6JYzJFlZyR8ar3K4zbrYV47lOt/n7f3f98v0FScdcb7feaxWfvMnxLItB3GP8k+ImwmSZO6IAABCEAAAhBoCQIj2eDdGlSi572PFWy/W4BKAOv0xEJyiZZlobLK73SBbtv+Ot79TINoT2fo4i6xs7sjYwN+lza3JxPcTE3XGkLWso/vVagAs2P9Rqya+7DtzknJe8RP7OLfmUy8nOzzsTAp420UDzNI8OMi5hrvezVtnQZ2vgoBCEAAAiknoASIm6PYnSOxPD0Eym6P3ZyvX+d0bl69OExaFI/jqW26/mil8uYvD9idm0fja+pK6k+e2mF//my/eKFAoAYCCJs1wGJXCEAAAhCAAAQgMB4BiaEjYqeLnnp91OJiXlOUhM1Op1LdWN+ZqJ6JPlvsMUqPXZQNBNbuThdwh4r2Byd12EWn4svWFPONRkAAAhBoEQKy4pQ156YgWZFna5eVZ7BMLVxKtVj0oG6VP1wNxE4lL3LrzsjSU9afaSuylFV8zXxFgj8SB6VtJJujvQibzTEOtAICEIAABCAAgTYhEFl77jmkuJGF0PrTrT4DEbRkCVrvrK5CPRULyImGaCr1HfWdcdRLbV7i4uXqxe6m5zd2kYi5amGYpCGNN3VtMt3pJgQgAIG2IKDz1DaP1ymBM0xcVMrW7q8P1znhoULTSOwMExeFSYskgDZzOJqv/2rYPvXf5YGzxfDrb+71c31bTJnEOkl8ag9jUPSSGFEqggAEIAABCEAAAhBIhIDctiOxU+7ugdt7hRXodLLDT0WIrJewGemZsryMxMvFc7Me87RgTz2hw556YhbxMpFZRSUQgAAEINBoAjqXK1FOlLAoED1d8Kz3Q0zF3g6sO0sJi2ThefwxWZs3wwkIZa35oo/22SHlDSrFhtFKDy6/8eeezY8CgRoJIGzWCIzdIQABCEAAAhCAQLMQGPQ4X7L2LBM8S1afcTf4vops4omLmqP3JlWjybqX+PnH56zXQ2k956wOO/8ExMuq4bEjBCAAAQiknsCBPrMNO0LrzhFLT3dvl/dGPYuEzTkeb7tQyNhJyzP2yqd12lmrGxd9+r3fHbQb7sgHyYJUooebX3ljjwuvjWtHPRlTd2MJIGw2ljdHgwAEIAABCEAAAg0ncNDd4H71UN5+tT4fxLNSEoLpFmU13+lZzOf2Fm35gqx1VZHUQBnnZYl6/vFZu+zcDptD4tPpDgPfhwAEIACBFiNwxBOFb3TBc6NbeW520XODXNtd8KxXokIJi4tnmz3ZHzaef0LOnuLLAk8MWK/yLI+t2V9Khh4d48JTcnbNK7rqdUjqbXECzS1sEiygxacf3YMABCAAAQhAAAIQgAAEIAABCEBgMgJy4Vb8Tll3hu7soXv7o57MaLqlMsS1LDkldD5pXc7OXVvdw8tq23DJNX026H2RxWbQcv/vQ/9Ptz39ZBL+VcuQ/coJNLewyWhBAAIQgAAEIAABCEAAAhCAAAQgAAEIjEtg/Xa37twdJiyStaeEz40ufFZTInExcg2v/E6ne2ScsyYbWHMqhMyJy6bn9XHZR/rtQF952/7tDT3TrreavrJPaxJA2GzNcaVXEIAABCAAAQhAAAIQgAAEIAABCLQxgc27lak9FDll3bnJxU+JoApLE5VKa83JcM33GJ1PPTEXWHRqXavb+sVusTnsMcLj5f2v6LZnnILF5mTsG/15WpyoETYbPTM4HgQgAAEIQKAdCdR61dyOjOgzBCAAAQhAAAIQaACB320u2I/uytvWvQV7cFvBLSinftBa3Nbvf7xgr/uiB/5W8WvDyEr0q2/qtbVLpt4GvtneBBA223v86T0EIAABCEAAAhCAAAQgAAEIQAACbUpAz54fcMHx1g0F+/WGvN31aKHMorMWLDn3Up/Xmwnicr7kSR12+qqs9XSO1vD2/z1ov3l41FxTx+7tzNiN7+qp5TDsC4EyAgibTAgIQAACEIAABCAAAQhAAAIQgAAEIAAB6x8yu+2RvN22sWC/Wp/32J3VxeqsRBc46/h/KxdlTHE6C+7XvHlv0Yqy1CztrPVLn9xhb39eTP1kDCBQI4HkhE1czGpEz+4QgAAEIAABCEAAAhCAAAQgAAEIQKB5Cew6WLRfPBQKnb/dmK/JbT0QMWO5hvS+6O8VTTMSPr98VY+dcMz0EhI1Lz1a1ggCyQmbjWgtx4AABKonwMOG6lmxJwQgAAEIQAACEIAABCAAAQhMSKAWt/Xxsq3Ht69amLFv/Dlu6Ey76RFA2JweP74NAQhAAAIQgAAEIAABCEAAAhCAAATajoDc1m9/pGC/8dicP7k3b3sOjbqtV1prCk5kexN99qkrezweJ9aabTdxEu4wwmbCQKkOAhCAAAQgAAEIQAACEIAABCAAAQi0G4GHdxTtu7cP274jRXdZL9rdnohI4mdUItlTUuYx8zP2nbdgrdluc6Qe/UXYrAdV6oQABCAAAQhAAAIQgECJANFhmAoQgAAEINCOBHT+u+X+vP3Hb/O234XOFQvMM65n7KzVGXvpkzptVlc7UqHPSRNA2EyaKPVBAAIQgAAEIAABCEAAAhCAAAQgAAEIQAACdSeAsFl3xBwAAhCAAAQgAAEIQAACEIAABCAAAQhAAAIQSJoAwmbSRKkPAhCAAAQgAAEIQAACEIAABCAAAQhAAAIQqDsBhM26I+YAEIBAsxHYdbBoW/YUgwx+v3p42DKZjHV1mO0+aHb6qqxdcUGHrV2cTHa+gnc+22wAaA8EIAABCEAAAhCAAAQgAAEIQKAFCCBstsAg0gUIQGBsAjsOFO1bt+bt1+uHbWDYBcZM0XYcsLLMfNE3ix7Z2vXNoCjI9exus6cen7O3X9ZlC2ZBGAIQgAAEIAABCEAAAhCAAAQgAIFmI4Cw2WwjQnsgAIFJCUh4/Povh+2GO/KBpeXs7owtnGN27KKM7dhftPXbi7brUNF2+xK3u4yLl2MdpEzcLAmdEjuffWbO3vWCLj8WeW0nHRx2gAAEIAABCEAAAhCAAAQgAAEINIgAwmaDQHMYCEAgGQJ51xZf89l+27BDymPwzyJBslJ2HEuGnEiajH9WKYJm/UAXnZqzKy/otBOWZdz6M5n+UAsEIAABCEAAAhCAAAQgAAEIQAACUyOAsDk1bnwLAhCYAQIFVx5f/4UBe2CrR66MhMWYGhkXOaPmHWWlOY6yWSZq+pfHqD4QUFXm9JgtnZu1VW4hKpEz5zvLQnTrXrPl8zN29tqsLZqVsQWzzRb6etGcjHXmZgAYh4QABCAAAQhAAAIQgAAEIAABCLQwAYTNFh5cugaBViPwkf8csv/4rQfLVIlZTEbi5UTCZiRcLnaX9dWLXZRcKLExY31DRZvVZdbdkbGH3Qr04e2F0IU9Fm8zeBlTPitd1iPL0RExtbx5webeTnOh08VOFzoXuuCZc5PPIwNFm9ObCRIV5cbIMLT3sNnje4s2z2N8ys2+0kh0RExdkLHzJKa6gLrIj7HY1/P9OxiVttpfAP2BAAQgAAEIQAACEIAABCAAgTgBhE3mAwQgkBoCF1/TZ8P5UGMMxEVfK+t40V94qM249hj0Keti4fmeAEii4nPO6rDzT8i6gDl5d+Xm/t7vDtqD2wpH1Xn0hlFX+HjNk8XzLNvX30wmQk4W3bPyc7nKK+mRxE6JqQf7zQZcxD1lZdaeflLOVi/K2goXd+d4kiQKBCAAAQhAAAIQgAAEIAABCEAgjQQQNtM4arQZAm1K4Bnv6TO5o5c8wgMKEgRl/XjR6RlbuSBrh1zA2+4JhM4/PmuXndsxLeFu3xGzd31zwO56tDCu8Die4FiLsKl+VLP/ZPtM9nk0bSKXelmlKvv7crf4LBQyNuQBTE9Zng1E4LPXZG2uu9xTIAABCEAAAhCAAAQgAAEIQAACzUoAYbNZR4Z2QQACRxF43of73fKwOBLrUqJi5MHd1Zmx6/+qx2a7W3nSZX+f2edvGrJt+wt235ai7e+LS6tHH20y68rKb8SFxonaPplwOdnn8bonTKJUyggvt/3jj8naCVqWhevjlmasi3ihSU8x6oMABCAAAQhAAAIQgAAEIACBKRBA2JwCNL4CAQjMDIGP/2jIvvnrMMZm5Ioez4ze4YLbV9/U6/Eo69c+CYI/eyBvN96dDzKjK4GQ1rIS3bbfPG5n0To8dudhj5+5x2N17jtStAMujE4oWPqHSbuiTyaQ6vMojuhY+44nkqqdqz0mqATPE13sPP4YT6Dkr1e6W/tkfajfqFAzBCAAAQhAAAIQgAAEIAABCLQjAYTNdhx1+gyBlBKQqPj26wbtNxs90KZKyewwSBpUet/lMTT//S29tsStDZulyH1ebu37DrvQ6daeEjzve7xgGz2W5wp3A180Tlt3HCjazgNmc3uL7i6ePcpScuu+ou3wz3PZYuCOLzF1p39njx9nsJRjaUzR0jdOJEIGFqS+Qy1CZY/HMZ3niZAk8p6yImt/+MQOO++4rHWMkRSpWcaFdkAAAhCAAAQgAAEIQAACEIBAugkgbKZ7/Gg9BNqOgDS313x2wNbvCONeRm7cAhFZICr7+PVvb+8AkYcHLBA49/oiIVUiqJIiLZvv8TQdmt5vcyvTrZ51XdnVy0qtvvRjzEJV0e0WtEpWdMaqrJ15bNbOWp3zjO1tN2XpMATqSmDAH2IMDPkyXAzW/dFr3z4Y2679+j2B2JY9RXt0V9EWz8vYScvC5GKzPNbu7G5fd2WCuLt6rbUeFFEgAAEIQAACEIAABCDQzAQQNpt5dGgbBCAwJgFlQn/d5wbswe3+KhLhIm0uMDMs2j9f2Wvnrq3F5rB9YQ+5Aez67UW76b687Tooa8+iPbKrYJtd/PB8QlMuY+mjx7iYIqHzrNUueLrYKetOrDqnjJgvppzAkUGz634+bD97KG+9Hh/4xKVZK/jvlwTJuEAZFy5DITMUMQdLxuv1wqC/TQmcs0pCZ7D2dobCZ0kQdTE0EkYjUXSW7xN9J9qPX+N6jRL1QgACEIAABCAAgfYmgLDZ3uNP7yGQWgISN6+/fdi++svhwAJJJbpx1rt/fX2Pi2bcSk9ngIcdsqw8N+4s2CO+PLStYA/7+50ufk5WynTmCXaWcHJayaLzdF+fjVXnZGj5vAUI3O+hKL7rv18/vDNverAwUhKwlq4VTy1Jx2qtO75/r4erGLEMLRNIZW1qtt/jES+ek/EQFjmb6wb3c3oyvval18NxBK+nc3S+CwEIQAACEIAABCDQqgQQNlt1ZOkXBNqIwDPe2xe4pEdxNqVwvvPyLnvRE0jfXY9pIDf39W4tq0XC5wYXPR/cWgjEiSQEGgkasvg6d03WLjkjZ6s8vqiSNHXjFluP4UxNnYpTe8Bj1IZL+HqDh6SQtfHcWUVbs6jxAV0l/kuk3HPITML8+SdkTVbJWiTSKeZsVGT9/MWbh+w7tw7bwX5tLfpP1RgPXxosbjZK2Kx6oo3Tf5Ga4+LmXI/lO89/I4LXZcJnTAT1fea6pan21T7aNz4WVbeFHSEAAQhAAAIQgAAEmp4AwmbTDxENhAAEJiPwvA/1BULByA263wHLJfJHf+OmPpSGEdjkruvf+e2w7XfB6XGP3SmxU8LPdEpc41g42zz7uoucnnBphWdhX+mCp7Kxr/T3S11IQriYDunGfFfi98GYMHmgf1Sk1Hb9HY+Kl6OfyWV7stIMAl18vmo+Lpkbzs3ezozd+1jejvhDgWIpMdd4+mUz9GMy1nX/vA7irh6WhEJnmOgsEjxDa9BRUVSfjYimvl2/OxQIQAACEIAABCAAgeYlgLDZvGNDyyAAgSoJXPO9QfvBHaE/Z9wd/TOv6fFYjrijV4kx8d0U/0/i5t1bRhfF8Ky5VClyrJLIGRc8/bWyzh/rlnxzXOimJEdAAuTBQJQsiZHuRjxiSenbI/Ey2kef7XarxnqXZhAFJ2tDMWapWTm1g2RoJeGzFlYS7Xrc1bvbBVRZNndHr91oPdim98H2jB3SWHhSMe2/yBOtyQL7yGAxWB8eKAbiq9aHfD0TJUBQ5d98o9onVuNah5bc5CPrUAmn0WuSpTVqhDgOBOpDQOe6Pv991MO1snXpd1MPdLXM9yRsqxeHv796qJVzB4LRJRO8Pnq79gkfyo7sG3ud9Q+i7dpHoXuyI/VWfM+349VSnzlArRCAQDoIIGymY5xoJQQgMAEBGQVe+B73TfUSd0d/7YWd9rqL8F9upsmz40CxTOiczKpzMpGo2r5J2IysPOXWvsKzw8v6U0Loan/frmXP4ciC0oXJQJB012oXozd6iIGuTnfx9liIgWBZZknZvLSSmi/T6WE1bRjJeeYvdMO6zpMGnbIyayceUxIhYwJlj7/uKgmUgXhZEiiVsVyCZj2LEhiNCp5+c+/vD/k8icTPYF0hih5xUTS+Td8fjIepmKTB1fCrZ5+TrltjF8UJLbMGLVmPxi1GQxf7UetRjTcFAhCojoB+ZyRA6kGNfpvGFSQ9+dqEn5eEzFp+t6prYWP30jkiVyaUhkJqIJYetb30WXx7mUBbLrIGQm1JZO2oEGe1fZ8/7Nx5wB+ezfEwLX5um+VJ5pQgr7e01nudv6L3/NY1dm5wNAi0IgGEzVYcVfoEgTYk8OwP9oVunt73QKby/3TD+MN3kHGimaeDrDofill13vZIIRDSotIokUMxESVyysJzlQRPX4fvsx4rsZkJhjdygeWk4k7GrCVDa8pRS8oRC0vfT6/T4t5dLf1mMPKrpg3aR/Na7s6vfFqnvfC8jqafY9WOwUT7yfJJlqCVlqGahw97vN5HdhZtgVuQ5rLhvA2sgktzWHO73hngk+hjPepYMCt0nQ9E0Vjc0EgsDZMsjcYejV7XW/SuR1+buk49QW18GN+mRjLdxlVaQ/b5gxM9GNG1nMTJvpJIWbaOCZaBgFmypNTvCqU5CVRzXtR1eyh86oHd2CLo4HDG9hwuBILqYT8/yKtAD9/y/rf5hOOy9teXd9osHgY15ySgVRBoAAGEzQZA5hAQgED9Ccgd/frf5wNRM1MywNPFFO7o9Wef9BEkcPzAs0X3DxYC19lt+4rB8tjeQinpStJHnLg+WchJ5JSrWShIZey4JW5F1wBj4O1u4bptn7sZ+8X+HF9GXL/xZn4uAAAgAElEQVRLSXT2h4bKdS3V3JTUtQGlyqMYifM8dK4s2yT0KIarrAP1ft3SmbG8VVZzJQ9Sxm/dkO07UjBZJmvZ6UuYKGi0yAr2Tc/qtBeclyMubI0TR+EMAtGzFAIhen1IFsWBGBoK/KEwOvpaN7/tWOb730poAVoSP/11wYO8Hugv2ELfdqpbUul3rKsjY51uWRq+Ln/fHfusU9bCpfdYWLXXjFJ85LiVY1xUHMv6MW412e/fPVx6mBZYUcqKO4we1LxFp5MpRM5p3g7NbMuSfkg94vUQ61anm6F+7c963CNnZvvK0SEAgZkhgLA5M9w5KgQgkDCBwB3ds6NXXohe/cJuu/xczCwSxj1j1ckqY8ueom3dVwgSFD3ugufjLnhqre2NKklfpFfT7pkSGJPsq9yuo+QtQQIXiZQla7T49mBbZIVW2k+uc2kscme81zOn//COYTtnbc4uPSMXuJZTGktgr8IulATPQAiNWYPGtwfxYWMWo9VYNje2J8kdbbq/KXJH1YOfUBR1cTQQPkffa56PCKWRaOp/yNqmfYPPovcKt1CqI/g8eh+rIxJeJWBEr1slrqB+J/SgRtZnWoYLxZHX0bZguwuC+fhnPoijnxdLn8e3ldcVHWOrzp1+zpyl31lfAjdurCGT++OiphECdYubXPoBC2JTl0qn/4b8x9t6bKFbulMgAIH2IoCw2V7jTW8h0NIEnvn+vqNiuX3yyh47b21KFZGWHq36dE4WjoHg6cvW/S54+o3bYyXxU8JGomW6qsAUGpOkyFjN4Sfqolz0R0VJWVCOusMGVpUSJ93KNZ6FWq8pEEgTAdeQPK5ozAq0wkW+0jp0xHrUBVK9btzjlqlRbfRvytRaOfm3et0FNRRLw5i0o+Lp6PvIMjUQX0v7yqV156Gize4qBonmQlExEgarExeHqxAX42Kk6m9XK+LJR7K59tBckTW+YkHKayAeG1LbJbJv9YerPf56dWn+xIVojbt+Q8q3he8L/scXbS/ovXddHgB6Xe33ou/LorZZSz0ulYLfLXXY/4sLm9q0cE7Grn87FxvNOh9oFwTqRQBhs15kqRcCEGg4gRf/U79nXi6/jbz2qp4Zc1FtOAAOOCEBXfgHgmfJrT1Yu/D5eMn6s5lvDKKOJS1CzFbMvsCtOxQi9VrJanYcLNhij3f4hONyZVaVgXgZ7MNkgwAEJiOgs5GszOOu80q+NBIPN+46X3KvDz4vbc83uyo6GYCUfV4PASYtCJI+t8xEv2VBPCI+xsTISJQM1goZ4ue4uFgZ/zyI8VgKK6LXaX4srpilgYAaF+pjIuvodt9vDJFV1sHaR9bDcXF2ou9FQuvW/eED5qVzQ+vqypipCkkQxU6VVby+V0uJ5uuYP5G+8dOv6bGz16R59Gqhwb4QgIAIIGwyDyAAgZYhcMVn+m2jx2eMF4TNlhneundEFp2RyBkKoKG7uyw+FS8xbhUwEzfAEx1z4exQmJyvBCNuqDCWJWX8M4mTSkpCgQAEmpeAbvjjoqjc58usR6N4otruAqo+17LvSHV9agUxq7qeVr9XuzKZiXOaHpBFmbEnsorsrRAiK60mI2FS4Qso6SSghziyno4y2UsIHXBhVgnnJIAqlrau77fsLnrsdbNdB8MHQPo9lEFDPL6+3vzT/+ix849H2EznbKDVEJgaAYTNqXHjWxCAQBMSeJWEzR0l/5TSVfp1WGw24Uils0k/uTdvP3sgHwicqxc35oJZ7ooP+5xe7MLlqStztmTuqGVlFJ9SLpgUCEAAAnEC+u2ILD9lBRrEDXUhdP2OgmehL9qy+RmTxbZiKw66L7VcYPV6QK+1zd9rHbwvfab9gliMLjS0Yom7t7Zi/6bbJ4USKbN+DLJYl6wgS67aldaRsnqc7Z8pAV4kSM7yBGoSNCkQSIKA4uuPWHyWkj4tdI+T6/8Kd/Qk+FIHBNJCAGEzLSNFOyEAgUkJvPCj/bb3MBabk4JiBwhAAAIQgEACBGQpGgihEj1jAqi2KfZkv4ug8c+GSuJouG9cNB1bYJUll+pohMA6E1aL8SFQPEe5U0dLh8dvHHkd2x5uy1jHUdvC7WN/p3y7xmaTW8AdvzRjyxdIaAwFytkuOsqSMi5QYt2fwB8KVdSNwAvi1/7RHzHu6HXjTcUQaFYCCJvNOjK0CwIQqJnAJdf0BZYlUdH1zadIHlQzR74AAQhAAAIQSBOBqQqsB92V9YFtBVsxL2NLfYkLi3odFxcrPxtPXOyoQlxUXcQqTtMMo63NSuCTPxqyb/x6NHtSZN7wxdf1uKdLY7xrmpUN7YJAOxFA2Gyn0aavEGhxAs/5UL8d8Xg88XL1i7rs8nMIvNTiQ0/3IAABCEAAAhCAAATajICu+i9+X58p2VG8fOrVPXbeWoTNNpsOdLeNCSBstvHg03UItBqBN/3bgN31aHlqxSsv6LA3XEIQwlYba/oDAQi0IoGZdgZuRab0CQIQgEBrE3jWB/pMWeCDUjqN4LHV2mNO7yBQSQBhkzkBAQi0DIHv/z5vH/z+YHBNE13YPOWErH30lR44igIBCEAAAhCAAAQgAAEItBSBF320z/YcHu2S7gNIHtpSQ0xnIDApAYTNSRGxAwQgUBcCdTDMWe+ZXl/9WQ+Y5SVT8j5RHKub391bly5QKQQgAAEIQAACEIAABCAwcwRe9Zl+2+jJsELLhrBc96YeW+fJsSgQgEB7EEDYbI9xppcQaAsCBb+gucjj7BTLw2zal97QayctawsEdBICEIAABCAAAQhAAAJtQ+ClH++3HQfKL/6vvQphs20mAB2FgBNA2GQaQAACLUVAcXb6ozg7pZ597H9025OOd9NNCgQgAAEIQAACEIAABCDQMgTGuvb/5JUkD2qZAaYjEKiCAMJmFZDMlIwEUaQqVOwEgRkm8Eef6Ldt+3lqO8PDwOEhAAEIQAACEIAABCBQdwIIm3VHzAEg0PQEEDabfohoIAQgUAuBK6I4O7Ev4Y5SC0H2hQAEIAABCECgegIYQFTPij0hkDwBkgclz5QaIZA2AgibaRsx2gsBCExIAGGTCQIBCEAAAhCAAAQgAIH2IPCSKMYmyYPaY8DpJQTGIICwybSAAARaigDCZksNJ52BAAQgAIGGEJAiQAbhhqDmIBCAQKIEcEVPFCeVQSCVBBA2UzlsNBoCEBiPgITNDTv9Bi12j3YdmRGZMBCAAAQgAAEIQAACEGg5AgibLTekdAgCNRNA2KwZGV+AAASamcBLPtZnOw643UnJ8ET6JsJmM48YbYMABCAAAQhAAAIQgMDUCBBjc2rc+BYEWokAwmYrjSZ9gQAEjKe2TAIIQAACEIAABCAAAQi0B4FXRYlDibHZ+gNO1JTWH+Mp9hBhc4rg+BoEpkOA3+Tp0Jv4uwib9WNLzRCAAAQgAAEIQAACEGgmAsTXb6bRoC0QmBkCCJszw52jQgACdSLw4n/qt92HYo9s/TjXEmOzTrSpFgIQgAAEIAABCEAAAjNHAGFz5thzZAg0CwGEzWYZiRZpB5aILTKQKe5G4I6yw2eiYmyWJiQxNlM8oDQdAhCAAAQgAAEIQAAC4xBA2GRqQAACCJvMAQhAoKUIvPCj/bb3MBabLTWodAYCEIAABCAAAQhAAAJjEHjpx/s9cSjX/kwOCLQzAYTNdh59+g6BFiRwyTV9NpQf7Zgucz51ZY+dt7aUJr0F+0yXIAABCEAAAhCAAAQg0I4EiK/fjqNOnyFQTgBhkxkBAQi0FIHnfKjfjgyUP7W9+kVddvk5uZbqJ52BAAQgAAEIQAACEIBAuxNA2Gz3GUD/IeBR6IpeAAEBCECgVQi86d8G7K5HC2XdufKCDnvDJZ2t0kX6AQEIQAACEIAABCAAAQg4gRd9tM/2HB5FIXGD+PpMDQi0FwGEzfYab3oLgZYn8P3f5+2D3x8M8waVHtucty5rn7yiu+X7TgchAAEIQAACEIAABCDQTgSCxKE7/aI/Zq513Zt6bN1SwlC10zygr+1NAGGzvcef3kOg5Qis3160V3+23zKxa5lc1uzmd/e2XF/pEAQgAAEIQAACEIAABNqZAMmD2nn06TsEQgIIm8wECEAglQRuuCNv3/rNsHV0mJ25KmMrF2btotNytmh2xi58b99Rffrsa3vsDN+PAgEIQAACEIAABCAAAQi0BgFibLbGONILCEyHAMLmdOjxXQhAYEYI/K9vD9pP7x1Nfa5IwbLQnNVl9uU39thrP99vB/vLm/b6izrsNRemKc5m4Ew/I3w5KAQgAAEIQAACEIAABNJAAGEzDaNEGyFQXwIIm/XlS+0QgEAdCDz7g33WN1hecSRu/uXzOu0hd0e//nfDZTs89YSsfeSVxNmsw3C0XpXKPeXhCygQgAAEIAABCEAAAs1NgORBzT0+tA4CjSCAsNkIyhwDAhBIlMDzPtRnhwbGrvLqF3bZ6auydoUHEo+XzpzZf72z17p8TYEABCAAAQhAAAIQgAAE0k+A5EHpH0N6AIHpEkDYnC5Bvg8BCDScwLu+MWg/f3DUFV0NkMVmt8fbvP6vewOX9Jd8rN92HoylR/R9ZLEpy00KBCAAAQhAAAIQgAAEIJB+AjJmCLKix8q1V5EVPf0jSw8gUD0BhM3qWbEnBCDQJARue6Rgb7223GRztnuZf+3Pej15UNjID/9gyL57+3AgeEblsnNy9u4Xu+pJgQAEIAABCEAAAhCAAARSTwBhM/VDSAcgMG0CCJvTRkgFEIBAowkMurHms9/fZ/nyh7P21Tf12NolYcKdnz2Qt6u/WR6Is9tzB/34Xb2Nbi7HgwAEIAABCEAAAhCAAATqQOClH++3HQew2KwDWqqEQGoIIGymZqhoKAQgECfw5i8P2J2bleVltPz1ZZ32h090f3QvfUMufn6g7yhoX/qfPXbScrKNM5sgAAEIQAACEIAABCCQdgJkRU/7CNJ+CEyfAMLm9BlSAwQgMAMEvnDTkP3bz8oznz/z9Jz9w8tGXc0v+0i/Hegrf4L7zhd02QvPI4PQDAwZh4QABCAAAQhAAAIQgECiBBA2E8VJZRBIJQGEzVQOG42GAATGirOp+Jrfe/uoq/nf/fug3XR/eZKhq57Zaa96emjVSYEABCAAAQhAAAIQgAAE0kvgRR/tsz2HR9svk4brSB6U3gGl5RCYAgGEzSlA4ysQgMDME6gmzua3fjNsH/sv90mPleednbO/I4HQzA8gLYAABCAAAQhAAAIQgMA0CbwkirEZc9K6zuPur1tK6KlpouXrEEgNAYTN1AwVDYUABCoJTBZnU1adb1H29NiFzokeX/PLb+gBJgQgAAEIQAACEIAABCCQcgK4oqd8AGk+BBIggLCZAMT/n707AZejrBIGfO7e138c0Rl0RBEjLrjB4IL+skMIi0jYUQyLLEMEFB0BwYCjw5awJSwiahAwGQQEFAQBRSGIu6Iy8oOi4ArKJmJI993/qiR4bxEgd+l7u6vqrcdnBkl11Tnv+YTq0/V9n0sQINAYgdWts5lOS3lXMj0l+3vtUNx2/HMaE7C7EiBAgAABAgQIECBQNwGNzbpRuhCB3ApobOa2dAInQGA062xuemI1hrL7B8Wp7+6Md7zKBkJGEAECBAgQIECAAIE8C1hjM8/VEzuB+ghobNbH0VUIEGiAwGjW2dzxjFo8tizb2dz1Le3xn9t3NCBityRAgAABAgQIECBAoF4Cs86vxX0PJc/61tisF6nrEMidgMZm7komYAIERgqsbp3Ns5LNg76UbCI08njRP7fElUdYZ9NIIkCAAAECBAgQIJBngX2ebGyOSGKRXdHzXFKxExizgMbmmMl8gACBZhJY3Tqbf/nbUOx2dm2VkBce2BXrrdXaTKmIhQABAgQIECBAgACBMQhobI4By6kECiqgsVnQwkqLQFkERrPO5sEX9MRd9w+umKGS/p9kN6G939Eeh21tOnpZxok8CRAgQIAAAQIEiiew61m1ePDx7LJT3tgsXp1lRODZBDQ2jQ8CBHItMJp1Ni/5Xn986ht9y/NsWblFeld7S3zzWNPRc118wRMgQIAAAQIECJRawK7opS6/5Ams+I4/lBwsCBAgkGeB1a2zmU5H3zWZjr6yp/mPVD/zvkq8/qVP/bt5lhA7AQIECBAgQIAAgfIIaGyWp9YyJfBMAhqbxgYBArkXWN06m2mCW8+tRs+Klzb/ccx/b1e89RXW2cz9AJAAAQIECBAgQIBAKQV2OrMajz4xnHr61tZimweVcixIurwCGpvlrb3MCRRGYDTrbO5xbi3uf3TEC+rJi5oeegozBCRCgAABAgQIECBQQoFZT+6KPuIxf/H7KzFtTbOyijwcBpPkvJ5S5AqPLTeNzbF5OZsAgSYUGM06mzueUY3Hlo38NXcoaWx2e+hpwnoKiQABAgQIECBAgMBoBOyKPhol5xAotoDGZrHrKzsCpRFY3TqbW5xcjf6BLMcnd+uMrV/XVhqjZk905Yb1zR6m+AgQIECAAAECBJpEQGOzSQohjFwJFO2NV43NXA0/wRIg8EwCq1tnc7tTq/H3nuTTI6ap7Lhhexz7rg6oBAgQIECAAAECBAjkUEBjM4dFEzKBOgtobNYZ1OUIEGiMwOrW2fzoZb1x268GMjujd7ZHfOvY7sYE7K4ECBAgQIAAAQIECExIQGNzQnw+TKAQAhqbhSijJAgQWN06m3/+21DsdnYt09hM1U7ZszM2fY3p6EYQAQIECBAgQIAAgbwJaGzmrWLiJVB/AY3N+pu6IgECDRJY3Tqb286rxhO9yWz0J6ejJ5slbrd+Wxw/s7NBEbstAQIECBAgQIAAAQLjFdDYHK+czxEojoDGZnFqKRMCpRd4cp3N5X3Llc3Ld7y6NU57d9dymzNv6IurftS//I+Snubyw3T00g8bAAQIECBAgAABAjkV0NjMaeGETaCOAhqbdcR0KQIEGiuQrrP5wS/0RMuTXcsknPbWiFvmrFhH8y/JdPRdz0qmoyd/PvKtzQ/N6Ig93pYsuOkgQIAAAQIECBAgQCA3AhqbuSmVQAlMmoDG5qTRujABAlMt0NsfseUp1VXW0Txnv67Y8GVJhzM5tk12R38i2R195Fub/yd5ofPGo20iNNX1cj8CBAgQIECAAAECExHQ2JyIns8SKIaAxmYx6iiLphQY2TprygALGdR2p9Viae3JRTRXpHjYNh3xnreveCNz0Xf64vxv9q94azP9GyvL9LGdOuOdG9hEqJCDQlIECBAgQIAAAQKFFNDYLGRZJUVgTAIam2PicjIBAs0ucPwVvXHzXQOZMHd+c3scuUPH8r+X9jGnJ2911vpWnPLktPV/qrTEDUdVmj098REgQIAAAQIECBAgsFJAY9NQIEBAY9MYIECgUALf+MVAfPLLydbnI45X/VtLXHjwcNPy0u/3xznfWNnZHPFi7fn7V+KNa49YoLNQMpIhQIAAAQIECBAgUCyBdP38Bx/PztZaNLsS09b0TF+sSsuGwDMLaGwaHQQIFErg/r8OxZ7n1jI5pY81Nx3bHV0r9wdKH302P7EaA4PDb2ymf2/unl2x6WtWrMXpIECAAAECBAgQIECguQWmzx2eifVkpOfsW4kN19HYbO7KiY5A/QQ0Nutn6UoECDSJwIx51ViWfWkzztu/K9Zfe7hpuVUyHb0n2Wxo5C5C53oIapIKCoMAAQIECBAgQIDA6gU0Nldv5AwCRRfQ2Cx6heVHoIQCR32xJ7736+R1zBHH4ckGQu9euYFQ+re3OLkafUlj88k1NtM3NjU2SzhYpEyAAAECBAgQIJBbgZ3OrMajTwyHnz7TLzYVPbf1FDiB8QhobI5HzWcIEGhqgYtu7Y+FS1auobky0q1e1xb/vVvnP+JOG5v92T2GwrSVpi6r4AgQIECAAAECBAhkBGadX4v7HkramSOW2Vz8/vyssZm+imEhLIOawMQENDYn5ufTBAhMUGAy/mX+g98Mxkcu6clE9qLntcSVHxzeQMi0lQkWzscJECBAgAABAgQINFjArugNLoDbExi1wGR8819xc43NURfBiQQI5EXgiaSnue2p1VXCvfYj3bHGc1b87Znza/Hw0pW/7q5cW9y0lbxUWJwECBAgQIAAAQIEIjQ2jQICBDQ2jQECBAop8J5P1eIPj46Yk5JkOXevztjk1W3L891lQTUefDy7xqbGZiGHgqQIECBAgAABAgQKKqCxWdDCSovAGAQ0NseA5VQCBPIjcMJXeuPG/80uornPJu1xyJYdy5NIp6JX02U4097nyjc2bR6Un/qKlAABAgQIECBAgIDGpjGQT4HJm5adT4+JRa2xOTE/nyZAoEkFrvxRf8y/IbuB0FumtcaCWV3LI9483Two2RV9+aGx2aRVFBYBAgQIECBAgACBZxbQ2DQ6CBDQ2DQGCBAopMDd9w/GQRdkNxB6TrIp+tc/2r08381OqsZg+kPZymMoeXPzpD0rscV6K7uchVSRFAECBAgQIECAAIHiCGhsFqeWMiEwXgGNzfHKFeJzI+bgFiIfSRAYFuhPmpZbn1KNgRHNy/RPF7+/Ei//15bY5IRVNxdaf+22OG//pPvpIECAAAECBAgQIECg6QU0Npu+RAIkMOkCGpuTTuwGBAg0SuCQz/fEnX/KdjY/tlNn7LBBW2wzL1ljs3fVyJ5sfDYqZvclQIAAAQLPJGBFLmODAAECWQGNTSOCAAGNTWOAAIHCCpx1Y1986YdPLqS5Is2d39weR+7QEQu+nvzZ9/ujZcTM839Klt+8+j+7o6u9sCQSI0CAAAECBAgQIFAYAY3NwpRSIgTGLaCxOW46HyRAoNkFvvGLgfjkl7OvZb7q31riwoMryzdD/9zN/bHoO32Rrq+ZHvtt2h4Hb7Fi13QHAQIECBAgQIAAAQLNLaCx2dz1ER2BqRDQ2JwKZfcgUGiB5l2r9f6/DsWe59Yy+ukLmjcdO/xW5o/uG4w7fj8Qz+tuid02an9yg/RCV0xyBAgQIECAAAECBIogoLFZhCrKgcDEBDQ2J+bn0wQINLnAjGQtzWVPWUvzvP27Yv21W5s8cuERIECAAAECBAgQIPBsAhqbxgcBAhqbxgABAoUWOOqLPfG9X2c3EDp8m45499stpFnowkuOAAECBAgQIECg8AIam4UvcZMnaFu/ZijQlDY2lbwZSi4GAuUSuOjW/li4pC+T9Fava4v/3q2zXBCyJUCAAAECBAgQIFAwAY3NghVUOgTGITCljc1xxOcjBAgQmJDAD34zGB+5pCdzjRc9ryWu/GBlQtf1YQIECBAgQIAAAQIEGiugsdlYf3cn0AwCGpvNUAUxECAwaQJPJD3NbU+trnL9az/SHWs8Z9Ju68IECBAgQIAAAQIECEyygMbmJAO7PIEcCGhs5qBIQiRAYGIC7/lULf7waLp7+/Axd6/O2OTVbRO7sE8TIECAAAECBAgQINAwgV3PqsWDj2ef8xfNrsS0NVsaFpMbEyAwtQIam1PrXdi7pf8q8a+OwpY394md8JXeuPF/BzJ57LNJexyyZUfuc5MAAQIECBAgQIAAgbIKTJ9bjVp2Of04Z99KbLiOb6dlHRPyLp+Axmb5ai5jAqUTuPJH/TH/hr4YGvFj7vprt8an39dVOgsJEyBAgAABAgQIECiKgMZmUSopDwLjF9DYHL+dTxIgkBOBu+8fjIMuyG4g1Jr8iHvrcd05yUCYdRfwmnndSV1wMgQGk4u2TsaFXZMAAQIECBRCYKczq/HoE8OppI94i01FL0RtJUFgtAIam6OVch4BArkVGEh6A1ucVI3s6jsRnzugK177Ek2D3BZW4AQIECBAgAABAqUWmHV+Le57KHnKH/Ggv/j91tgs9aCQfOkENDZLV/JyJOxlrHLUeSxZbndaLZbWsq3Nj+/SFTPeoLE5FkfnEiBAgAABAgQIEGgWAbuiN0slchSHCTE5KtboQtXYHJ2TswgQyLnA0Zf2xnfvyW4gNHurjpi1cXvOMxM+AQIECBAgQIAAgXIKaGyWs+6yJjBSQGPTeCBAoBQCV/ywPxbcmN0ycbv12+K4mZ2lyF+SBAgQIECAAAECBIomoLFZtIrKh8DYBTQ2x27mEwQI5FDgJ78djCMWZTcQes2LW+KCgyo5zEbIBAgQIECAAAECBAhobBoDBAhobBoDBAiUQiDdLTHdNXHk0Z4sr3nLHDujl2IASJIAAQIECBAgQKBwAhqbhSuphAiMWUBjc8xkPkCAQF4Ftj+tGn+vZaO//AOVWGuNlrymJG4CBAgQIECAAAECpRXQ2Cxt6SVO4B8CGpsGAwECpRE49OKeuOP36TZ4w8e8d3fGxq9qK42BRAkQIFAOAVuelqPOsiRAoOwCGptlHwHyJxChsWkUECBQGoHTv9YXX/lJfyZfO6OXpvwSJUCAAAECBAgQKJjArmfV4sHHhzJZLZpdiWlrmpFVsFJLh8AzCmhsGhwECJRGwM7opSm1RAkQIECAAAECBEogMH1uNWp92UTP2bcSG66jsVmC8kuRwHIBjU0DgQCB0gjYGb00pZYoAQIECBAgQIBACQQ0NktQZCkSWI2AxqYhQoBAaQTsjF6aUkuUAAECBAgQIECgBALbJZuDLh2xOWg6KX2xqeglqLwUCQwLaGwaDQQIlErAzuilKrdkCRAgQIAAAQIECiyw9ZNT0Ucss3nufqaiF7jkUiOwioDGpkFBgECpBOyMXqpyS5YAAQIECBAgQKDAAlueUo2+7N6gYY3NAhdcagSeRkBj07AgQKBUAnZGL1W5JUuAAAECBAgQIFBQgfQlzc1OqMbIPdHTvz7X5kEFrbi0CDy9gMamkUHgGQTSfymObi+9weTMVo45EbAzek4KJUwCBAgQIECAAAECz/Jd7aALeuKu+wdXfGcb0d08fueu2G59388MHgJlEdDYLEul5UmAwHIBO6MbCAQIECBAgAABAgTyLTD/xr648of9y/uZI19GSaQSExoAACAASURBVP/75Yd3x0uen+/8RE+AwOgFNDZHb+VMAgQKIGBn9AIUUQoECBAgQIAAAQKlFpiebBpU7RtBsPKNzRc8tyW++uFKqW0kT6BsAhqbZau4fAkQCDujGwQECBAgQIAAAQIE8isw49RqPNEzFENDLdGSvrKZNDZf8E8RlxzWHc/tym9eIidAYKTA6BYI1Ng0aggQKJ2AndFLV3IJEyBAgAABAgQIFEhgxzOr8delSUJPzkNP+h8Xzq7Eq184ul0SCkQhFQKlF9DYLP0QAECgfAJ2Ri9fzWVMgAABAgQIECBQHIHMVPSVL3WdsXdXvH1dmwYVp8oyITA6AY3N0TlN+lmje8F20sNwAwKlELAzeinKLEkCBAgQIECAAIECCgwmX543P6maTEPPJnfRId3xyhcWMOG8pjSYBK7PnNfq5Spujc1clUuwBAjUQ+DJndGXPwut/FXhNS9uic8fZKHxevi6BgECBAgQIECAAIHJEvj1X4Zi/8/WMpdvTWag33pc92Td0nUJEGhiAY3NJi6O0AgQmByBdGf0d51RXX7x5YuNrzxuO97D0OSIuyoBAgQIECBAgACB+ghc+7OBOOWrvSsutvKtzbe8ojXOmmXXoPoIuwqBfAlobOarXqIlQKBOAun0lYF0esSI44Lkjc30zU0HAQIECBAgQIAAAQLNKfDhS3rjR78ZyAS37ybt8R9bdjRnwKIiQGBSBTQ2J5XXxQkQaFaBbU+txhM92ejO2bcSG66jsdmsNRMXAQIECBAgQIAAgW1PrSXP8dkFNo95V2fs+O9tcAgQKKGAxmYJiy5lAgQi9jq3Fn/6a/aBaNHsSkxbU2PT+CBAgAABAgQIECDQrAJbnVKN3v7h6NIn+k8lLyj8uxcUmrVk4iIwqQIam5PK6+IECDSrwD7n1+K+hzQ2m7U+4iJAgAABAgQIECDwdAIz51fjkaUjGpvJI/3i93tBIe+jZeWernlPQ/wNENDYbAC6WxIg0HgBjc3G10AEBAgQIECAAAECBMYq8ORz/NDyTtiKdthiM6/Gyuh8AoUR0NgsTCklQoDAWATSB6J70zc2R/w06IFoLILOJUCAAAECBAgQIDD1Al5QmHpzdyTQzAIam81cHbERIDBpArssqMaDjye/765cUjPtb2psThq3CxMgQIAAAQIECBCoi4DGZl0YXWTcAoPJJ1vH/WkfrL+Axmb9TV2RAIEcCEyfW41aXzZQu6LnoHBCJECAAAECBAgQKLXAzgtq8fDfrZVf6kEgeQIjBDQ2DQcCBEopoLFZyrJLmgABAgQIECBAIOcCWye7oveM2BU9TefT+1fijWuvnIqV8/yET4DA2AQ0Nsfm5WwCBAoiMHN+LdlN0S+9BSmnNAgQIECAAAECBEoiMH1eMvOqN5vsme+txEav0NgsyRCQJoGMgMamAUGAQCkFrM1TyrJLmgABAgQIECBAIOcCu59diz//bfgFhfSvPr1/V6y/9urXPbQ6Ys6LL3wCTyOgsWlYECBQSgGNzVKWXdIECBAgQIAAAQI5FzhicU/8+L6kRTli8tX8WV3JG5urb2zmPHXhEyCgsWkMECBAYIVA2ti896HkaSh9IFo5a8Wu6EYHAQIECBAgQIAAgeYWOOay3rjtVwOZIE/eszM2e01bcwcuOgIEJkXAG5uTwuqiBAg0u8AuC6rx4ONJT3NlUzPtb2psNnvVxEeAAAECBAgQIFB2gU9c1Rs33ZltbH58l86Y8QaNzbKPDfmXU0Bjs5x1lzWB0gvYFb30QwAAAQIECBAgQIBADgXmfrU3rv1ZtrH50R07410bamzmsJzjD9mCqeO3K9gnNTYLVlDpECAwOgGNzdE5OYsAAQIECBAgQIBAMwnMv6EvrvxRfyakD87oiD3f1t5MYYqFAIEpEtDYnCJotyFAoLkEZs6vxSNLR6w4noS3aHYlpq25cm56c4UrGgIECBAgQIAAAQIEEoFPf7Mv/ue72cbmIVt2xD6baGwaIATKKKCxWcaqy5kAgeWbB92Xbh404tDYNDAIECBAgAABAgQINLfARbf2x8IlfZkg99u0PQ7eoqO5AxcdAQKTIqCxOSmsLkqAQLMLaGw2e4XER4AAAQIECBDIuUD6G7rJQHUv4he/1x+fuinb2Nzr7e3xgW00NuuO7YIEciCgsZmDIgmRAIH6C2hs1t/UFQkQIECAAAECBAhMtsCXf9wfZ1yfbWzOfFN7HPVOjc3Jtnd9As0ooLHZjFUREwECky6gsTnpxG5AgAABAgQIECBAoO4C1/98IE66pjdz3W3f2BbH79xZ93u5IAECzS+gsdn8NRIhAQKTIKCxOQmoLkmAAAECBAgQIEBgkgW+9f8G4uNXZhubm6/XFiftobE5yfQuT6ApBTQ2m7IsgiJAYLIFNDYnW9j1CRAgQIAAAQIECNRf4Hu/HoyjvtiTufDb122N0/fuqv/NXJEAgaYX0Nhs+hIJkACByRDQ2JwMVdckQIAAAQIECBAgUD+BweRSrU+53O2/G4wPfiHb2NzgZa3xqf00Nusn70oE8iOgsZmfWomUAIE6Cmhs1hHTpQgQIECAAIHcCTxdwyh3SQi4lAL/70+D8R+fzzY213txayw8SGOzlANC0qUX0Ngs/RAAQKCcAmlj896HhiKS/0TLCoPFsysxbc2V/6WcLLImQIAAAQIECBAg0NQC9z44FPt+ppaJ8eX/2hKL319p6rgFR4DA5AhobE6Oq6sSINDkArssqMaDjyc9zZV9zLS/qbHZ5EUTHgECBAgQIECAQOkF7n9sKPY8J9vY/LfntcQVH9TYXN3g8Kb26oT8eR4FNDbzWDUxEyAwYYHpc6tR68te5px9K7HhOt7YnDCuCxAgQIAAAQIECBCYJIFHn4jY6cxq5uprPCfi2o90T9IdXZYAgWYW0Nhs5uqIjQCBSRPQ2Jw0WhcmQIAAAQIECBAgMGkCy3ojZszLNjYrHRE3HaOxOWnoLkygiQU0Npu4OEIjQGDyBGbOr8UjS9MJ6MPHImtsTh64KxMgQKAuAibR1YXRRQgQIJBjgYHkEX7zE7ONzTSd247X2MxxWYVOYNwCGpvjpvNBAgTyLGBX9DxXT+wECBAgQIAAAQJlFtjy5Gr0DWQFvnVsd3S2l1lF7gTKKaCxWc66y5pA6QU0Nks/BAAQIECAAAECBAjkVGD706rx9+z+QfG1I7vjn720mdOKCpvA+AU0Nsdv55MECORYQGMzx8UTOgECBAgQIECAQKkFZpxai2U92WWlrjyiEi/6ZxuBlnpgSL6UAhqbpSy7pAkQ0Ng0BhoqkD6He+5uaAncnAABAgQIEMivwFbJVPTep0xFP3e/rvj3l7XmNymREyAwLgGNzXGx+RABAnkX0NjMewXFT4AAAQIECBAgUFaBHU6vxePV7Bubp+zVFZu+WmOzrGNC3uUV0Ngsb+1lTqDUAhqbpS6/5AkQIECAAAECBHIscOjFPfHz3w1Gy4gZMHN26oztN2jLcVZCJ0BgPAIam+NR8xkCBHIvoLGZ+xJKgAABAgQIECBAoKQCC27siy/9sD8ieWlzeXMz+f8HbdkR+29qW/SSDglpl1hAY7PExZc6gTILaGyWufpyJ0CAAAECBAgQyLPAJd/rj/Nu6sukMPNN7XHUOzvynJbYCRAYh4DG5jjQfKTcAoNJ+lZuyf8Y0NjMfw1lQIAAAQIECBAgUE6Bm+4ciE9c1ZtJ/u2vbI3T39NVThBZEyixgMZmiYsvdQJlFtDYLHP15U6AAAECBAgQIDClAnV+O+SOPwzGoRf1ZFJY94UtcfEhlSlNy80IEGi8gMZm42sgAgL5EqjzQ0mjkk8bm/c+lN1JcfHsSkxbc8QK5I0Kzn0JECBAgAABAgQIEHhGgT//bSh2P7uW+fPnJj3N64/qpkaAQMkENDZLVnDpEiCwQmCnM6vx6BNZjUUam4YHAQIECBAgQIAAgaYXGEhettj8pOoqcd50THdULLPZ9PUTIIF6Cmhs1lPTtQgQyI3AVqfUord/+I3N9K/O378Sb1zbG5u5KaJACRAgQIAAAQIESiswc341HlmaTf+SQyvxsn/xPF/aQSHxUgpobJay7JImQGDGvFos681ORU8XG08XHXcQIECAAAECBAgQINDcAgdf0BN33Z+ukzV8LJjVFW+Z5nm+uSsnOgL1FdDYrK+nqxEgkBOB93yqFn94NNvYnP/ernjrKzwI5aSEwiRAgAABAgQIECixwJwv9caSuwcyAnN26oztN2grsYrUCZRPQGOzfDWXMQECicDxV/TGzXdlH4T+e7fO2Op1HoQMEAIECBAgQIAAAQLNLrDgxr644of9mTAP2qIj9t+0vdlDFx8BAnUU0NisI6ZLESCQH4F51/bGV3+abWwe9c6OmPkmD0L5qaJICRAgQIAAAQIEyipwyff647yb+jLpp8/y6TO9gwCB8ghobJan1jIlQGCEwHnf7ItLvpv9hXf2Vh0xa2ONTQOFAAECBAgQIECAQLML3HTnQHziqt5MmOl6+em6+Q4CBMojoLFZnlrLlACBEQKLbuuPz9yc/YU3bWqmzU0HAQIECBAgQIAAAQLNLXDHHwbj0It6MkGu+8KWuPiQSnMHLjoCBOoqoLFZV04XI0AgLwJf+Ul/nP41U1fyUi9xEiBAgAABAgQIEBgp8Oe/DcXuZ9cyKM9NeprXH9UNigCBEglobJao2FIlQGBY4OmmrqQbB6UbCDkIECBAgAABAgQIEGhugYHBiM1Pqq4S5E3HdEfFJKyGFi8pTbQ2NAI3L5OAxmaZqi1XAgT+IfCD3wzGRy7JTl156ytaY/57rcljmBAgQIBAcwoMJWG1NGdooiJAgEBDBGbOr8YjS7O3vuTQSrzsX/zTsiEFcVMCDRDQ2GwAulsSINB4gTv/NBiHfD7b2FxvrdZYeKDGZuOrIwICBAgQIECAAAECqxc4+IKeuOv+9P3A4WPBrK54yzTvC65ezxkEiiGgsVmMOsqCAIExCvz+kaHY+7zsmjwvfUFLXHqYxcbHSOl0AgQIECBAgAABAg0RmPOl3lhy90Dm3nN26oztN2hrSDxuSoDA1AtobE69uTsSINAEAn99IuJdZ2bX5Hless74dUdabLwJyiMEAgQIECBAgAABAqsVWHBjX1zxw/7MeQdt0RH7b9q+2s86gQCBYghobBajjrIgQGCMAuk6ZZuesOpi47cdr7E5RkqnEyBAgAABAgQIEGiIwCXf64/zburL3Hvmm9rjqHfaPaghBXFTAg0Q0NhsALpbEiDQHAJbn1KNnuwPvPH1j3bHc2yMPvYC2dFi7GY+QYAAAQIECBAgMCGBm+4ciE9c1Zu5xttf2Rqnv8e6+ROC9WECORLQ2MxRsYRKgEB9BXZeUIuH/5525IaPq46oxAv/2S6K9ZV2NQIECBAgQIAAAQL1F7jjD4Nx6EXZDUHXfWFLXHyIdfPrr+2KBJpTQGOzOesiKgIEpkBgn/Nrcd9D2cZm+hCUPgw5CBAgQIAAAQIECBBoboE//20odj87uyHoc5Oe5vVHWV6quSsnOgL1E9DYrJ+lKxEgkDOB9Nfd9Ffekcen9uuKDV7WmrNMhEuAAAECBAgQIECgfAIDyaP85ietum7+Tcd0R8Uym+UbEDIupYDGZinLLmkCBFKBj17aG9+5ZyCDMXevztjk1W2ACBAgQIAAAQIECBDIgcAWJ9WifzA7C+vCZBbWq8zCykH1hEhg4gIamxM3dAUCBHIqcMJXeuPG/802NufM7Izt19fYzGlJhU2AAAECBAgQIFAygW1PrcYT2WU244y9u+Jt65qFVbKhIN2SCmhslrTw0iZAIGLBjX1xxQ+z26J/cEZH7Pm2djwE6iKQLnTgkboulC5CgAABAgQIEHhagYMW9sTdDwwvLzWUvLx5SjILa7PXeFnBkCFQBgGNzTJUWY4ECDytwMIlfXHRrdnG5gGbd8QBm2lsGjIECBAgQIBA/QT80FU/S1ci8FSB067ri6/8JHmmbxlK/pNsApr858gdOmLnN3umN1oIlEFAY7MMVZYjAQJPK3D5D/rj7K/3Zf5sj43a44htrTRuyBAgQIAAAQIECBDIg4CXFfJQJTESmDwBjc3Js3VlAgSaXOBrPx+Ik6/pzUSZrq+ZrrPpIECAAAECBAgQIECg+QWu+nF/nHl99mWF9G3N9K1NBwECxRfQ2Cx+jWVIgMAzCHz7lwNx7OXZxma6I3q6M7qDAAECBAgQIECAAIHmF7jlroE47orsM/3m67XFSXt4pm/+6omQwMQFNDYnbugKBAjkVOCnvxuMD3whu4XiBi9rjU/t15XTjIRNgAABAgQIECBAoFwCd/xhMA69KPtM/4aXtsb57/NMX66RINuyCmhslrXy8iZAIH79l6HY/7O1jMQrXtgSXzikQocAAQIECBAgQIAAgRwI/PHRoXj3p7LP9Gs9vyUuP9wzfQ7KJ0QCExbQ2JwwoQsQIJBXgb/8bSh2Ozv7EPTCf26Jq47wEJTXmoqbAAECBAgQIECgXALLklnoM+ZVM0l3J8trfuOY7nJByJZASQU0NktaeGkTIBDhIcgoIECAAAECBAgQIJB/gc1PqsbAYDaPW+Z0R3tr/nOTAQECzy6gsWmEECBQaoFNTqjGUCqQ/p+WFRS3Hd/95F+W2kbyBAgQIECAAAECBPIgsMc5tXjgseVP9f840qno6ZR0BwECxRbQ2Cx2fWVHgMBqBKbPrUY1mb7SsvKZJ30cuu4j3bHGc9ARIECAAAECBAgQIJAHgUM+3xN3/in7yma6eVC6iZCDAIFiC2hsFru+siNAYDUCW51Sjd7+7EmfeV8lXv9Sv+4aPAQIECBAgAABAgTyIHDMZb1x268GMqGevGdnbPaatjyEL8a6CaTNbc3sunHm5EIamzkplDAJEJgcge1OrcbSnuy1P7VfJTZ4mcbm5Ii7KgECBAgQIECAAIH6Cpx2XV9cfXv2bYUjd+iInd/cXt8buRoBAk0noLHZdCUREAECUynwdOvxLJpdiWlramxOZR3ciwABAgQIECBAgMB4BRYu6YuLbs02Ng/YvCMO2Exjc7ymPkcgLwIam3mplDgJEJgUgX3Or8V9D2UXGtfYnBRqFyVAgAABAgQIECAwKQJX/bg/zry+L3Pt9G3N9K1NBwECxRbQ2Cx2fWVHgMBqBDQ2DRECBAgQIECAAAEC+Ra45a6BOO6KZEfQEcfm67XFSXt05jsx0RMgsFoBjc3VEjmBAIEiC2hsFrm6ciNAgAABAgQIECiDwB1/GIxDL8ounJ/uiJ7ujO4gQKDYAhqbxa6v7AgQWI2AxqYhQoAAAQIECBAgQCDfAn98dCje/alaJom1nt8Slx9eyXdioidAYLUCGpurJXICAQJFFtDYLHJ15UaAAAECBAgQIFAGgWXJLPQZ86qZVLuT5TW/cUx3GdKXI4FSC2hslrr8kidAQGOzRGMg3SPKZvclKrhUCRAgQIAAgTIJbH5SNQYGsxnfMqc72lvLpCBXAuUT0Nicipqn/3D1D9OpkHYPAmMW0NgcM5kPECBAgAABAgQIEGg6gT3OqcUDj6W/ZA8f6VT0dEq6gwCB4gpobBa3tjIjQGAUAhqbo0ByCgECBAgUV8AP8MWtrcwIlEzgkM/3xJ1/yr6ymW4elG4i5CBAoLgCGpvFra3MCBAYhYDG5iiQnEKAAAECBAgQIECgyQWOuaw3bvvVQCbKk/fsjM1e09bkkQuPAIGJCGhsTkTPZwkQyL2AxmbuSygBAgQIECBAgAABAnHadX1x9e39GYkjd+iInd/cTocAgQILaGwWuLhSI0Bg9QLv/XQtfvvwyrV4Vv6/xe+vxLQ1rcWzej1nECBAgAABAgQIEGgOgYVL+uKiW7ONzQM274gDNtPYbI4KiYLA5AhobE6Oq6sSIJATgZ3n1+LhpcOLjKd/tXh2iRqbdgrPyUgVJgECBAgQIECAwLMJXPXj/jjz+r7MKenbmulbmw4CBIoroLFZ3NrKjACBUQhsPbcaPdnnnzhj765427oWGR8Fn1MIECBAgAABAgQINIXALXcNxHFX9GZi2Xy9tjhpj86miE8QBAhMjoDG5uS4uioBAjkR2PTEagwNv7C5POpLDu2Ol/1LThIQJgECBAgQIECAAAECcccfBuPQi3oyEm9cuzU+vX8XHQIECiygsVng4kqNAIFnF/j9I0Ox93m1zEltyYuaS+Z0oyNAgAABAgQIECBAIEcCf3x0KN79qeyz/VrPb4nLD6/kKAuhEiAwVgGNzbGKOZ8AgcIIPN10lTe9vDXO3sevuoUpskQIECBAgAABAgRKIbAsmYU+Y141k2t3srzmN47x0kIpBoAkSyugsVna0kucAIELkp0TL3zKzol7vq09PjjDAuNGBwECBAgQIECAAIG8CTzdMlO3JLOx2i2fn7dSipfAqAU0NkdN5UQCBIomMOdLvbHk7oFMWh/bqTN22KCtaKnKhwABAgQIECBAgEDhBbY8uRp92cf7uOiQSrzyhS2Fz12CBMoqoLFZ1srLmwCB2OvcWvzpr9mdgxYe1BXrvdhPuoYHAQIECBAgQIAAgbwJvPP0Wvytmn2+n7dXV2z8as/3eauleAmMVkBjc7RSziNAoFAC6S+56S+6Tz1u/lh3dHhhs1C1lgwBAgQIECBAgEA5BA69sCd+nuyO3vLkC5pJj/OEPTpjy9d6wC/HCJBlGQU0NstYdTkTIBB33T8YB1/Qk5FY+wUt8cXD7JpoeBAgQIAAAQIECBDIo8Bp1/XF1bf3x5PvbLYkf3HEdh2xx0bteUxHzAQIjEJAY3MUSE4hQKB4Atf+bCDmfjXZOnHEsfl6bXFS8ouugwABAgQIECBAgACB/AmkG4OmG4SOPGZt3B6zt7I5aP6qKWICoxPQ2Bydk7MIECiYwNlf74vLf9CfyeqAzTvigM38mluwUkuHAAECBCYiMJh82NJ0ExH0WQIEplDgmtsH4tTrsi8vbLd+Wxw308sLU1gGtyIwpQIam1PK7WYECDSLwBGLeuInv02/rQ0f6dua6VubDgIECBAgQIAAAQIE8ifw3XsG4+hLs8tNvWVaayyY1ZW/ZERMgMCoBDQ2R8XkJAIEiiaw/WnV+Hstm9WlyfqaL03W2XQQIECAAAECBAgQIJA/gV8+MBQHLsw+5E9bsyUWzbaOfv6qKWICoxPQ2Bydk7MIECiQwKNPROx0ZnZH9PZkmt0tc7oLlKVUCBAgQIAAAQIECJRL4JGlETPnZ5/zn5v0NK8/ynN+uUaCbMskoLFZpmrLlQCB5QI/um8wPrw4O0VlvbVaY+GBpqgYIgQIECBAgAABAgTyKpDuhr7pCdnGZprLkuQFhjbrBee1rOIm8KwCGpsGCAECpRNY/J3++PS3Vu6WmD79JMeOG7bFse+yqHjpBoOECRAgQIAAAQIECiWw8/xaPLx05UP+yswu/0Al1lrDklOFKrRkCKwU0Ng0FAiMVcDuoGMVa7rzD7mwFnf+cfhhZyj5yyO27Yg932ZH9KYrloAIECBAgAABAgQIjEHgoIU9cfcD2U1Cz9u/K9Zf2yubY2B0KoHcCGhs5qZUAiVAoF4C28yrRbU3+yvuJ3btjOmvtyN6vYxdhwABAgQIECBAgEAjBD56aW98556BzK1P2L0ztnytZ/1G1MM9CUy2gMbmZAu7PgECTSew2YnVGMz2NeN/3l+Jdf7V9JSmK5aACBAgQIAAAQIECIxB4LTr+uLq2/szn0hnZ+2xkdlZY2B0KoHcCGhs5qZUAiVAoB4Cf69FbH9adkHxdFLKkuO7Q1uzHsKuQYAAAQIECBAogkD6K7inwzxW8sJb++OCJSvX01+ZwKyN22P2Vh15TEfMBAisRkBj0xAhQKBUAvf8eSje97mkuznieHGykPiXkgXFHQQIECBAgAABAgQI5FvgmtsH4tTrejNJbLd+Wxw300ah+a6s6Ak8vYDGppFBgECpBG795UB87PLsg86b1mmNs/ftKpWDZAkQIECAAAECBAgUUeC79wzG0Zf2ZFJ7y7TWWDDL834R6y0nAhqbxgABAqUSuPwH/XH217NTU3bYoC0+tpNfcEs1ECRLgAABAgQIECBQSIFfPjAUBy7MztCatmZLLJpthlYhCy6p0gtobJZ+CAAgUC6BM6/viyt/nF1M/KDNO+J9m1lMvFwjQbYECBAgQIAAAQJFFHhkacTM+dk19Z+b9DSvP6q7iOnKiUDpBTQ2Sz8EABAol8D+n+2JX/9l8B9JDyXrwh+3c2dsn6y74yBAgAABAgQIECBAIN8C6bZPm56QbWymGS2Z0x1t6a6hDgIECiWgsVmockqGAIHVCWwzrxbV3vRxZ/j45K6dsfXrNTZXZ+fPCRAgQIAAAQIECORBYOf5tXh4afaZ//Jks9C1kk1DHQQIFEtAY7NY9ZQNAQKrEUh/vc0+4kRcelh3vPQF6AgQIECAAAECBAgQKILAQQt74u4HhmdppTmdt39XrL+2VzaLUF85EBgpoLFpPBAgUBqB+/86FHuem11IvD15trklmZbiIECAAAECBAgQIECgGAIfvbQ3vnPPQCaZE3bvjC1fa5ZWMSosCwLDAhqbRgMBAqURSB9u0oeckccbX9Yan96vqzQGEiVAgAABAgQIECBQdIHTruuLq2/Pbhh6xLYdscdGNgwteu3lVz4Bjc3y1VzGBEorsPg7/fHpb/XF8rnoK5fX2eXN7XHkDh2lNZE4AQL1FEinvJniVk9R1yJAgAABAuMRuPDW/rhgSfLcP+KYtXF7zN7Kc/94PH2GQDMLaGw2c3XERoBAXQUOvagnfv77wWhZ2dRM+5v/uV1H7PZWv9zWFdrFCBAgQIAAAQIECDRQ4JrbB+LU67IztbZbvy2Om9nZwKjcmgCByRDQ2JwMVdckQKApBWacWotlPdmtg07YvStZa8cbVk1ZMEGNfLmYBgECBAgQIECAz4w3MgAAIABJREFUwCgFvnvPYBx9aU/m7LdMa40FsyxBNUpCpxHIjYDGZm5KJVACBCYqsPUp1ejJLrUTnz2wEq9ba+UrnBO9gc8TIECAAAECBAgQINBwgV8+MBQHLsxuGjptzZZYNLvS8NgEQIBAfQXG1NgcsSxdfaNwNQIECEyBwM4LavHw37NvbKYPN+lDjoMAAQIECBAgQIAAgWIIPLI0Yub8aiaZ5yY9zeuP6i5GgrIgQOAfAmNqbHIjQIBAngX2Ob8W9z2ksZnnGoqdAAECBAgQIECAwOoE0if+TU/INjbTzyyZ0x1tVqFaHZ8/J5ArAY3NXJWrrMHaZbasla933hqb9RZ1PQIECBAgQIAAAQLNKbDz/GS21tLsSw2Xf6ASa61htlZzVkxUBMYnoLE5PjefIkAghwIamzksmpAJECBAgAABAgQIjEPgoIU9cfcD6Usyw8d5+3fF+mt7ZXMcnD5CoGkFNDabtjQCI0Cg3gKz0qnoD4741Tb5sXaxNTbrzex6BAgQIECAAAECBBou8NFLe+M79wxk4jhh987Y8rVtDY9NAAQI1E9AY7N+lq5EgECTC+x4RjUeWzYc5FAMJY3NbpsHNXndhEeAAAECBAgQIEBgrAKnXdcXV9/en/nYEdt2xB4btY/1Us4nQKCJBTQ2m7g4QiNAoL4CW5xcjf7sj7bxyd06Y+vX+dW2vtKuRoAAAQIECBAgQKCxAhfe2h8XLOnLBDFr4/aYvVVHYwNzdwIE6iqgsVlXThcjQKCZBbY7tRp/70kiHDEbfccN2+PYd3m4aea6iY0AAQIECBAgQIDAWAWuuX0gTr2uN/Ox7dZvi+Nmdo71Us4nQKCJBTQ2m7g4QiNAoL4CH72sN2771UCM3AexM5mJ8q1ju+t7I1cjQIAAgUkXSH+jmrp9bdPNJ2w2MelFdQMCBAjUUeC79wzG0ZembzUMH2+Z1hoLZnXV8S4uRYBAowU0NhtdAfcnQGDKBP78t6HY7ezaKl+ET9mzMzZ9jenoU1YINyJAgACBAgpMbau5gIBSIkCgzgK/fGAoDlxYy1x12potsSjZPNRBgEBxBDQ2i1NLmRAgMAqBbedV44lkRsry2egrv4Pt/Ob2OGoH09FHwecUAgQIECBAgAABArkQeGRpxMz51Uysz016mtcfZbZWLgooSAKjFNDYHCWU0wgQKIbAmTf0xZU/XLE7YsvKOYxd7S3xzWP9cluMCsuCAAECBAgQIECAwIp3GDY9IdvYTF2WzOmONquLGCIECiOgsVmYUkqEAIHRCPwlmY6+69NMR//M+yrx+pdO3Wptq8Rq+bbRlM85BAgQIECAAAECBEYtsPP8Wjy8dMTOocknL/9AJdZao4HP/aOO3okECIxGQGNzNErOIUCgUAJbz61GT182pfnv7Yq3vsJPt4UqtGQIECBAgAABAgRKLXDQwp64+4H0DYLh47z9u2L9tT33l3pgSL5QAhqbhSqnZAgQGI3AnufW4v6/Zn+5TRcRTxcTdxAgQIAAAQIECBAgUAyBj17aG9+5ZyCTzAm7d8aWr7VxaDEqLAsCyRJzQ8kBggABAmUS2Of8Wtz7UPKPvhEbuC7W2CzTEJArAQIECBAgQIBACQROu64vrr59xfr6Tx5HbNsRe2zUXoLspUigHAIam+WosywJEBghsMuCajz4+PDmQWl/U2PTECFAgAABAgQIECBQLIELb+2PC5Zk16CatXF7zN6qo1iJyoZAiQU0NktcfKkTKKvA9GSNzdpT1tg8Z99KbLiOqehlHRPyJkCAAAECBAgQKJ7ANbcPxKnX9WYS2279tjhuZmfxkpURgZIKaGyWtPDSJlBmAY3NMldf7gQIECBAgAABAmUR+O49g3H0pT2ZdN8yrTUWzOoqC4E8CRReQGOz8CWWIAECTxWYOb8Wjyy1eZCRQYAAAQIECBAgQGDqBEYscD9FN/3lA0Nx4MJa5m7phqHpxqEOAgSKIaCxWYw6yoIAgTEIpJsH3ZduHjTisCv6GACdSoAAAQIECBAgQCAHAo8sjZg5v5qJ9J+SlzVvOLo7B9ELkQCB0QhobI5GyTkECBRKQGOzUOWUDAECBAgQIECAAIGnFUhfZdj0hGxjMz1xyZzuaGuFRoBAEQQ0NotQRTkQIDAmAY3NMXE5mQABAgSe8euyTecMDgIECDS7wBYnVaN/MBvlZw/oite9RGez2WsnPgKjEdDYHI2ScwgQKJSAxmahyikZAgQIECBAgAABAs8osN1p1ViaXWYz/mvXztjm9W3UCBAogIDGZgGKKAUCBMYmkDY2703X2ByxfvniZAHxdCFxBwECBAgQIECAAAECxRE4/OKe+NnvR7yymXwH+NB2HbH7Ru3FSVImBEosoLFZ4uJLvZkFpn7HwGbWqHdsuyyoxoOPR7Ss7GOm2hqb9VZ2PQIECBAgQIAAAQKNF7jo2/2x8Oa+GGoZ/o61R9LU/NC2HY0PTgQECExYQGNzwoQuQIBA3gSmz61GrS8b9Tn7VmLDdbyxmbdaipcAAQIECBAgQIDAswncdOdAfOKq3swpb1+3NU7fO9ke3UGAQO4FNDZzX0IJECAwVgGNzbGKOZ8AAQIECBAgQIBAPgXufmAwDlrYkwn+pS9oiUsPq+QzIVETIJAR0Ng0IAgQKJ3AzPm1eGRpOhVl+Fhkjc3SjQMJEyBAgAABAgQIFF9gWfKy5ox51UyirclErZvndEebCVvFHwAyLLyAxmbhSyxBAgUTqMPyo3ZFL9iYkA4BAgQIECBAgACBZxHY8YxqPLYse8Jlh1fiJc/X2TRwCORdQGMz7xUUPwECYxbQ2BwzmQ8QIECAAAECBAgQyK3A7At74hd/HLEzepJJusZmutamgwCBfAtobOa7fqInQGAcAhqb40DzEQIECBAgQIAAAQI5FTjx6t644Y6BTPTprui7J7ujOwgQyLeAxma+6yd6AgTGIaCxOQ40HyFAgAABAgQIECCQU4GLvt0fC2/py0SfNjXT5qaDAIF8C2hs5rt+oidAYBwCGpvjQPMRAgQIECBAgAABAjkVuOnOgfjEVckuQiOOdBp6Oh3dQYBAvgU0NvNdP9ETIDAOAY3NcaD5CAECBAgQIECAAIGcCtz9wGActLAnE/1LX9ASlx5WyWlGwiZA4EkBjU1jgQCB0gmkjc17H0q2Vx+xw/ri2ZWYtqZdEUs3GCRMgAABAgQIECBQeIFlycuaM+ZVM3m2Jo/+N8/pjjZfAQpffwkWW0Bjs9j1lR0BAk8jsMuCajz4eETLyoeYtL+psWmoECBAgAABAgQIECiuwI5nVOOxZdn8Lju8Ei95vs5mcasuszIIaGyWocpyJEAgIzB9bjVq2bXD45x9K7HhOh5qDBUCBAgQIECAAAECRRSYfWFP/OKPg5nU0jU207U2HQQI5FdAYzO/tRM5AQLjFNDYHCecjxEgQIAAAQIECBDIqcCJV/fGDXcMZKJPd0VPd0d3ECCQXwGNzfzWTuQECIxTYOb8WjyyNJ2APnwsssbmODV9jAABAgQIECBAgEDzC1z07f5YeEt22lba1Eybmw4CBPIroLGZ39qJnACBcQrYFX2ccD5GgAABAgQIECBAIKcCN905EJ+4KtlFaMSRTkNPp6M7CBDIr4DGZn5rJ3ICBMYpoLE5TjgfI0CAAAECBAgQIJBTgbsfGIyDFvZkon/pC1ri0sMqOc1I2AQIpAIam8YBAQKlE9DYLF3JJVxkgXQPAGv+F7nCciNAgAABAnURWJa8rDljXjVzrdZk79Cb53RHmz1E62LsIgQaIaCx2Qh19yRAoKECGpsN5XdzAgQIECBAgAABAg0R2PGMajy2LHvryw6vxEuer7PZkIK4KYE6CGhs1gHRJQgQyJeAxma+6iVaAgQIEBiPQLpJni/q45HzGQIEiisw+8Ke+MUf0+kew0e6xma61qaDAIF8Cmhs5rNuoiZAYAICGpsTwPNRAgQIECBAgAABAnURmPr1ZE68ujduuGMgE326K3q6O7qDAIF8Cmhs5rNuoiZAYAICGpsTwPNRAgQIECBAgAABAjkVuOjb/bHwlr5M9GlTM21uOggQyKeAxmY+6yZqAgQmIKCxOQE8HyVAgAABAgQIECCQU4Gb7hyIT1yV7CI04kinoafT0R0ECORTQGMzn3UTNQECExBIG5v3PpSsPTZi+bHFsysxbU1rkU2A1UcJECBAgAABAgQINLXA3Q8MxkELezIxvvQFLXHpYZWmjltwBAg8s4DGptFBgEDpBHZZUI0HH0+2VFjZx0z7mxqbpRsGEiZAgAABAgQIECiZwLLkZc0Z86qZrFuT7wQ3z+mONu84lGw0SLcoAhqbRamkPAgQGLXA9LnVqGWX1olz9q3Ehut4mhk1ohMJECBAgAABAgQI5FBgxzOq8diybOCXHV6Jlzzfd4EcllPIBEJj0yAgQKB0AhqbpSu5hAkQIECAAAECBAgsF5h9YU/84o/pjuzDR7rGZrrWpoMAgfwJaGzmr2YiJkBgggIz59fikaXpBPThY5E1Nieo6uMECBAgQIAAAQIEml/gxKt744Y7BjKBpruip7ujOwgQyJ+Axmb+aiZiAgQmKGBX9AkC+jgBAgQIECBAgACBnApc9O3+WHhLdl2qtKmZNjefPNL3Ob2/mdMCC7t0AhqbpSu5hAkQ0Ng0BggQIECAAAECBAiUU+CmOwfiE1cluwiNONJp6Ol0dAcBAvkT0NjMX81ETIDABAU0NicI6OMECBAgQIAAAQIEcipw9wODcdDCnkz0L16jJb70gUpOMxI2gXILaGyWu/6yJ1BKAY3NUpZd0gQIECBAgAABAgRiWfKy5ox51VUklhzXHW02RjdCCOROQGMzdyUTMAECExXQ2JyooM8TIECAAAECBAgQyK/AZidWYzC7l2icvW9XvGkdK2vmt6oiL6uAxmZZKy9vAiUW0NgscfGlToAAAQIECBAgUHqBd55ei79Vs53Nw2d0xrvf1lZ6GwAE8iagsZm3ipU63vRfPOYGlHoI1Cl5jc06QboMAQIECBAgQIAAgRwKfPLLvfH1Xwz849tl+k3zXRu2xTE7duYwGyETKLeAxma56y97AqUU0NgsZdklTYAAAQIECBAgQGC5wC13DcRxV/TG0MqXNluS92emrdkSi2bbQMgQIZA3AY3NvFVMvAQITFhAY3PChC5AgAABAgQIECBAILcCjy0bih3PqK0S/9ePrsRzuswSzG1hBV5KAY3NUpZd0gTKLaCxWe76y54AAQIECBAgQIDAbmfV4i+PZ9fZPGPvrnjbujYQMjoI5ElAYzNP1RIrAQJ1EdDYrAujixAgQIAAAQIECBDIrcB/XdUb37xzIBP/+zZrjwM378htTgInUEYBjc0yVl3OBEoukDY2730o+XV2xH5Ui5P1dNJ1dRyNErA5WKPk3ZcAAQIECBAgUEaBL/2wP866sS+T+ltf0Rrz39tVRg45E8itgMZmbksncAIExiuwy4JqPPh4RLpIeHqkLTWNzfFq+hyBOgkMJtcx86tOmC5DgAABAgQIrE7grvsH4+ALejKndSebon/jo92r+6g/J0CgiQQ0NpuoGEIhQGBqBKbPrUYt++NsnLNvJTZcxxubU1MBdyFAgAABAgQIECDQWIH+gaGYMa8WvdnZ6PGFQyrxihf6XtDY6rg7gdELPENj05TA0RM6kwCBvAlobOatYuIlQIAAAQIECBAgUH+BQy/uiTt+n04bGT6Ofmdn7PSmtvrfzBUJEJgUAW9sTgqrixIg0MwCM+fX4pGl2R0QF1ljs5lLJjYCBAgQIECAAAECdRc475t9ccl3+zPX3WGDtvjYTsmcdAcBArkQ0NjMRZkESYBAPQXsil5PTdciQIAAAQIECBAgkE+BW385EB+7vDcT/Mv+pSUuObSSz4RETaCEAhqbJSy6lAmUXUBjs+wjQP4ECBAgQIAAAQIEIh5bNhQ7nlFbheLrR1fiOV3W2TRGCORBQGMzD1USIwECdRXQ2Kwrp4sRIECAAAECBAgQyK3AHufU4oHHsstUnfaervi/r2zNbU4CJ1AmAY3NMlVbrgQILBfQ2DQQCBAgQIAAAQIECBBIBf77y73x9V9kt0bfb9P2OHiLDkAECORAQGMzB0USIgEC9RXQ2Kyvp6sRIECAAAECBAgQyKvAlT/qj/k39GXCf/PLW+OsfbrympK4CZRKQGOzVOWWLAECqUDa2Lz3oWS6STrjZOXSOYvtim5wECBAgAABAgTKKTDimbCcAOXO+pcPDMWBC7PrbHa2Rdx0bCVaW6yzWe7RIfs8CGhsPkOV/LstD8NXjATGJ7DLgmo8+HjS01z5nJL+711jc3yWPkWAAAECBAgQmFwB38wm19fVB4eGYvoptejNzkaPi/6jEq98kcamEUKg2QXq3tj0r536lXwwuZTliuvn6UoEnhSYPrcatexskzhn30psuI4HF6OEAAECBAgQIECAQNkEPvCFnvjp79Jv4MPHkTt0xM5vbi8bhXwJ5E6g7o3N3AkImACB0globJau5BImQOBZBfwsbYAQIECAQLkFPvOtvlj0nf4Mwnbrt8VxMzvLDSN7AjkQ0NjMQZGESIBAfQVmzq/FI0vTL/LDxyJrbNYX2dUIECBAgAABAgQI5ETgtl8NxDGX9WaifekLWuLSwyo5yUCYBMoroLFZ3trLnEBpBeyKXtrSS5wAAQIECBAgQIDAKgKPLRuKHc/IbiCUnnTtRyqxxnMsV2XIEGhmAY3NZq6O2AgQmBQBjc1JYXVRAgQIECBAgAABArkV2OvcWvzpr9lZXXP36oxNXp1ske4gQKBpBTQ2m7Y0AiNAYLIENDYnS9Z1CRAgQIAAAQIECORT4MSre+OGO7Jbo++zcXscslVHPhMSNYGSCGhslqTQ0iRAYFigoY1Ne3QYigQIECBAgAABAgSaTuArP+mP07/Wl4lrw3Va45x9u5ouVgERIDAsoLFpNBAgUDqBhjY2S6ctYQIECBAgQIAAAQLNL/DrvwzF/p/NrrPZmcxCv+nYSrS2WGez+SsowrIKlLSx6ZWpsg54eRNIBTQ2jQMCBAgQIECAAAECBEYKDA4NxfRTatGbnY0eFxxUide8WGPTaCHQrAIlbWw2aznERYDAVAhobE6Fcv3u4aeo+lm6EgECBAgQIECAwDMLHLGoJ37y28HMCR/eriN2e2s7tqkU8AVgKrVzfy+NzdyXUAIECIxVIG1s3vtQ8m/LEf/CXDy7EtPW9EvsWC2dT4AAAQIECBAgQKAoAp+7pS8u/nZ/Jp0Zb2iLj+/SWZQU5UGgcAIam4UrqYQIEFidwC4LqvHg4xFPLpWT9jc1Nlen5s8JECBAgAABAgQIFFvge78ejKO+2JNJcq01WuLyD1SKnbjsCORYQGMzx8UTOgEC4xOYPrcateyGh8luh5XYcB1vbI5P1KcIECBAgAABAgQI5F9gWc9QzDg1u4FQmtW1H6nEGs/xXSH/FZZBEQU0NotYVTkRIPCsAhqbBggBAgQIECBAgAABAk8nsPd5tfj9I+mcruHj5D07Y7PXJFukOwgQaDoBjc2mK4mACEyFQLogdutU3Kgp7zFzfi0eWZp9WFlkjc2mrJWgCBAgQIAAAQIECEylwMnX9MbXfp7dGn3vd7THoVt3TGUY7kWAwCgFNDZHCeU0AgSKI2BX9OLUUiYECBAgQIAAAQIE6ilwze0Dcep1vZlLrv+y1jhvv6563sa1CBCok4DGZp0gXYYAgfwIaGzmp1YiJUCAAAECBAgQIDCVAvc+OBT7fia7zmZnMgv96x+tRHubdTanshbuRWA0Ahqbo1FyDgEChRLQ2CxUOSVDgAABAgQIECBAoK4C28yrRjX70mZ87sCueO1a5V3Oq67ALkagjgIam3XEdCkCBPIhoLGZjzqJkgABAgQIECBAgEAjBD78Pz3xo3vTfQmGjyO27Yg9NmpvRDjuSYDAswhobBoeBAiUTuC9n67Fbx9ONg9K/tOycjaJzYNKNwwkTIAAAQIECBAgQOBpBS5Y0hcX3tqf+bOtX98Wn9y1kxgBAk0moLHZZAURDgECky+wyq7oSYNz0fsrMW1Na+ZMvr47ECBAgAABAgQIEGhugR/8ZjA+cklPJsgXPa8lrvxgpbkDFx2BEgpobJaw6FImUHaBredWo6cvqzB/Vle8dZo1c8o+NuRPgAABAgQIECBAYFnPUMw4NbuBUKpy7UcqscZzvAxhhBBoJgGNzWaqhlgIEJgSgU1PqKaz0DPHxYd0x7ovnJLbuwkBAgQIECBAgAABAk0uMOvJ5atGxHni7p2xxWuTLdIdBAg0jYDGZtOUQiAECEyFwIOPD8WuZ2V/fW1NfnS99bjuqbi9exAgQIAAAQIECBAgkAOBudf2xrU/HchE+u63t8fh23TkIHohEiiPgMZmeWotUwIEEoEf3TcYH16cXS/n1S9ujc8f1MWHAAECBAookL6hb9JgAQsrJQIECEyywLU/G4i5X+3N3OUNL22N89/ne8Mk07s8gTEJaGyOicvJBAjkXeDKH/XH/BuyC2zOeGNbfHxnOxzmvbbiJ0CAAAECBAgQIFAvgd8+PBTpdPSRR1uyJP83j6lEe5ufzOrl7DoEJiqgsTlRQZ8nQCBXAmlTM21ujjwO3qIj9tu0PVd5CJYAAQIECBAgQIDAPwQGk7+yD2bdB8Q286pRzb60GZ9J3th8ffLmpoMAgeYQ0NhsjjqIggCBKRJIp6Gn09FHHicki4BvaRHwKaqA2xAgQIAAAQIECBDIh8CRl/TE93+T/e7wgWSNzb2StTYdBAg0h4DGZnPUQRQECEyRwG7JxkF/STYQGnl84ZBKvOKFppNMUQnchgABAgRyI+AVsNyUSqAECEyKwEW39sfCJdllrNIXItIXIxwECDSHgMZmc9RBFAQITIFAb7Kp4VYnV1e507c+1h2dbVMQgFsQIECAAAECBAgQIJAbgafbePRfnxvxlQ915yYHgRIouoDGZtErLD8CBP4hcM+fh+J9n8suAP7iNVriSx+oUCJAgAABAgQIECBAgEBGoKd/KKafUovsfK+IK4+oxIv+2Ywvw4VAMwhobDZDFcRAgMCUCHzzzoH4r6uyq3+/fd3WOH3vrim5v5sQIECAAAECBAgQIJAvgX0/U4t7H8y2Nv97t87Y6nWmfOWrkqItqoDGZlErKy8CBFYR+MzN/fGF21askdOSPJsMJT+y7vW29vjgjA5aBAgQIECAAAECBAgQWEXgtOv64urb+zN/f0/fIYwUAk0joLHZNKUQCAECky1w4MJa/PKB4V9bh5JJJUft0Bk7v9muhpNt7/oECBAgQIAAAQIE8ihw/c8H4qRrsrO+XveS1vjsAWZ95bGejYnZZnyT6a6xOZm6rk2AQFMJTJ9Xi1rvU6aRJDsabpXsbOggQIAAAQIECBAgQIDAUwV+/8hQ7H1edp3+ttaIbx5TifY262waMQQaLaCx2egKuD8BAlMmsNlJ1RhMfywbcSx+fyVe/q8eSKasCG5EgAABAgQIECBQEIHyvIW2zbxqVLMvbcZ5+3fF+msnHU4HAQINFdDYbCi/mxMgMFUCtWRpzelzq6vcbsmc7kh/cXUQIECAAAECBAgQIEDg6QSOvrQnvntP9g2JQ6d3xN7/15JWRgyBRgtobDa6Au5PgMCUCDzdFJIX/J+Ia/6ze0ru7yYECBAgQIAAAQIECORT4Au39cdnb16xCemTx+brtcVJe3TmMyFREyiQgMZmgYopFQIEnlngJ78djCMW9WROWG+t1lh4oEW/jRsCBAhMtkB5JitOtqTrEyBAgEAjBG5Pvkt88CnfJZ6XvB9x3ZFekmhEPdyTwEgBjU3jgQCBUgg83W6Gm72mLU7e06+spRgAkiRAgAABAgQIECAwToGe/qGYfkotstuQRnzpA5V48RrW6x8nq48RqIuAxmZdGF2EAIFmF7j42/3xuVuy00d236g9PrRtR7OHLj4CBAgQIECAAAECBBossP9na/Hrv2Rbm/+1S2ds84a2Bkfm9gTKLaCxWe76y55AaQRO+WpfXPuz/uX5tiTPI0PJD6uHbZ0s+P0OC36XZhBIlAABAgQIECBAgMA4Bc64vi++/OMV3yeePHZ7a3t8eDsvSoyT1McI1EVAY7MujC5CgECzC+zz6Vrc9/DwL6xDyUSST+7aFdNf7xfWKa9dWgYzdqac3Q0JECBAgAABAgTGL3Dj/w7ECV/pzVxgvRcna/YfZM3+8av6JIGJC2hsTtzQFQgQyIHA9Lm1qPVlp46clKyvuXmyzqaDAIGiCOiaF6WS8iBAgAABAs0m8Ke/DsVe59YyYaW/1d90bCW62v1q32z1Ek95BDQ2y1NrmRIotcDmJ1VjIN2Wd8Rx8exKrLumh5BSDwzJEyBAgAABAgQIEBilwDtPr8bfqtmTz923K/59ndZRXsFpBAjUW0Bjs96irkeAQNMJ1JI9g6bPzT6BpO913TqnO9o8gzRdvQREgAABAgQIECBAoBkFjrmsN2771UAmtNlbdcSsja3b34z1ElM5BDQ2y1FnWRIotcDvHxmKvc/LTht5wf+JuOY/u0vtInkCBAgQIECAAAECBEYvsPg7/XH+t5K3JkYcm7y6Lebu1Tn6iziTAIG6Cmhs1pXTxQgQaEaBn/x2MI5Y1JMJbb21koW+D7TQdzPWS0wECBAgQIAAAQIEmlHgZ78bjMO/kP1e8bzkXYnrjvTCRDPWS0zlENDYLEedZUmg1ALX/3wgTromu4PhZsmmQScnmwc5CBAgQIAAAQIECBAgMBqBnv6hmH5KLbJbkkZcdnglXvJ8a/ePxtA5BOotoLFZb1HXI0Cg6QQu/nZ/fO6W7JSR3Tdqjw9t29F0sQqIAAECBAgQIECAAIHmFThwYS1++UC2tXn8zp2x7RvbmjdokREosIDGZoGLKzUCBFYIzL22L7760/4V/yV5BmlJfkx4Eyv+AAAgAElEQVQ9dOuO2PsdFvk2RggQaDKB9HuSFz6arCjCIUCAAAECwwLzb+iLK3+08rvFyr+9y1va4yPbe2nCOCHQCAGNzaeoDyb/3SbJjRiK7klg8gT2+0wtfvPg8K+q6V99ctfOmP56v6pOnnqTXtk/5Ju0MMIiQIAAAQIEpk7Ar2gTsf7GLwbik1/OLnP1qn9riQsPrkzksj5LgMA4BTQ2xwLnC/FYtJxLoGkEps+rRa03O13kv3frjK1ep7HZNEUSCAECBAgQIECAAIEcCDzw2FDscU4tE2k62eKmYyvR1W7aRQ5KKMSCCWhsFqyg0iFAICswmPQzNz+pGkNPWeH7Sx/sjhc/jxaB5hbwPkVz10d0BAgQIECAQDkF3nl6Nf5WzeZ+9j5d8aaXm/9ZzhEh60YKFLSx6dXKRg4q9ybQTAK/e3go3vvp7C+q6S+p30x+UXUQIECAAAECBAgQIEBgrAJzvtQbS+4eyHzsP7bsiH03sYb/WC2dT2CiAgVtbE6UxecJECiKwLf+30B8/MrsGjgbvaI1znxvV1FSlAcBAgQIECBAgAABAlMocMn3+uO8m/oyd3zHq1rj1Hf7jjGFZXArAssFNDYNBAIECi3wmZv7YtFt2V0L35vshv7+ZFd0BwECBAgQIJBPAfOz8lk3URMoisAdfxiMQy/qyaTT3RnxjY92FyVFeRDIjYDGZm5KJVACBMYjcPSlPfHde9KvP8PHx3fpjBlvsHHQeDx9hgABAgQIECBAgEDZBfoHhmLrubUYyH7NiEsOrcTL/sUGQmUfH/KfWgGNzan1djcCBKZYYNezavHg49mdgxbNrsS0NT1wTHEp3I4AAQIECBAgQIBAYQQOvqAn7ro/29mcs1NnbL+BFygKU2SJ5EJAYzMXZRIkAQLjEfh7smfQ9qdltytsTzYq/NbHuqNVX3M8pD5DgAABAgQIECCQV4H0t37PwHWr3tlf74vLf5Bd8mrmm9rjqHda8qpuyC5EYBQCGpujQHIKAQL5FPjp7wbjA1/Irn3zqn9riQsPtiN6PisqagIECBAgQIAAAQLNIfB0m5Su+8KWuPgQ3zWao0KiKIuAxmaOKu0HthwVS6hNIfDFZLfCc9PdCpf/j2fF/4J2WL8t5sxMVvZ2ECBAgAABAgQIECBAYJwCf0mWu9otWfZq5JG+EHvTsZXoavdq7DhZfYzAmAU0NsdM5gMECORFYPaFtfjFH4fX1xxK/vKDMzpir7e35yUFcRIgQIAAAQIECBAg0KQCOy+oxsN/zwY3f1ZXvHVasv6VgwCBKRHQ2JwSZjchQKARAtvMq0W1N7tx0Cd27Yzpr7egdyPq4Z4ECBAgQIAAAQIEiiRw/BW9cfNdA5mUDtq8I/bfzIsURaqzXJpbQGOzuesjOgIEJiCw6YnVSN/SHHlcenh3vPT5E7iojxIgQIAAAQIECBAgQCARuOz7/XHON5Klr0Ycb3l5ayzYp4sPAQJTJKCxOUXQbkOAwNQKPLI0Yub87I7obcmMkCVzuqc2EHcblcBgcpYJO6OichIBAgQIECBAgECTCNz5x8E45MLsZqWtyfKatx7nO0eTlEgYJRDQ2CxBkaVIoIwCd/x+MA69OPuQYZfCMo4EORMgQIAAAQIECBCYPIFNTsi+TJHead67O2PjV1n+avLUXZnAsIDGptFAgEAhBa772UCc8tXeTG6br9cWJ+1hR/RCFlxSBAgQIECAAAECBBogsN2p1ViafZ8idtuoPT68bUcDonFLAuUT0NgsX81lTKAUAp+5uS8Wfbt/ea5DyXSQ9Jj1jvZ4/9YeMEoxACRJgAABAgQIECDQ5ALpYvgrH9SbPNJnC2/uV/vi2p+t+N6x4stHxIvWaIkrP1jJcVZCJ5AfAY3N/NRKpAQIjEHgkM/3xJ1/Sldu/MfzRRyzY2e8a0NTQsbA6FQCBAgQIECAAAECBJ5F4M+PDcZuZyevbCY92pYRvdqL/qMSr3xR/hu3ik+g2QU0Npu9QuIjQGBcAtsmU0KeeMqUkBOSaehbJtPRHQQIECBAgAABAgQIEKiXwP6frcWv/5J2NYeP/TZtj4O3MFusXsauQ+CZBDQ2jQ0CBAopsMXJtegfyD5cfOGQSrzihX41LWTBJUWAAAECBAgQIECgQQIXJUtgLbylL3P3tV/QEl88zHT0BpXEbUskoLFZomJLlUBZBNJ25qZPszvhLXO6o721LAryJECAAAECBAgQIEBgKgR+/8hg7H3eU6aLJTdeNLsS09b0YsVU1MA9ciZQxyV2NTZzVnvhEiCweoFHlkbMnF/NnPjc5MfS64/qXv2HnUGAAAECdRFIVzn2W1JdKF2EAAECBHIgMOvTtfjtw9kZYwdt3hH7b9aeg+iFSCC/Ahqb+a2dyAkQeAaBXz4wFAcurGX+NP2lNP3F1EGAAAECBAgQIECAAIF6Cyxc0hcX3Tpid/TkBusmy2BdnCyH5SBAYPIENDYnz9aVCRBokMB37xmMoy/NTgV567TWmD+rq0ERuS0BAgQIECBAgAABAkUWSDcPSjcReupxxQe64t/WMIehyLWXW2MFNDYb6+/uBAhMgsA1tw/Eqdf1Zq68/fptMWdm5yTczSUJECAwDoE6ris0jrv7CAECBAgQIDAJArudXYu//C07Hf2QrTpin41NR58EbpcksFxAY9NAIECgcAIXJlNALkimgow8ZiUPE7OThwoHAQIECBAgQIAAAQIEJkPg/G/1xeLvZKejv+bFLXHBQaajT4a3axLQ2DQGCBAopMBp1/XFV25PHihGvBH14W07YveN/FJayIJLigABAgQIECBAgEATCNz9wGActHDV3dFNR2+C4gihsAJT/MameVeFHUkSI9BEAgcmDxN33z8YLS0rgkr/yXPS7p2xxWvbmihKoRAgQIAAAQIECBAgUDSBp5uOftj0jnjP//WSRdFqLZ+nE5j6vt8UNzaVnQABApMvMOPUWizrya5tM2+vrtj41Rbtnnx9dyBAgAABAgQIECBQXoFzv9EXl34/Ox399S9pjc8cYCPT8o4KmU+mgMbmZOq6NgECDRHY+pRq9GSfJeKzB1TidS9Z+QpnQ6JyUwIECBAgQIAAAQIEii5w5x8H45ALV52OfvWHK/Ev/+T7SNHrL7+pF9DYnHpzdyRAYJIFdjqzFo8+kX1jc9HsSkxb04PEJNO7PAECBAgQIECAAIHSC+x0ZjX5PpJlOCJZ838Pa/6XfmwAqL+Axmb9TV2RAIEGC+xzfi3ue0hjs8FlcHsCBAgQIECAAAECpRRYcGNfXPHD7BSyDV7WGp/az3T0Ug6IZ0x66tejLKK/xmYRqyonAiUXWN7YfHBFY3No5Uuai72xWfJRIX0CBAgQIECAAAECUyPw898PxmEXrzod/WtHVuKfu80im5oquEtZBDQ2y1JpeRIokcCuZ9XiwceH39hM/0pjs0QDQKoECBAgQIAAAQIEGigwNDQUO5xei7/XskEcuUNH7Pxmu6M3sDRuXUABjc0CFlVKBMousM28alR7swpn79sVb1rHruhlHxvyJ0CAAAECBAgQIDAVAqd/rS++8pPsdPQ3v7w1ztrHdPSp8HeP8ghobJan1jIlUBqBLU+uRd9Ado3NhQdWYr21TPsozSCQKAECBAgQIECAAIEGCvz4vsH40OLsdPTW5OvItR8xHb2BZXHrAgpobBawqFIiUGaBtJ256QnVVQhumdMd7V7YLPPQkDsBAgQKJGCzgQIVUypjFBhMzvdIN0Y0pzdEYGBwKHY8Y9Xp6Mfs2Bk7btjWkJjclEARBTQ2i1hVOREoscAjSyNmzs82Np9bibj+qO4Sq0idAAECBAgQIECAAIGpFph7bW9c+9OBzG3ftm5rnLG36ehTXQv3K66AxmZxayszAqUU+OUDQ3Hgwuwq3dPWbIlFya7oDgIECBAgQKA+At4ZrY+jqxAgUGyB7/9mMI68ZNXp6DccVYnndFkmq9jVl91UCWhsTpW0+xAgMCUC371nMI6+NPvw8NZprTF/ll9Fp6QARb+Jb/JFr7D8CBAgQIAAAQJ1E0ino293Wm2VjU3nzOyM7dc3Hb1u0C5UagGNzVKXX/IEiidwze0Dcep12S3R04eG9OHBQYAAAQIECBAgQIAAgakUOPHq3rjhjux09I1f1Rbz3u37yVTWwb2KK6CxWdzayoxAKQUuvLU/LljSl8l91sbtMXurjlJ6SJoAAQIECBAgQIAAgcYJ3PargTjmsuyLF+mmpjceXYmuDtPRG1cZdy6KgMZmUSopDwIElgucdl1ffOX2/ogRU4Y/vG1H7L5ROyECBAgQIECAAAECBAhMqUDfwFBse2otepOvKCOP/9qlM7Z5g+noU1oMNyukgMZmIcsqKQLlFThwYU/cff9gtKz88TPtb560e2ds8VoPDeUdFTInQIAAAQIECBAg0DiBT1zVGzfdmZ2Ovvl6bXHSHqajN64q7lwUAY3NolRSHgQILBeYkfwauqwnbWcOH/P26oqNX53M93AQIECAAAECBAgQIEBgigWW3D0Qc76UnY7emUwou/5I09GnuBRuV0ABjc0CFlVKBMossPUp1eh5yjSPzx5Qide9xPo1ZR4XcidAgAABAgQIECDQKIGevqHY/vRVp6OfkMws29LMskaVxX0LIqCxWZBCSoMAgRUCO51Zi0efyL6xuWh2JaatqbFpjBAgQIAAAQIECBAg0BiB467ojVvuyk5H3/r1bfHJXU1Hb0xF3LUoAhqbRamkPAgQWC6wz/m1uO8hjU3DgQABAgQIECBAgACB5hFI19hM19oceaTT0dPd0TvavITRPJUSSd4ENDbzVjHxEiDwrAJpY/PetLE5Ylf0xd7YNGoIECBAgAABAgQIEGigQDodPd0dvX8wG8TcvTpjk1fb6LSBpanvrUd8D63vhV3tmQQ0No0NAgQKJbDLgmo8+HhkdkXX2CxUiSVDgAABAgQIECBAIJcCx1zWG7f9Kjsdfds3tsXxO5uOnsuCCropBDQ2m6IMgiBAoF4C0+dWo9aXvdo5+1Ziw3VM76iXsesQIECAAAECBAgQIDB2gRvuGIgTr85OR+9Oepo3HFWJtlbfV8Yu6hMEkpeahpIDBAECBIoioLFZlErmOY90flFrnhMQOwECBAgQIECAwCQILOsZih2S3dGfOh399Pd0xdtf6flxEshdcrUC+Z87r7G52iLX+YT8j5k6g7gcgfoKzJxfi4eXWmOzvqquRoAAAQIECBAgQIBAPQSOvKQnvv+b7EKb7/z3tjj2Xaaj18PXNconoLFZvprLmEChBayxWejySo4AAQIECBAgQOD/t3cnQJJf9X3AX8+1s5e0K1b3sVpdFjrAgpDCBLDCUWDAyBBXUgajgOMkwuWKA4YUAlJJVWRuRwJRRk5cZWwhVyokLhscjMuoChLnwuBwSEICvLpZaQ9ptdrdOXZnOu/9u3u3Z3a10zP97+7/8fmXxz0z3f3/v/d5/xUz33nv/QiUWuDPvrMQPvblpcvRN0+H8Ge/aTl6qQdW40cmINgcGb0LEyAwCAFL0Qeh6pwECBAgQIAAAQIECOQhcGCmGd7027NhcdmmgLf+8rrwkh2Wo+dh7Bz1EhBs1mu89ZZA5QUEm5UfYh0kQIAAAQIECBAgUGqBf/mFufCtB5cuR/+FF0+E971hstT90ngCoxAQbI5C3TUJEBiYQNpjc1/aY7PruPOm6bDjTFUGB4buxAQIECBAgAABAgQI9CzwJ98+Gj71lSNLXp+Wo3/lfdOh0fB7S8+QXkggCgg23QYECFRK4B13zIYH9wg2KzWoOkOAAAECBAgQIECgQgJpOXqqjr78uP3GdeG67ZajV2iodWUIAj0Fm2mCtH9aQxgNlyBAoG+BFGzuTMFmyjbbf+z8ghmbfbs6AQECBAgQIECAAAEC+Qn8+h/Ohe88vHQ5+j94yUR4z+stR89P2ZnqINBTsFkHCH0kQKAaAqqiV2Mc9YIAAQIECBAgQIBAlQX+618fDbd+dely9DM2hvCn77Ecvcrjrm/5Cwg28zd1RgIERiigeNAI8V2aAAECBMor0LXSobyd0HICBAiURyDVBUj1AZYfd7xrXbjmAmtmyzOSWjpqAcHmqEfA9QkQyFVAsJkrp5MRIECAwKoEpIOr4vJiAgQI1Fzgpt+fC/c8Zjn6ibeB/z2t+T+NVXVfsLkqLi8mQKDoAumvnntTVXR7bBZ9qLSPwEAF7A8+UF4nJ0CAAAECBHIQ+E//52j47F8uXY4+NRHC3Tev75QLyOEqTkGg2gKCzWqPr94NQcAvz0NAXsUl7LG5CiwvJUCAAAECBAgQIEBgZAJP7F8Mv3j73AnXv/nnp8Ibf3p8ZO1yYQJlEhBslmm0tJUAgRUFLEVfkcgLCBAgQIAAAQIECBAoiMDrPj4bDs2n5WbHj2vjHpufi3ttOggQWFlAsLmykVcQIFAiAcFmiQZLUwkQIECAAAECBAjUXOBzdx8Jd/2voyco3PXu6bB9W6PmOrpPYGUBwebKRl5BgECJBNIem6nCYPdx503TYceZfigo0TBqKgECBAgQIECAAIFaCMwvhPCmT82EQ2lFevyVpfNbyxteOB4++OapWhjoJIF+BASb/eh5LwEChRN4xx2z4cE9gs3CDYwGESBAgAABAgQIECBwUoHf+8aR8Pn/vnTW5mTcYvOPf2N92LoRGgECpxIQbLo/aiOgyE89hjoFmztTsKkqej0GXC8JECBAgAABAgQIlFzg6UMhvPXTM+FInL3ZfbzzFRPhV6+fLHnvNJ/AYAWqFWxKrgZ7tzg7gRIIqIpegkHSRAIECBAgQIAAAQIElgh85Evz4SvfXZpsbp4O4U/fuz5MKZDubiHwnALVCjYNNAECtRdQPKj2twAAAgQIECBAgAABAqUTeHhvM7z9c7MntPvXXj0Z3vayidL1R4MJDEtAsDksadchQGAoAinYnDkSL9W1FP2zN06H67YrHjSUAXARAgQIECBAgAABAgTWJPCeu+bCX+9MS1GPH9NxJfrXPrB+TefzJgJ1EBBs1mGU9ZFAjQRe/4mZcCD+oTOLMeP/S/nmXaqi1+gO0FUCBAgQIECAAAEC5RT4v3+7GH7zj1J59KXHB2+YCm94QfXXo3fNTSnnAGr1SAQEmyNhd1ECBAYlcP1H4qbbsaBgoz1BM/2Poxmbg9J2XgIECBAgQIAAAQIE8hR4dVyBNpdWoHUdkxONcPfN02Eszws5F4GKCAg2KzKQukGAQEvgFbfMhGZ79UbnL363/MPpcP2VlqK7RwgQIECAAAECBAgQKJ7A7gPN8NXvL4Rv3LcQ9h1uhr3x687R+Z3mtPWN8JX3xWpCDgIElggINt0QBAhUSiALNo//HJB9/tl/bI/NSg2yzhAgQIAAAQIECBAYgkDauz+tBptfaIb5+Jg+PxILl88dbS79PH4ve137tenzXfub4ZF9zXD6hhDO3dII48umW6Yw80dPNMO+Z2OQebD1C0xadbbY/l0mvbwZv+6envH7/2x9uPzsIXTcJQiUSECwWaLB0lQCBFYW+NnfmgkLS/fbDp/8pXXhZy6zcGNlPa8gQIAAAQIECBAgUFyBlPkdiltQHpprhsPtx4Px8XD8On1/556F8ODuEDbFiY3P29TIfi84EkPJFDTOZaFk+/N2EJm+zsLI9nOdz9Nr+zk6Ey0622MtP1d6vvu57r0l0+fp+bGurbWywgHx+C0r0foZFu+tqIBgs6IDq1sE6iqQigelH266j3e/ejK8/WUTdSXRbwIECBAgQIAAAQIjF7jzfx4NX/6bhXAkho2nxSLfO85shAvPaKV3afbiE8+EsGGq9VwnvOx+TOHl4flTdKNAlWdW25TlwWbqZSN+89hCtHbI+XkzNkd+H2tA8QQEm8UbEy0iQKAPgffeNRe+uTP+tJR+EGj/APDSS8fDb78t/pQ0qGO1P7kMqh3OS4AAAQIECBAgQKCAArd+9Uj44jdb0yDTj+hLZisum7241uYX6Ufyldqy0vNpAVr2q0wn3IyP69fFAkIfsMfmWu8P76uugGCzumOrZwRqKfCthxbDb9w5t2Qvmom4Cv3rH4p/+nUQIECAAIGhCaz0a+vQGuJCBAgQGLlAqvQ92670vbyk5/Jl2WttbJn+q7u8rSnoveb8sbA5Fgg6d2sjzMw3w87dzXBwphmmpxrhJZeMhX/00smwbdNadbyPQHUFBJvVHVs9I1BLgbQvzt//6MySYDNB3PEr67IfFhwECBAgQIAAAQIECAxOIIV2Tx8KYU9cXr4vFsW5+96jWcXvznFCsBmfWP69tbRuEMHm1HgIk3FHq8n4uG6iseTz6bggLO2DORWfnxpvPZdePxVfNxE/PxCrm+8/HMLmOMly+7YTe/hUNHoiFhhKoeWbrpsIm9adrNeD6NVadL2HQHEFBJvFHRstI0BgjQKv+8RstqF49/Fv3joVXnt1/EnDQYAAAQIECBAgQIDAmgTSJIK0H+aeWMk7fextf763/XX2vfhxrJhnJ5c7RT6X/dS+iuXoKTzcEEPATdONsDE+boxLtDfEWY2pYNBEDBh3P7OYzXy8/JyxsH4yhZKt0HFdO6CcjMFjK4xsPZd93n4uhZLp87TXp4MAgXIICDbLMU5aSYDAKgR+/Q/mw3ceOf5X4fTWD715KvzcCwWbq2D0UgIECBAgQKBsAmljPgtUehq1VITmcFzuOxsfZ9LHkWb2ONt+TEuBH326GR6Ky4FP3xDCuVsaYbxGto/HmYR7nmlmfU7LpLPgMoaYy4t0roTdWWbeqfTdnW+mmYxv+TsT2WzItEw9Lb3eujGEy88eC1tjRfMstIyBZQouN8bXpsf0nk618BDc8Cv5e55AHQQEm3UYZX0kUDOB2/7iSPgv7c3JO13/1esnwztfoTJ6zW4F3SVAgAABAgRKLLAQU7DDcyl4jAFkDL6yALL9eRZKZt9rBZKdYLKX1861atic8shr38eVrlPE5/Ps+/KJmunrNFPyVVeNhw//wlQuS9CLaKhNBAgMT0CwOTxrVyJAYEgCf/S/j4bf+Vp7d/L2NW940UR4/xvjWhQHAQIECBAgQIBArgIpKOyEjp2QcS7+KJbCxzQzsjUrMgaQ7SByeSC55Ov2a1c7MzDXDsWT1Xlnwzz73tkcqrPD5DmnN7K977fFGZkOAgQI5CEg2MxD0TkIECiUwNfuXQj/9o/jT8Vdx0svGwuf+qWT7shdqLZrDAECBAgQIEBgrQJp/8MjcTee9DF/tBmOpsf0dfb9Zuv78SP7fny+89ru5x9/Ki7B3tcMG9eHcHrcw3Auvm75Uu1WWNn5/lpbW+z35RnuFbunJ7aunxmbaan4ts2NcGb6OK31sRhXjO85EKt+X9gIabKBgwABAnkKCDbz1HQuAgQKIfC9RxfDr30+rlvqOi49qxH+4J/Hn7QcBAgQIECAAIE+BdIMxRQitoLDGBB2BYpHugLD9FwrROwEjq3XHgsXT/XerjAyCyC7w8mTXPto2m6wz6OfQKvPS3t7gQROFupOxL02s8AyhZXxMX1+LMDsCjHTMnMHAQIEhikg2BymtmsRIDAUgSfiRue/+JnZbAlRZx1R+uvxV98fpx44CBAgQIAAgdIIpJmBrVmFJ4aHWTgYw7wsNFw2+/CkgWI7YDwxjGyfO56rFTo+dxiZrlXpo0bTFFPl61Qxe30sTrM+VsBOj9Pp68nW19PxI+3veWCmGU6LFba3b6vX0ulULOipQ83woovHw8uvmAjnb630na9zBAiUWECwWeLB03QCBE4usBB/MXnlLTPZk6mKYyffvPsD67MfWB0ECBAgQIDA6gTSHohZFem51p6JncdD2dfN8PDeZlbReHP8G+JZcUbXqQLCY8ufY4B4fNbj8XAynd8xGoGizdhMP8a1QscYNLYDxyyI7Aok0/c3ZEFk5/tdIeVJXts5X71iytHcT65KgACBYQgINoeh7BoECAxd4PqPzGRLv7qP3/2V6XD1+X6MHfpguCABAgQIDF0gTbw7FGebZcFjfOwUcVkeTD7n16noS/v9aX/FVJ36uY6ihWFDx67QBfuZsLkpbmV+fPbjiTMgj82I7Aob06zIFEpuiN9b1zVbsnOedUPajrGffldo+HWFAAECpRQQbJZy2DSaAIGVBF778Zlso/vu4453TYdrLhBsrmTneQIECBAYjcDJZkUeageMWTB5koAyBZfpfQdnl86kHOaSacHmaO6X57pqWp0yGfc5TEutJ8YbIe15OBk/T9+bXPJ1o/W97ufi52l5/2OxgNDWDSE8/7yxJUu100zJFEam5dqtULIR0nY/DgIECBAgMCoBweao5F2XAIGBCrz107Nh94Gl00vuvGk67DhTsDlQeCcnQIBAzQSenV26PHs27sGYhYydEDLNeuwhnEyzK8t61DHYXB4WHg8HU6DYiIFifMyCxFaYmJ5PX2ffj8+3vp9Cxa7PT3guvafrXFkAefIwsnO9st5D2k2AAAECBNYqINhcq5z3ESBQaIF33DEbHtwj2Cz0IGkcAQIECiKwa38sknGwGfbGj3seWww/2tUM03FZbZqxlvZ7bO0jeeL+ksOcFVkQqpM2Y5DLeNOsw+MhYivUa81EbIV+WaAYqzW3gsXjod+xQLBrNuJJ39sVMGbnjedqXa87fDx+7rRs2kGAAAECBAgUR0CwWZyx0BICBHIUEGzmiOlUBAgQKKHAwTgDcl+s6rsvVvXNHmNo2Qkv09ep2m+q+ptmXHaOQQZ0JSQ8oclpyfGGda1CLcce41LkDTEEnhhrhN3PLMbiQY1wxTljS5Y3P+dsxbQs+lhIuTRMVOyvCneMPhAgQIAAgcELCDYHb+wKBAiMQECwOQJ0lyRAgMAQBNKsyqcOhlZIGYPJ1tft4LIdVqbgcn5ZAblemla1YDPth5hCx7QPYnrcmD2ePJjsvGZ5YNn5fprF6CBAgCGfzYAAACAASURBVAABAgQIFE1AsFm0EdEeAgRyEUjB5s60FL3rt9Qv2GMzF1snIUCAQN4CaUl3CinTrMrOx7HAsiu8fOpQ3ldedr4RJ5tpGXR3EJmFit2zI2MoubETVC77fqeydPZ8fN36+LxdpQd8vzg9AQIECBAgMHIBwebIh0AD6iMQS0yG+BuLYygCb7ltJhYPir/UtX+rS7+rCjaHQu8iBAgQOCZwYCYuB+8KK9NMyu4Zlp3nilI4Zy25Zloy3R0+bspCxdYMyWOzILsCylMFk2lZtoMAAQIECBAgQKB3AcFm71ZeSYBAiQRe87GZMHtkaYNvv3E6XLfd/JUSDaOmEiBQUIE9aXblsf0r28vCO8vB20vEnzywtIBb0bqSllafsakRnre5EbbFx+zz+LFhshEe2ruYTfjfcVYjnDbdCilTYJlCzI1pKXc7tEwhpWMAAv4WPABUpyRAgAABAtUUEGxWc1z1ikDtBQSbtb8FABAgsEqB9MegbAblsoI73TMs03LxZw63dvko6pEK3KSAMvuIoeWxzzvfa39/k1CyqEOoXQQIECBAgACBngUEmz1TeSEBAmUSuOHW2ewX9O7jTntslmkItZVAJQXWstS5X4hn0nLwZftXpv8+ppAyVQbvPHd4vt8rDe79sXh22JoFk12hZXd4ufF4iDmpyM3gBsKZCRAgQIAAAQIFExBsFmxANIcAgXwEVEXPx9FZCBAopsDRuFS3Uwn8+B6WJwaY6TXptUU90tLutAQ8LQU/NsOyK6TszLbcslEhnKKOoXYRIECAAAECBEYpINgcpb5rEyAwMAHB5sBonZgAgZ4E1jY3M82aPLYcvLvozrICPGkWZpGP09d3BZYnWQ6ehZnx+6nojoMAAQIECBAgQIDAWgUEm2uV8z4CBAotINgs9PBoHIFaCaSIc/+hZdXBO0Hlsv0slxc9KxLU+FhrGfjyGZZnxNmUKaTsPJceJ+JrHQQIECBAgAABAgQGLSDYHLSw8xMgMBIBweZI2F2UQC0FDs2F8NCexfCN+xfDtx9aCPMLzbBlfSMcnk/7V4aQiu8U+Vgfl4OfqsjOseXgG4rcC20jQIAAAQIECBCoo4Bgs46jrs8EaiAg2KzBIOsigSEL7DsYwsN7F8ND8ePhvc0szEyPKbhc28LzwXZgSwwiu2dYplmVabZl+l7a07KzHDztc+kgQIAAAQIECBAgUEYBwWYZR02bCRBYUUCwuSKRF+QtkAq0WH6bt+pIzvf40zG0XBZepq/TzMznOoYZbJ59WqsC+BmxyE4KK7tDyrQsPD13ZvxwECBAgAABAgQIEKi6gGCz6iOsf0MUGOavtUPsVkkvJdgs6cBpNoEhCvz4yWY2A/PhfZ3Zl4vhb3evbdl4v/8LkIroLN+nsjuw7CwHPy0W5XEQIECAAAECBAgQINASEGy6EwgQqKSAYLOSw6pTBFYt0Nn/8qG4ZPzhfXEZeVw+nj7/SZyVmefRjKdrLJskORa/zpaDn6QqeCeoTM+lAHNqIs/WOBcBAgQIECBAgACBeggINusxznpJoHYCKdjcuScmDV3TqL5w03TYcablmbW7GXS4FgJpn8vOvpePxBmYD2b7Xy6GtC/moI9LzmqEi7eNhY3rWv/JeemlE+GaC1uBpYMAAQKrFuh3CviqL+gNBAgQIECgvAKCzfKOnZYTIHAKgbfcNhN2Hzg+gyr9jiDYdMsQKLfAYvyH/MT+tP9lZw/M1uzLh2OIefAU+1/m0esUWqbwcvu2Voi5Pf6RJD2eu6UR0sxMBwECBAgQIECAAIFeBGzN34tS768RbPZu5ZUECJRI4DUfmwmzR5Y2+PYbp8N12yUQJRpGTa2pwPxCCI/GWZetCuSt/S8ficvIH4mfp+cGeTxvU4jh5djxEPPMVphp9uUg1Z2bAAECBAgQIECAwNoEBJtrc/MuAgQKLiDYLPgAaR6BKJDtf9mpPp4e4/YR6etdcVZmmp05qCP9eePcrWnGZXv2ZRZkNuIszLGwKc7MdBAgQIAAAQIECBAgUA4BwWY5xkkrCRBYpcANt87GvfWWJiN32mNzlYpeTiAfgbTPZWv2Zdr3slOBvBnSvpiDPCbHQ7joeTGw7F5CHj+/KIaYU/E5BwECBAgQIECAAAEC5RYQbJZ7/LSeAIHnEFAV3a1BYLgC9r8crrerESBAgAABAgQIECAQ62o04wGCAAECVRMQbFZtRPWnKAJ13//SZu9FuRO1gwABAgQIECBAgIBg0z1AgEBFBVKwuTPu1xfSn27a9YJURa/oYOvWwAQejP+GvvT/joZvPbgQ5uZDWIj/np58ZvB/Dz0vVhq/uF11/KL2/pcX2/9yYOPsxAQIECBAgAABAgTKKmDGZllHTrsJEDilwFtumwm7D8RMsx1qpihGsOmmIfDcAodjcPn9RxfDfY8vhnsfWwj3/WQxPDNz7O8CA6G75KxO8Z7WPpgXx4/Lzm7/ox3IFZ2UAAECBAgQIECAAIEqCQg2qzSa+kKAwDEBVdHdDAROLfDArmYMMRfCvTHIfGDXYkizM5cfabOazh8H1uq5YSrE2ZdjMbg8HmKmAPOCMwSYazX1PgIECBAgQIAAAQKjEOhaEDmKy5/0moLNwgyFhhAgkKeAYDNPTecqu8DuA80swPxBnIV5z2OL4XuPpJ0i8z3O2BgDzDTrsh1itmZgNsK2zQLMfKWdjQABAgQIECBAgACBjoBg071AgEAlBW64dTbsO7h0BtqdN02HHXHfPgeBKgvMHw2t5eTxIz1+95GFsP/w2nrc+RfU/a+ms/9lCi7Tx44YXm63/+XagL2LAAECBAgQIECAAIG+BASbffF5MwECRRVQFb2oI6NdeQs8tDctKW8tJ78n7o2ZlpjndaTl45edPRbSkvQ3/fRE+LuXjuV1auchQIAAAQK1FUjrJvwvam2HX8cJEMhZQLCZM6jTESBQDAFV0YsxDlqRr8DBuVaBn3vT3phxSfkPYqCZvpfHsWVDCFedPxY/xsPVF4yFq+PnaX9MBwECBAgQIECAAAECBIoqMLhgs4g7ihZ1FLSLAIHcBVRFz53UCYcssBCnc/zoidaS8uwjBpmPP53PbMyJOE3k8nNieBkDzBRmXhM/zttqm4YhD7HLESBAgAABAgQIECDQp8Dggs0+G+btBAgQ6EdA8aB+9Lx3FAJPPtMq8JOK+6Sl5T+MS8vnF/JpyblbGlmAmWZhpo8rzh0Lk+P5nNtZCBAgQIAAAQIECBAgkAmMYJKjYNO9R4BAJQUEm5Uc1sp0avZILPATK5SnWZhZoZ+4N+ZTh/LpXlo+/vzz4kzM9nLyF1w4Hk5bn8+5nYUAAQIECBAgQIBAnQRGkNPViTeXvgo2c2F0EgIEiiagKnrRRqS+7Uk/DD20pzUbMwWYKch8MH69mMOq8rR4fMdZrdmY18S9MdNj+tqi8vreb3pOgAABAgQIECBAoE4Cgs06jba+EqiRgKroNRrsgnX1wEwI33u0FWBmBX7izMzD8/k0cuvGEJeSx+I+aUl5e3/M6cl8zu0sBAgQIECAAAECBAgQKJuAYLNsI6a9BComEOujhFjHJPdDsJk7qROeROBI3APzh6nAT2dJeQwzd+3PYSpmvNZU3APz8rgXZmdfzBRknnO6uZhuRAIECBAgQIAAAQIECHQEBJvuBQIEKimQgs2dcblv9+bFX7hpOuw4UzBUyQEfUqd+EquSd6qUdwr8HE3pfA7H+bEqefdMzCti1fLxQaT+ObTVKQgQIECAAAECBAgQIFAEAcFmEUZBGwgQyF3gLbfNhN0HQmi0c8w0h06wmTtzpU+Ylo93lpPf+3hrafn+w/l0edO6WOCnU6X8gvFwTZyNuXk6n3M7CwECBAgQIECAAAECBOoiINisy0jrJ4GaCaiKXrMB77O7qZDPzt3NVpDZDjFTwZ88FpWPxXD9kljQ55oYYKbiPmlW5kXbFPjpc8i8nQABAgQIECBAgAABAkGw6SYgQKCSAoLNSg5rbp1KMy+7C/zcHwv8zBzJ5/TbNsUl5e3CPinETDMz103kc25nIUCAAAECBAgQIECAAIHjAoJNdwMBApUUuOHW2bD32ePz7dKK9DvfbY/NSg72Cp1KBX5ScJn2xuwsLX/yQB5zMWOBnxhYXpkK/HQFmWedZh/XOt5n+kyAAAECBAgQIECAwPAFBJvDN3dFAgSGIPDmfz8Tnjp0/EL22BwCekEu8WBcQv71HyyEr917NByYaYanu+6Dfpt44RmN1nLydpCZQk0HAQIECBAgQIAAAQIECIxGQLA5GndXJUBgwAKv+uhMmD+69CKfece68KKLBVEDph/q6XfHmZc/iLMxs484I/P+XYvh4OzxolH9NCYV80khZtobMy0nvzaGmRtj0R8HAQIECBAgQIAAAQIECBRDQLBZjHHQCgIEchZ43Sdnw6HZpcuNP3zDuvD6Fwg2c6Ye2ukOzoVw72MxvIwh5j2PLWRhZl5VylMnrjinEa69cDxced5Ytrx8x5mWlA9tcF2IAAECBAgQIECAAAECaxAQbK4BzVsIECi+wLs/Pxe+/+jikobe9KrJ8Mt/TxWX4o9eyGbbpgAzhZf3xDDzgScWw0+e7m1fzPSqlSLJtA9mp0J5KvDzgosE3mW4L7SRAAECBAgQIECAAAEC3QKCTfcDAQKVFPjiN4+GT//F0jLXr3/BePjwDVOV7G/ZO/XArmZcRh5nYbaXk//4yd5CzJP1uxnf2uhKNifGQ1xOHvfFjAFmCjNfeNF42LKh7GLaT4AAAQIECBAgQIAAAQIjDzZ7mVljmAgQILBagW8/tBj+xR/GtcvxSBlXM/6/S+LS4jtvihsnOkYq8Mi+GGLGmZhpFmZaWp5mZOZ5XHZ2I5y/dTyMjzXDz71wPPzMZTHZdBAgQIAAAQIECBAgQIBA5QRGHmxWTlSHCBAohECqiP7zsTL68iXJf/Wv1xeifXVpRKpInvbDvC8Gmfe3Z2M+G4v75HVckKqUpz0x40eajXlF3BtzSo6ZF6/zECBAgAABAgQIECBAoNACgs1CD4/GESDQj8Arb5kJi90rmuPnv/tP1mVLkh35CxyKE2Q7AWZ6TPtj7n127UvKl7dw26ZGVp38+THETI8p0FSlPP9xdEYCBAgQIECAAAECBAiURUCwWZaR0k4CBFYt8IZPzYYDM0uDtZvfPBXeGJcnO/oTmF8I4Ye7WuFl2hczPT76VH4h5qZ1IQswr2wHmddeMB62buyvzd5NgAABAgQIECBAgAABAtUSEGxWazz1hgCBLoEPffFI+Mb9sbx21/H2l02Ed796ktMqBNKs1527W/ti3veTWOAnPu6MxX0Wcsoxp2Kh+svPac3A7MzGvDAuMXcQIECAAAECBAgQIECAAIFTCQg23R8ECFRW4E++fTR88r+1KqN3Cgi98MKx8DvvjNMBHc8p8PjTzdZMzPZszAfizMy5pfnwmvXG4kDsiEWcOkvKrzpvPFwSi/2MyzHXbOqNBAgQIECAAAECBAgQqKuAYLOuI6/fBGog8KMnmuGd/3F2SQGhibgK/esfVECoM/z7D7eK+2SzMdvFfQ7M5HdznLe1Vdwnm4nZLvKTZmg6CBAgQIAAAQIECKxKIK0W8sfwVZF5MYE6CAg26zDK+kigpgJpCfXPxgJCS1ZMxy9+759OhyvPrd9PRYfnw5I9MdOMzN0HclpPHu+xM+IemM+PMzA7szGvvmAspL0yy3QsxsYqLVWmEdNWAgQIECBAgAABAgTqLCDYrPPo6zuBGgi89uOzYWZ+aXj3/jdOhhteVO1pg0dScZ8nFrOZmCnATLMxH9mXX4iZqpH/1LlxX8xOlfI4G/Os0+oXFtfgn5AuEiBAgAABAgQIECBAoLACgs3CDo2GESCQh8B775oP39wZU76uo2oFhNLM1If3NrPwsrU35kL4cSruk6Yf5nBMxuX7qbhPZzl5erxoW8NKoBxsnYIAAQIECBAgQIAAAQIE1i4g2Fy7nXcSIFACgayA0FdiAaGuyYovungs3H5jydZId1nv2n+8uE8KM38Yi/vMtGok9X2kOZcXx+I+nZmYV8YQ8/Kzx8K49dl92zoBAQIECBAgQIAAAQIECOQrINjM19PZCBAomMDJCwg1YwGhDQVr6cmbkwr53PNYaxZmp0r5MzkW9zl3S6xQvqy4z/RkKWg0kgABAgQIECBAgAABAgRqLiDYrPkNoPsEqi6Qlmm/MhYQWn586m3rwksvLdY0xDTrMtsTs72k/L74+ZPP5Lcv5paY5aYQ86rzY4Gf+JiK+2yervodoH8ECBAgQIAAAQIECBAgUFWB/oLN9Pu2WhFVvTf0i0BlBF73iZlwaK69Gr39360bXjwR/tUbRjc18Wjc//LHsbhPCi87MzHTPpl5xZgbplrFfToVylOQec7p/oNdmZtaRwgQIECAAAECBAgQIEAg9BdsAiRAgEAJBG750nz48++0Cgg12tneuolGuPvm4UxXTGFlCi27Z2KmUDOFm3kcE3Hi6WXt4j5XxQAz7YuZ9skUY+ah6xwECBAgQIAAAQIECBAgUFQBwWZRR0a7CBDITSAt537rZ2Zb5+uaaf4f3jUdl2PnH/+l63VmYt4fl5XfH4v7HJ7PpzuptdtjRfJsX8zzW5XKU8XyFG46CBAgQIAAAQIECBAgQIBAnQQEm3UabX0lUGOB6z8yE44cPT5jM+Wbt719XXjJJf0lgs/GvPTetCdmti/mQkhVyvcfzg/67Lh8PNsXM83EbAeZ60e3gj6/jjkTAQIECBAgQIAAAQIECBDoU0Cw2SegtxMgUA6BV310JszHYLP7uP3G6XDd9t5nbM7F96fiPim8zPbFjB+79ue1K2YIp69vFfdJAeZV541nxX3S9xwECBAgQIAAAQIECBAgQIDAiQKCTXcFgTwFFNTKUzPXc73mYzMhVR3vXor+2VMEmwupuM+TcV/MOAuzE2I+tKcZUpX1PI7pOOsyK+6TVSlv7Yt53pbeQ9Y82uAcBAgQIECAAAECBAgQIECgzAKCzTKPnrYTINCzwOtjZfQDcdl4Fh3G/5fyybtumg47YpGdFFY+GEPLv/rhQvjLe46GZ2dC2HcwpwSz3cIrzmmEay8cz/bDTGHmpWcJMXsePC8kQIAAAQIECBAgQIAAAQInERBsui0IEKiFQNpjs7MUPRUjT7HiuXGG5IapRtj19GKYjbM5OxXT+wW56HmNbAZm2hczhZhpSbmDAAECBAgQIECAAAECBAgQyFdAsJmvp7MRIFBQgZf/u5ljy8hTqLk8xGzGCZprCTa3bW4cCzCvigFmCjI3TPWOkEJWsWfvXl5JgAABAgQIECBAgAABAgQ6AoJN9wIBArUQePktMyGFl9lxshCzh/1RN0+HbCZmmoF5Zdwf85oLxsOWDbXg00kCBAgQIECAAAECBEYhYCbEKNRds0QCpw42/QMq0VBqKgECpxJ4VSweNJeKB7WP5TtcLs810/PXXtgq6pOK+6SZmOdvtS+mu4wAAQIECBAgQIAAAQIECBRFwIzNooyEdhAgMFCBm//zfPgfDyxk1zhZiJkCzHO3jIXxsWZ4+U9NhFdfZYH4QAfEyQkQIECAAAECBAgQIECAQJ8Cgs0+Ab2dAIFyCKQJ6F/+m6Phz7+7EPYfasZwMxYOWtcMr7l6Irz5xRNh87py9EMrCRAgQIAAAQIECBAgQIAAgZaAYNOdQIAAAQIECBAgQIAAAQIECBAgQIBA6QQEm6UbMg0mQIAAAQIECBAgQIAAAQIECBAgQECw6R4gQIAAAQIECBAgQIAAAQIECBAgQKB0AoLN0g2ZBhMgQIAAAQIECBAgQIAAAQIECBAgINh0DxAgQIAAAQIECBAgQIAAAQIECBAgUDoBwWbphkyDCRAgQIAAAQIECBAgQIAAAQIEThRYjN8aA1MjAcFmjQZbVwkQIECAAAECBAgQIECAAAECBAhURUCwWZWR1A8CBAgQIECAAAECBAgQIECAAAECNRIQbNZosHWVAAECBAgQIECAAAECBAgQIECAQFUEBJtVGUn9IECAAAECBAgQIECAAAECBAgQIFAjAcFmjQZbVwkQIECAAAECBAgQIECAAAECBAhURUCwWZWR1A8CBAgQIECAAAECBAgQIECAAAECNRIQbNZosHWVAAECBAgQIECAAAECBAgQIECAQFUEBJtVGUn9IECAAAECBAgQIECAAAECBAgQIFAjAcFmjQZbVwkQIECAAAECBAgQIECAAAECBAhURUCwWZWR1A8CBAgQIECAAAECBAgQIECAAAECNRIQbNZosHWVAAECBAgQIECAAAECBAgQIECAQFUEBJtVGUn9IECAAAECBAgQIECAAAECBAgQIFAjAcFmjQZbVwkQIECAAAECBAgQIECAAAECBAhURUCwWZWR1A8CBAgQIECAAAECBAgQIECAAAECNRIQbNZosHWVAAECBAgQIECAAAECBAgQIECAQFUEBJtVGUn9IECAAAECBAgQIECAAAECBAgQIFAjAcFmjQZbVwkQIECAAAECBAgQIECAAAECBAhURUCwWZWR1A8CBAgQIECAAAECBAgQIECAAAECNRIQbNZosHWVAAECBAgQIECAAAECBAgQIECAQFUEBJtVGUn9IECAAAECBAgQIECAAIEeBBbja8Z6eJ2XECBAgEDRBQSbRR8h7SNAgAABAgQIECBAgAABAgQIECBA4AQBwaabggABAgQIECBAgAABAgQIECBAgACB0gkINks3ZBpMgAABAgQIECBAgAABAgQIECBAgIBg0z1AgAABAgQIECBAgAABAgQIECBAgEDpBASbpRsyDSZAgAABAgQIECBAgAABAgQIECBAQLDpHiBAgAABAgQIECBAgAABAgQIECBAoHQCgs3SDZkGEyBAgAABAgQIECBAgAABAgQIECAg2HQPECBAgAABAgQIECBAgAABAgQIEFiFwGJ87dgqXu+lgxEYQrDZjC1vDKb1zkqAAAECBAgQIECAAAECBAgQIECAQC0FhhBs1tJVpwkQIECAAAECBAgQIECAAAECBAgQGKCAYHOAuE5NgAABAgRqJWA9Tq2GW2cJECBAgAABAgQIjFpAsDnqEXB9AgQIECBAgAABAgQIECBAgAABAgRWLSDYXDWZNxAgQIAAAQIECBAgQIAAAQIECBAgMGoBweaoR8D1CXQJKLXldiBAgAABAgQIECBAgAABAgQI9CYg2OzNyasIECBAgAABAgQIECBAgAABAgQIECiQgGCzQIOhKQQIECBAgAABAgQIECBAgAABAgQI9CYg2OzNyasIECBAgAABAgQIECBAgAABAgQIECiQgGCzQIOhKQQIECBAgAABAgQIECBAgAABAgQI9CYg2OzNyasIECBAgACBWgoo61bLYddpAgQIECBAgACBUggINksxTBpJgAABAgQIECBAgAABAgQIECBAgEC3gGDT/UCAAAECBAgQIECAAAECBAgQIECAQOkEBJulGzINJkCAAAECBAgQIECAAAECBAgQIEBAsOkeIECAAAECBAgQIECAAAECBAgQIECgdAKCzdINWZ4NXownG8vzhM5FgAABAgQIECBQdQE/QlZ9hPWPAAECBAiURkCwWZqhqkFDFZ6twSDrIgECBAgQIECAAAECBAgQIEAgHwHBZj6OzkKAAAECBAgQIECAAAECBAgQIECAwBAFBJtDxHYpAgQIECBAgAABAgQIECBAgAABAgTyERBs5uPoLAQIECBAgAABAgQIECBAgAABAgQIDFFAsDlEbJciQIAAAQIECBAgQIAAAQIECJROoMA1MQrctNINcxkbLNgs46hpMwECBAgQIECAAAECBAgQIECAAIGaCwg2a34D6D4BAgQIFFlgMTZurMgN1DYCBAgQIECAAAECBAiMTECwOTJ6FyZAgAABAgQIECBAgAABAgQIECBAYK0Cgs21ynkfAQIECBAgQIAAAQIECBAgQIAAAQIjExBsjozehQkQIECAAAECBAgQIECAAAECBAgQWKuAYHOtct5HgAABAgQIECBAgAABAgQIECBAgMDIBASbI6N3YQIECBAgQIAAAQIERiWgPNuo5F2XAAECBAjkJyDYzM/SmQj0JuCn6N6cvIoAAQIECBAgQIAAAQIECBAgcAoBwabbY+ACzXiFxsCv4gIECBAgQIAAAQIECBAgQIAAAQJ1EhBs1mm09ZVAVQSk5VUZSf0gQIAAAQIECBAgQIAAAQJrFhBsrpnOGwkQIECAAAECBAgQIECAAAECBAgQGJWAYHNU8q5LgAABAgQIECBAgAABAgQIECBAgMCaBQSba6bzRgIECBRAwLL8AgyCJhAgQIAAAQIECBAgQIDAKAQEm6NQd00CBAgQIECAAAECBAgQIECAAAECBPoSEGz2xefNBAgQIECAAAECBAgQIECAAAECBAiMQkCwOQp11yRAgAABAgQIECBAgAABAgQIECBAoC8BwWZffN5MgAABAgQIECBAgAABAgQIECBAgMAoBASbo1B3TQIECBAgQIAAAQIECBAgQIAAAQIE+hIQbPbF580ECBAgQIAAAQIECBAgQIAAAQIECIxCQLA5CnXXJECAAAECBAgQIECAAAECBAgQIECgLwHBZl983kyAAAECBAgQIECAAAECBAgQIECAwCgEBJujUHdNAgQIECBAgAABAgQIECBAgAABAgT6EhBs9sXnzQQIECBAgAABAgQIECBAgAABAgQIjEJAsDkKddckQIAAAQIECBAgQIAAAQIECBAgQKAvAcFmX3zeTIAAAQIECBAgQIAAAQIECBAgQIDAKAQEm6NQd00CBAgQIECAAAECBAgQIECAAAEChRBYjK0YK0RLVtsIweZqxbyeAAECBAgQIECAQI0EyvurTo0GSVcJECBAgEBNBQSbNR143SZAgAABAgQIECBAgAABAgQIECBQ5KURjQAABdpJREFUZgHBZplHT9sJECBAgAABAgQIECBAgAABAgQI1FRAsFnTgddtAgQIECBAgAABAgQIECBAgAABAqUUaMZWN+L/NeNRyg5oNAECBAgQIECAAAECBAgQIECAAAECtRUQbNZ26HWcAAECBAgQIECAAAECBAgQIECAQHkFBJvlHTstJ0CAAAECBAgQIECAAAECBAgQIFBbAcFmbYdexwkQIECAAAECBAgQIECAAAECBAiUV0CwWd6x0/JRCbQ3qB3V5V2XAIEeBPw77QHJSwgQIECAAAECBAgQIFBuAcFmucdP6wkQIECAAAECBAgQIECAAAECBAjUUkCwWcth12kCBAgQKKSAmaaFHBaNIkCAAAECBAgQIECgmAKCzWKOi1YRIECAAAECBAgQIECAAAECBAgQIHAKAcGm24MAAQIECBAgQIAAAQIECBAYoIBlKQPEdWoCtRYQbNZ6+HWeAAECBAgQIECAAAECBAgQIECAQDkFBJvlHDetJkCAQEkEFmM7x0rSVs0kQIAAAQIECBAgQIAAgTIJCDbLNFraSoAAAQIECBAgQIAAAQIECBAgQIBAJiDYdCMQIEBgVAK2GhqVvOsSIECAAAECBAgQIECAQAUEBJsVGERdIECAAAECBAgQIECAAAECBAgQIFA3AcFm3UZcfwkQIECAAAECBAgQIECAAAECBAhUQECwWYFB1AUCBAgQIECAAAECBAgQIECAAAECKwpUrL6rYHPFEfcCAgQIECBAgAABAgQIECBAgAABAgSKJiDYLNqIaA8BAgQIECBAgAABAkMRUMdvKMwuQqDAAv4rUODB0TQCPQkINnti8iICBAgQIECAAAECBAgQIECAAAECBIokINgs0mhoCwECBAgQIECAAAECBAgQIECAAAECPQkINnti8iICBAgQIECAAAECBAgQIECAAAECBIokINgs0mhoCwECBAgQIECAAAECBAgQIECAAAECPQkINnti8iICBAgQIECAAAECBAgQIECAAAECBIokINgs0mhoCwECBAgQIECAAAECBAgQIECAAAECPQkINnti8iICBAgQIECAAAECBAgQIECAAAECBIokINgs0mhoCwECBAgQIECAAAECBAgQIECAAAECPQkINnti8iICBAgQIECAAAECBAhUXKAZ+9eoeB91jwABAgQqJSDYrNRwrqUzi/FNY2t5o/cQIECAAAECBAgQIECAAAECBAgQGJmAYHNk9C5MoOICMvOKD7DuESBAgAABAgQIECBAgACB0QoINkfr7+pDF5C2DZ3cBQkQIECAAAECBAgQIECAAAECAxAQbA4A1SkJECBAgAABAgQIECBAgAABAgQIEBisgGBzsL7OToAAAQIECBAgQIAAAQIECBAYnIDCX4OzdebCCwg2Cz9EGkiAAAECBAgQIECAAAECBAgQIECAwHIBwaZ7ggABAgQIECBAgAABAgQIEBiggFoHA8R1agK1FhBs1nr4dZ4AAQIECBAgUCABv/cWaDA0hQABAgQIECBQfAHBZvHHSAsJECBAgAABAgQIECBAgAABAgQIEFgmINh0SxAgQIAAAQIECBAgQIAAAQIECBAgUDoBwWbphkyDCRAYtoAig8MWdz0CBAgQIECAAAECBAgQILCygGBzZSOvIECAAAECBAgQIECAAAECBAgQIECgYAKCzYINiOYQIECAAAECBAgQIECAAAECBAgQILCygGBzZSOvIECAAAECBAgQIECAAAECBAgQIECgYAKCzYINiOYQIECAAAECBAgQIECAAAECBAgQILCygGBzZSOvIECAAAECBAgQIECAAAECBAgQIECgYAKCzYINiOYQIECAAAECBAgQIECAAAECBAgQILCygGBzZSOvIECAAAECBAgQIECAAAECBRVoxnY1Cto2zSJAgMBgBQSbg/V1dgIECBAgQIAAAQIECBAgQIAAAQIEBiAg2BwAqlMSIECAAAECBAgQIECAAAECBAgQIDBYgf8PUpkwBxP0c4wAAAAQZGVCR0Q5OEFGNTBGMDFDOEY2NTiFTxRyAAAAAElFTkSuQmCC	29e14a79-6362-4df8-aeeb-1c7848e1adf0	705ff586-073e-4d28-be5f-332fb69320a9	2026-05-10 14:18:31.117	2026-05-10 14:18:31.117
d0daebc9-9273-4369-b96d-a5e2280dfdc5	doodle	data:image/png;base64,iVBORw0KGgoAAAANSUhEUgAABTYAAANMCAYAAABmQ/KlAAAgAElEQVR4XuzdCZyVY/vA8WvO7FPaVNIeiUqkJLKFkhRvRC9/Swivnew72SWR176W5EWUFIXstO+btFBSoZDS7DPnf1/PmTNzzpnnzJxz5uzzuz8f/zczz3Mv3+e87//pOvd9XSlO04SGAAIIIIAAAggggAACCCCAAAIIIIAAAggkkEAKgU3Pp1Vq/sWRQI+PqSKAAAIIIIAAAggggAACCCCAAAIIIFA7BQhs1s7nzqoRQAABBBBAAAEEEEAAAQQQQAABBBBIaAECmwn9+Jg8AggggAACCCCAAAIIIIAAAggggAACtVOAwGbtfO6sGgEEEEAAAQQQQAABBBBAAAEEEEAAgYQWILCZ0I+PySOAAAIIIIAAAggggAACCCCAAAIIIFA7BQhs1s7nzqoRQAABBBBAAAEEEEAAAQQQQAABBBBIaAECmwn9+Jg8AggggAACCCCAAAIIIIAAAggggAACtVOAwGbtfO6sGgEEEEAAAQQQQAABBBBAAAEEEEAAgYQWILCZ0I+PySOAAAIIIIAAAggggAACCCCAQEwFSs3ojpjOIPKD14Y1Rl6RESIgQGAzAqh0iQACCCCAAAIIIIAAAggggAACCCCAAAKRFSCwGVlfekcAAQQQQAABBBBAAAEEEAhawGnuSAn6Lm5AAAEE4kuA/y2L9PMgsBlpYfpHAAEEEEAAAQQQQAABBBBAAAEEEEAAgbALENgMOykdIoAAAggggAACCCCAAAIIIIAAAggggECkBQhsRlqY/hFAAAEEEEAAAQQQQAABBBBAAAEEEEAg7AIENsNOSocIIIAAAggggAACCCCAAAIIIIAAAgggEGkBApuRFqZ/BBBAAAEEEEAAAQQQQAABBBBAAAEEEAi7AIHNsJPSIQIIIIAAAggggAACCCDgR6DU/NyBDgIIIIAAAgiEQ4DAZjgU6QMBBBBAAAEEEEAAAQQQQAABBBBAAAEEoipAYDOq3AyGAAIIIIAAAggggECAAuzsCxCKyxBAAAEEEECgtgoQ2KytT551I4AAAggggAACCNQ+AYKlte+Zs2IEEEAAAQSSWIDAZhI/XJaGAAIIIIAAAggggAACCCCAAAIIIIBAsgoQ2EzWJ8u6EEAAAQQQQAABBBBAAAEEEEAAAQQQSGIBAptJ/HBZGgIIIIAAAggggAACCCCAAAIIIIAAAskqQGAzWZ8s60IAAQQQQAABBBBAAAEEEEAAAQQQQCCJBQhsJvHDZWkIIIAAAggggAACCCCAAAIIIIAAAggkqwCBzWR9sqwLAQQQQAABBBBAAAEEEEAAgWgIlJpBHNEYiDEQQAABb4H4D2zyP5B8ZhFAAAEEEEAAAQQQQAABBBBAIAABp7kmJYDruAQBBJJDIP4Dm8nhzCoQQAABBBBAAAEEEEAAAQQQQAABBBBAIIwCBDbDiElXCCCAAAIIIIAAAggggAACCCCAAAIIIBAdAQKb0XFmFAQQQAABBBBAAAEEEEAAAQQQQAABBBAIowCBzTBi0hUCCCCAAAIIIIAAAggggAACCCCAAAIIREeAwGZ0nBkFAQQQQAABBBBAAAEEEEAAAQQQSD4BKjYl3zNNoBUR2Eygh8VUQxfgf2dDt+NOBBBAAAEEEEAAAQQQQAABBBBAIB4FCGzG41NhTggggAACCCCAAAIIIIAAAggggAACCCBQpQCBTT4gCCCAAAIIIIAAAggggAACCCCAAAIIIJBwAgQ2E+6RMWEEEEAAAQQQQAABBBBAAAEEEEAAAQQQILDJZwABBBBAAAEEEEAAAQQQQAABBBBAAAEEEk6AwGbCPTImjAACCCCAAAIIIIAAAggggAACCCCAAAIENvkMIIAAAggggAACCCCAAAIIIIAAAggggEDCCRDYTLhHxoQRQAABBBBAAAEEEEAAAQQQQAABBBBAgMAmnwEEEEAAAQQQQAABBBBAAAEEklXAaRaWkqyLY10IIFDbBQhs1vZPAOtHAAEEEEAAAQQQQAABBBBAAAEEEEAgAQUIbCbgQ2PKCCCAAAIIIIBA1ATY6RM1agZCAAEEEEAgugKlZjhHdIdkNATCLEBgM8ygdBefAvydLD6fC7NCAAEEEEAAAQQQQAABBBBAAAEEQhUgsBmqHPchgAACCCCAAAIIIIAAAggggAACCCCAQMwECGzGjJ6BEUAAAQQQQAABBBBAAAEEEEAAAQQQQCBUAQKbocpxHwIIIIAAAggggAACCCCAAAIIIIAAAgjETIDAZszoGRgBBBBAAAEEEEAAAQQQQAABBBBAAAEEQhUgsBmqHPchgAACCCCAAAIIIIBAQgtQYDKhHx+TRwABBBBAQAhs8iFAAAEEEEAAAQQQiLIA4aQogzMcAggggAACCCCQlAIENpPysbIoBBBAAAEEEEAAAQQQQAABBBBAAAEEkluAwGZyP9+4Xt2CBQvk5ZdfluLiYrnvvvukefPmcT1fJocAAghESoC9a5GSpV8EEEAAAQQQQAABBBBIZgECm8n8dON0bWPGjJFHH31Utm7dWj7DgQMHytSpU+N0xkwLAQQQQAABBBBAAAEEEEAAAQQQQCDeBGIf2Cw1JI54Y2E+kRDYsmWLnHLKKbJo0SLb7leuXCmdOnWKxND0iQACCCCAAAIIIJDgAvn5+XLJJZfI559/LgUFBZKZmVm+opSUFKlbt660adNGsrOz5Z9//rH+SU9Pl8LCQtm2bZvk5eVJhw4d5KmnnpKDDz44wTWYPgIIIIAAAgioQOwDmzyHWiFw1113yciRI60XS39t+fLlcuCBB9YKDxaJAAIIIIAAAgggEJjAzp075eabb5YXX3xRnE5N3lHz9vDDD8utt95a847oAQEEEEAAAQRiKkBgM6b8yT+45tE8++yzZd26dX4Xm5qaKtddd52MGjUq+UFYIQIIIIAAAggggEBAArrj8owzzpCPP/44oOuDvUhzvQ8bNizY27geAQQSQID85QnwkJgiAmESILAZJki68RaYO3eu3HPPPdW+iLZv316mTJnCEXQ+QAgggAACCCCAAALlAps2bbJO8uhuzUg1h8Mherxdj6vTEEAAAQQQQCAxBQhsJuZzi9tZP/fcc/LAAw+I5tOsqmlOJD0CNHz48LhdCxNDAAEEEEAgLgXYhhKXj4VJhU9g+/bt0q5dOytHZqTbpEmT5LTTTov0MPSPAAIIIIAAAhESILAZIdja1u369etl8ODBsnTp0mqXri+q3377rTRv3rzaa7kAAQQQQAABBBBAoPYIzJ49W4477jirOFA02pgxY+Saa66JxlCMgQACCCCAAAIRECCwGQHU2tSlHt8ZMWKEPP7441JUVOR36VqpUo8TXXzxxbw81qYPCGtFAAEEEEAAAQQCFND3SS0SVFpaGuAdNb/snXfekTPPPLPmHdEDAggggAACCMREgMBmTNiTY9AnnnhC7rzzTsnNzfW7IM1dpC+LGvzcf//9k2PhrAIBBBBAAAEEEEAgbAJ///23nHDCCbJw4cKg+qxfv75kZ2db9+iX6HXr1pXWrVtLTk6O7N692/pHi1TOmjXLb78cRQ+KnIsRQAABBBCIOwECm3H3SOJ/QiUlJXL66afLBx98UOVkdYfmu+++S0Az/h8pM0QAAQQQQAABBGIiMGPGDCvHpZ4Cqq5p8PKAAw6wjqrfeOONVh7OQJre568R2AxEkGsQQAABBBCIXwECm/H7bOJyZr/++qucc8458vnnn/udX+PGjeW///2vnHXWWTFbw3fffSfjx4+X4uJiuffee6Vly5YxmwsDI5CwAnoS0JGws2fiCCCAAAJxLKDVzm+//XZ55plnApqlVi7XSul77bVXQNd7XkRgM2gybkAAAQQQQCBhBAhsJsyjiv1EP/vsMyuo+dtvv9lORiud65FzrXSekZERkwnPmTPHmoN+++9uAwcOlKlTp8ZkPgyKAAIIIIAAAgggUCGgFc/1XXHixIkBFwjSd8zFixdLx44dQ6IksBkSGzchgAACCCCQEAIENhPiMcV2knr0XHc9Pvzww6J/tmstWrQQrWLZqlWrmEx25MiRVgGj33//3Xb81atXcyQ+Jk+GQRFAAAEEEEAAAbHeIUePHm3t0tQTNYG27t27yyeffCKNGjUK9JZK16Wlpfl9h/3yyy/l2GOPDblvbkQAAQQQQACB2AoQ2Iytf9yPrkfP9Uj5V199ZTtX/Qb82muvlVGjRlnJ2WPRLrnkEnn55ZerHHrp0qVy0EEHxWJ6jIkAAggggAACCNRqAX2PvOyyy0S/aA606TumfnGtuTRr2ho0aCBaoMiurVixQjp37lzTIbgfAQQQQAABBGIkQGAzRvCJMKxWPNeAZUFBge10mzVrJm+99VZMv+XWI+annnqqX04Ntl5zzTXWDoFEbi+88IJ1vF4rhl5wwQVW1U8aAggggAACCCAQzwIbN26Um2++Wd55552gpqk7LD/88EM58cQTg7rP38UdOnSQtWvXEtgMiyadIIAAAgggEF8CBDbj63nExWycTqccf/zxokdz/DX9/YQJE0SDm7Fqy5Ytk8MPP1zy8vIqTcHhcMiQIUPkrrvukk6dOsVqimEZ9/nnn5fLL7+8vK+ePXvKt99+K/rST0MAAQQQQAABBOJNIDc310phpDsuCwsLg5per169rECopjkKV9NK6j/88INtd+zYDJcy/SCAAAIIIBAbAQKbsXGP21E1qKlHhV588UXbOeoOyNtuu83KuRmro+c6Ma2K2aNHD9tCRnqcSF+IEz2gqetct26dHHzwwaJ/QfBss0xg84gjj4zbzxETQwABBBBAAIHaKaCnefT4+ObNm4MC0C9u9cvcrl27BnVfIBfvueee8ueffxLYDASLaxBAAAEEEEgwAQKbCfbAIjldDWpefPHF8uqrr9oO07RpU3nzzTet49CxbLt377aCmt9//32laejcNMG87thMhqZB2lWrVnktRXdq6nGqtm3bJsMSWQMCCCCAAAIIJIHAypUrZdiwYTJ37tygVqNflD/55JNy5ZVXSlXVy4Pq1OfiOnXqVPqS2H0JxYNqIsu9CCCAAAIIxF6AwGbsn0FczECDmhoU/OKLL2zn06ZNG5kzZ05Mj57rxLSiZv/+/eXTTz+tNE8tDqRzzM7OjgvTmk7ioosuktdee61SN0OHDpWxY8fWtHvuRwABBBBAAAEEaizw119/Wel/Zs6cGVRf+iV079695Y033pC99947qHuDvZjAZrBiXI8AAggggEDiCBDYTJxnFdGZauXzt99+23YM3R353XffSXp6ekTnEEjn3bp1k8WLF1e6VHN96s9jmfMzkPkHes1PP/0k7du3l9LSUq9b9tprL+t4OsWDApXkOgQQQAABBBCIlIAWcTzzzDP9Fpr0N+5JJ50kTz31lOy3336RmppXvxxFjwozgyCAAAIIIBATAQKbMWGPr0GnT58uJ598su2k9GX1f//7X0zzabondsUVV8hzzz1XaZ45OTkye/Zs0R2bydA0mHnEEUfIvHnzKi1n0qRJctpppyXDMlkDAggggAACCCSogKYFuvvuu2X06NFBrUC/tNVj5wMGDAjqvppevM8++4h+aWzXKB5UU13uRwABBBBAILYCBDZj6x/z0devXy/du3eXv//+u9JcNIA2ceLEuAhqauXz+vXrS1FRkdc89RjTjBkzpG/fvjG3DNcEtDDTiBEjKnV32GGHBZ23Klxzoh8EEEAAAQQQQEAFpk2bZhWaDKY40B577CF33XWXXHfddTE5AdSwYUPZsWMHgU0+wggggAACCCShAIHNJHyogS7pn3/+EQ2W2RXh0aNB+vNYVj73XIfuCLjhhhsqLW3UqFG2Pw/UIN6u04T7vXr1qnQEXZ+H7ijIyMiItykzHwQQQAABBBCoBQJbt24VPT3z/vvvB7xaLQZ0/vnny8iRI0WLUMaq6eke/ZLcrmnRyWT6gjxWxoyLAAIIIIBArAQIbMZKPsbjarGgQw89VBYtWlRpJi1bthTdyRkvQTR9EW3durVs377da66dOnUSrcCZLE2T7+vuWd+jUprwfvny5dKuXbtkWSrrQAABBBBAAIEEESgsLLQCmq+//nqlkzNVLUHfMzWFkP5nrJue+tm5c6ftNN577z05/fTTYz1FxkcAAQQQQACBEAUIbFYH5zQXpFR3UWL9XoOaRx99tFUQyLc1adLEKsLTokWLuFmU3W5N3QGwZs0aq8BOsrQ+ffrIZ599Vmk5Whn9ggsuSJZlsg4EEEAAAQQQSAAB/cJV82E++uijQRUH0i/Gn3jiCbn88stF39eCb1o40RH8bVXcoe+L+qW9XdOA7XnnnRfW8egMAQQQQAABBKInQGAzetZxMZIGNYcNGyYaLPNteuz822+/lcMPPzwu5qqT8LdbU6u4a1GjZGhz5syRSy+91NqV6dv+/e9/y1tvvZUMy2QNCCCAAAIIIJAAAuvWrbOKAum7Yn5+fsAzzs7OljPOOENeeOEF0T/HU7vwwgtl7NixtlN68MEH5fbbb4+n6TIXBBBAAAEEEAhCgMBmEFiJfqkGNTV/owbS7Jp+K3/ttdfG1TLtdmtqwaAffvgh4XdrjhkzxtoFoTmr7JrumtVgpya8pyGAAAIIIIAAApEU+PLLL62AphYH0nfGYNo555xj7e5s3LhxMLdF7drHH39cbrzxRtvxdGfps88+G7W5MBACCCCAAAK1VyD8pzLUksBmLfpEXXzxxfLKK6/YrljzH82fPz+uNLRSuwb3du/e7TWvRN+tuWXLFjnllFNs85t6LlSf1UUXXRRXz4TJIIAAAggggEDyCKxevVruuOMOKxWOvncF2zT/90svvSQnnHBCsLdG9fq3335b9P3Rrg0cOFCmTp0a1fkwGAIIIIAAAtEWSMIsi+WEBDaj/WmK4Xia86ioqKjSDI488kjRb+nT0tJiOLvKQ5977rkyYcIEr19orqZVq1bJAQccEFdzDWQyv/zyizzwwAPy6quvVpt8/5hjjpGvvvoqkG65BgEEEEAAAQQQCFggNzdXNNCnuxQXLFgQ8H2+F95yyy0yYsQIyczMDLmPaN04a9Ys0fddu9a1a1crvzwNAQQQQAABBBJTgMBmYj63oGetL649evSodJ9+Sz158uQIBzVD+26gbt26lXZrnnrqqTJlypSg1x+tG0pLS61K7R988IE1T/3LgwZj//jjD79Hzt1z0+s6d+4s//nPf+Sqq66K1pQZBwEEEEAAAQRqgYDmUdcvV995551K71fBLF8rjOsXzwMGDAjmtphe+/PPP0ubNm1s57DHHnv4rZge00kzOAIIIBCPApE5SRyPK2VOCSRAYDOBHlZNpqoBQd9jNpq78ffff49wUDO0WWuAUHeQ+uZ4+uabb+Soo44KrdMw3aU7L8ePHy+TJk2S9PR0K5/Utm3brJfiDRs2WMHMYJtW69RAaKdOnYK9lesRQAABBBBAAAFbAX3PGzdunBXQ1GPnNWkdO3a0crHrF7CJ1oqLi613Nn9NTzTF28mlRDNmvggggAACCMRKgMBmrOSjPG5OTo5VYdyzaRL1xx57LMozCWy4pUuXih4N8mxZWVmV1hBYbzW7SnNOaZEfrU7+119/yY4dO2rWocfduqaHHnpIhg8fHrY+6QgBBBCoViC0jfTVdssFCCAQe4GSkhL58MMPrSrg+qWpflkcatPq5ueff75VeEe/hE3kpkfmCwsLbZegeeY13zwNAQQQQAABBBJPgMBm4j2zoGf866+/yt57713pvhUrVlhHn+Ox6c6CYcOGeU3tpJNOkunTp0dluhrM1CP6EydOlBkzZtToLwX+JqxHojTnU/PmzaOyJgZBAAEEEEAAgeQU0IDdd999Z31h/cUXX0h+fn6NFtq0aVO55ppr5LLLLpM999yzRn3Fy812KY7cc9Nc88cee2y8TJV5IIAAAggggEAQAgQ2g8BK1Etfe+21StW1NdCp1bnjtV155ZVWUnvPplU7tfhOOJrdZiU99n7XXXeJemkwuCY7HOzmqEecjj76aNHds/379xddIw0BBBBAAAEEEAhGQIOYerJl4cKF1j9a+GbJkiWiOzVr2vRd5aabbrKKAlV1dLum48Ti/r322stKwWTXli9fLgceeGAspsWYCCCAAAIIIFBDAQKbNQRMhNuHDBli7Tz0bPfcc4/ce++9cTv9ww8/XObOnes1P81pedppp0Vkzhrk1W/q161bV6P+tQCQHmVq3bq1pKamWn3t2rVL+vXrJxdeeKHUq1evRv1zMwIIIIAAAgjULgHN4X3dddfJ559/bh2l1rzemjMynK1ly5bWe8rtt98umiYnGZvuPP3zzz9tlxbPp5iS8VmwJgQQQAABBMIpQGAznJpx2Jd+e68vcnq02rNp0PCwww6LwxmLtVNSX6o1kbtn27hxoxUwDHfTXQkPPvhgpfH8jZORkSEaeNXiSzqfgoIC0YJCGrwcOnSoaLVQGgIIIIAAAgggUFOBr776Svr27RvwO0ow4+l7jObP1NQ/Xbp0CebWhLy2Tp06fgs8chQ9IR8pk0YAAQQQQMASILCZ5B8EzbN0/PHHe61SA29aBEd3F8ZjsyscpHMOZ9EeXbcGfTVv58yZM6tlaNKkiWg1UK0EetZZZ4nD4aj2Hi5AAAEEEEAAAQRqIlDV8elQ+tX3Fw2UajBz0KBBSXfcvCoTApuhfGK4BwEEEEAAgfgXILAZ/8+oRjM89dRTZerUqV59nHPOOfLGG2/UqN+Abw6h8m40CgdpDk110GNd/pq+AOuL/5lnnilHHnlk3AaCA34WXIgAAggggAACCSPwwgsvWMV7wtH0hIm+01x00UWix85rY9Mdqv6+JI/3o+ghvE7XxkfMmhFAoNYIlJqVstGo1jzuABZKYDMApES+RHc6am4mzzZ69GgZPnx43C6rZ8+eMm/ePK/5hbNwkOaPUgM9Qm7X9Kj5DTfcYB1Pj9ddrXH78JgYAggggAACCNRYQHN+azEbf+8qgQyg7zAnnnii3HzzzXLcccfV+neaRA5sBvK8uQYBBBBAAIHaKkBgM4mfvOaq1OqWWu3bs61evVr233//uF253VGhJ598Uq699toazVkdNGg6f/58v/00a9ZMFixYIC1atKjRWNyMAAIIIIAAAgiEIqDvbz169JBFixYFfLseMe/UqZPsvffe1vFyfd/R9ybyflcQZmdnS35+vq0pOTYD/qhxIQIIIIAAAnEnQGAz7h5J+CZkl6tSdyPW5Nv/8M3Of0977LGH/PPPP14X3HfffXLXXXfVaHh9wX/qqads+9BdDYMHD5a33nqrvJp5jQbjZgQQQAABBBBAIASBe++9V7SwYTDt4YcflltvvTWYW2rdtfplv+ZXt2uak7537961zoQFI4AAAgggkAwCBDaT4Sn6WYNdrkqt3D1jxoy4XvWAAQPko48+8pqjHqX6+OOPazRvf0njmzZtKm+++aaccMIJNeqfmxFAAAEEEEAAgZoI6BF03XlZVFQUVDf6Be33338f1ydyglpQBC5OTU0V3Q1r115//XU577zzIjAqXSKAAAIIIIBApAUIbEZaOIb9az4lPVrj2cKZqzJSS9M569w9m+40zcvLq1E1crvAZvPmzWXhwoWiR9BpCCCAAAIIIIBALAU0B7qm3wml3XPPPaK7PWn2AvXq1ZNdu3bZ/lIrxE+ePBk6BBBAAAEEEEhAAQKbCfjQAp2y3ZHuF198US655JJAu4jJdZr/KCcnp1Ju0E8//VT69OkT8pzscivVtM+QJ8ONCCCAAAIhC1ALM2Q6boxzgaFDh4ruHgylXXPNNTJmzJhQbq0V9xx++OEyd+5c27UmQqqmWvGQWCQCCCCAAAIhCBDYDAEtUW7R4KDucvRseuT67LPPjvsl2FWurGlQNisrq1J+UZLFx/1HgQkigAACCCBQawRmzpwpffv2DWm9s2bNkiOOOCKke2vDTZ9//nmVaYf4srs2fApYIwIIIIBAMgoQ2EzGp1q2Jn25nTNnjtcKn3jiCbnuuuviftV6JGjKlCle86zpMXq73EoENuP+o8AEEUAgFgJsiYyFOmMiYAloIcMLLrgg4GKPmmpH7xk4cCCC1QjYnWZy33L99dfL448/jiECCCCAAAIIJJgAgc0Ee2DBTNeuqqZWBg81d1MwY9f0WrvCR1rcR3cyhNo0sb5ve+2116y/PNAQQAABBBBAAIF4EZg9e7b06tWr2umcddZZMnLkSGnVqlW113KBWKeWNAhs1zS/u+7qpCGAAAIIIIBAYgkQ2Izp84rslhh9cfM9dp4IVdH1kSxdulS6du3q9XTS0tKCrhLq2YFdjs0RI0bI3XffHdNPAYMjgAACCCCAAAKeAhMmTJBzzz3XL4qeynnqqafk0EMPBS4IAS0Y6c9MT/bs3LnTyvNOQwABBBBAAIHEESCwmTjPKuiZLlmyRA455BCv+1q2bCmbNm0Kuq9o31BaWioayHQ6nV5Dz5gxQzQ4G0rT+z755BOvW/XY1tSpU0PpjnsQQAABBBBAAIGICGihx5dfftm272OPPVY0lQ4tNIGmTZvKtm3bbG+eNGmSnHbaaaF1zF0IIIAAAgggEBMBApsxYY/OoDt27BAtwuPZ9Dh2UVGR6LfS8d4aNWokf/31l9c0L774YnnppZdCmvoXX3whxx9/vNe9DodDtmzZInvttVdIfXITAggggAACCCAQboH99ttP1q1bZ9ttbUuj88cff8jXX38ty5cvl8zMTOnTp4907949ZHJNQTRu3Djb+0899dRKOd5DHogbEUAAAQQQQCAqAgQ2o8Icu0HsCuYkSmV0DWK+8sorlQKRGzZsCCmXVH5+vnW8yHcXaL169eT777+X5s2bx+5BMTICCCCAAAIIIGAEfv31V9l77739Wvz000/Stm3bpLXS9d1yyy0yd+5cycvLs91dOXz4cBk9enRIBm+//bZoblK7lp6eLoWFhSH1y89dS6oAACAASURBVE0IIBDPApFNARfPK2duCNQGAQKbSf6UmzRpItu3b/dapVaEXLNmjTRr1iyuV//zzz9LmzZtKs1R579x48ZKu1EDWYz+RUH/wuDbWrRoIb/88ksgXXANAggggAACCCAQMYGq8mvqe5F+wZusbf369dKpU6eAgovLli2TLl26BE3x999/S4MGDfzep2mL+vbtG3S/3IAAAggggAACsREgsBkb96iNqpUy9Vtv37bnnnuKfmOtlcbjudkFZnW+7du3F60Y2rhx46Cm/8ILL8hll11me8/tt98uDz74YFD91baL+a6ztj1x1osAAgggEG2BqvJrDh06VMaOHRvtKUVtvI4dO8rq1asDGk+LJ1199dUBXet7kQY2NcBp126++WZ59NFHQ+qXmxBAAAEEEEAg+gIENqNvHtUR9dh1RkaGFBcX2457+umni+4MyMrKiuq8Ah1M80hddNFFtpfvv//+8tVXXwWdH/Phhx8WDWL6Nj22r8HSHj16BDo9rkMAAQQQQAABBMIqUFvza27dulX0BI1vyiB/uPpltN37XCAP48wzz5R3333X9lLdMbpy5cpAuuEaBBBAAAEEEIgDAQKbcfAQIj0F/db51ltv9TuM5p184okn5MILLxTNLRRv7frrr7fmZ9e6du0qCxcuFC0CFEy76qqr5Jlnnql0i36Dv2LFCuvFmoYAAggggAACCERToDbn19QvsvUL7UCbFoXs3bt3oJd7Xffhhx/KwIEDbe/VQpu6ISDYd8uQJsJNCCCAAAIIIFBjAQKbNSZMjA7ee+89a+fjzp07/U44OztbBg8ebB1xireq6RrY1OCsXUL3UKuD6lonTZpUyaNu3bry448/ih6DpyGAAAIIIIAAAtESqK35NTV3ert27QLaralfwt9///22qZYCfU7//POPaM52f+2bb76Ro446KtDuuA4BBGIsQLqsGD8Ahk9igcT4bxeBzST+CPouTXcBnHPOOfL5559XueqmTZtauxbjLbCnx4KOO+64StUxn3vuOb95M6taaFFRkfTq1UsWLFhQ6bKGDRvKokWLkrrqaC366LNUBBBAAAEEEkKgtubX7Nmzp8ybN8/vM9Lc8JoqqHv37nL55ZeH5WRN/fr1/X7hP2rUKLnhhhsS4jPDJBFAAAEEEKjtAgQ2a9knoKSkRM4//3x58803q1y5FuWZMWOG9QIZT00rgfbv3788sXzz5s2t3ZWZmZkhTVP769Chg2iQ07exczMkUm5CAAEEEEAAgRAFamN+zdzcXGv3ZGmp7gqp3LRg5Jo1a0SPiAfUnOaqAC4dMGCAfPTRR7ZdalBTg5t2TVMgvf/++7Jq1So56aSTZNiwYRxbD+jBcBECCCCAAAKRESCwGRnXuO/1yy+/lAceeMD6dnzXrl2289WiQy+//LKcd955cbUezXv09NNPy9KlS62jSC1btqzR/MaMGSPXXXedbR+6Q2DZsmWiAVQaAggggAACCCAQKYHaml/z2WeflSuvvNIv6xtvvGGdOAp3Gz9+vPVlv107+OCDZcmSJV6/+vjjj0ULUGrhSs+m79N33HFHuKdHfwgggAACCCAQoACBzQChkvUyzTH00EMPySOPPOI3r5Ee/Xn99dflgAMOSFYGa/233Xab7foaNWpk7RTQICcNAQQQQAABBBCIhMC4cePkggsusO26TZs2oqdMkq1pBXQ9ObNu3TrbpenpGc0PH/BuzSCAdMdl586dbe/Q8XQHqf6j1dM1oOkb6HTfqHnpV69eLbqzlIYAAggggAAC0RcgsBl987gcUQN3xx9/vGzevNnv/E444QS59NJL5bTTTovL6uk1hdXdn3fffbdtN82aNZNPP/1UDjzwwJoOw/0I1FggMVI413iZdIAAAgjUKoHDDz9c5s6da7vm//u//xMtLJRsTY+C65Fwf+2VV16xil9GomnQMi0tze8X+3369JHZs2fL7t27qx1+5MiRctNNN1V7HRcggAACXgK81POBQCAsAgQ2w8KYHJ3oi9vQoUNFK6hX1bS4kO4o+M9//iP77LNPciy+bBW333679a28XcvJyZGJEyfKySefnFRrZjEIIIAAAgggEHuB7Oxsyc/Pt52Ifvl65513xn6SYZ7BiSeeaH1xbNdatGghP//8c0TzV2pgU/PP17TdeOON8thjj9W0G+5HAAEEEEAAgRAECGyGgJbstzz66KNy6623VrtMPaajuzyTbRfnU089Jddee63f9evRfX/H1qtF4wIEEEAAAQQQQMBHYNOmTdK6dWu/LsuXL0+6UyPff/+9dOrUye+aNVCoAcNINj1G7q9oUTDjzpw5U/RkEw0BBBBAAAEEoi9AYDP65gkx4vXXXy9PPPFEwHPVQkP6QvfSSy+JfsOe6G3s2LEyfPhw2bFjh+1SNO+ovsTWq1cv0ZfK/BFAAAEEEEAgxgJarPGSSy6xnYW+a/z9998xnmH4h9cvxvW90a7pKRktpqTV0iPZ1NZfEc1AxtXA6H//+1+5/PLLA7mcaxBAAAEEEEAgAgIENiOAmixdLl682KoWvmDBAsnNzQ1oWfqC9/zzz8uwYcMikug9oEmE6aK//vpLBg4cKLNmzbLtUV+2NaeSrjU9PT1Mo9INAggggAACCNQ2gSFDhljpbuyapv957bXXkorkzz//lObNm0tBQYHturRK+tNPPx3xNR9zzDHyzTffBD2Ow+GQs846y8qr2bVr16Dv5wYEEEAAAQQQCJ8Agc3wWSZtT4WFhVbezeeeey7gl79u3brJk08+KUcffXRCuxQXF8tll10mmrzeX2vZsqVVdEj/4kGAM6EfN5NHAAEEEEAg6gJaGbxRo0Z+T4lMmzatygI7UZ9wGAbUtD533HGHbU+a6kirpEcjj3tVldHtJle/fn3rvfDqq69OihNKYXiUdIEAAggggEDMBQhsxvwRJNYEfvjhB+sb9PHjxwd0LEorqI8ZM0ZatWqVWAv1ma0ey9fj+VU1Tfo/aNAgefbZZ6VBgwYJvV4mjwACCCCAQHQFnGa4lOgOGSejzZ8/Xw477DDb2WhxG02LU6dOnTiZbc2noV8a65fCv/32m21nWiVdg7nRavruNmXKlGqH092Z9913n2RlZVV7LRcggAACySJQe/+/c7I8wVDWkXhPncBmKM+Ze0R3cb777rtWBcglS5ZUKdKkSROZM2dOVL55j+Sjuffee60XWt1ZUVXTvFBq079//0hOh74RQAABBBBAIAkEHnzwQb8Vz3v37i1ffPFFEqyyYglvvvmmnHPOOX7XpFXS+/TpE7U15+Xlib67VdX02PzmzZujNicGQgABBBBAAIHABQhsBm7FlX4ENDeR5kLSip3+mn7LrfkoE739/PPPVsX0zz77rNpk83o0XXd6snsz0Z8680cAAQQQQCByAscee6x8/fXXtgPoke3bbrstcoPHoOdDDjnE75fiHTt2FD0eHs22dOnSgPJk6okcigRF88kwFgIIIIAAAoEJENgMzCmBrio1c3XEZL76DbtW9Ny4cWOl8UeNGiU33HBDTOYViUF3795tVcF8/PHHZfv27X6H2HvvvUUrnZ588smRmAZ9IoAAAggggEACC+j7hOZtLCkpsV2FFnDs3r17Aq/Qe+pakPHII4/0ux6tkn7xxRdHdb09e/aUefPmVTumFsjU3Z3kU6+WigsQQAABBBJSIPGOoLuZCWwm5Acufiet1S31ePr9999vHVfX1r59e9H8Ucm4c1H/QqK7VceNG1flQzniiCPkgw8+kMaNG8fvw2NmCCCAAAII1AqB2H0J7Ms7efJkOf30023V9b1Jq4drMZ1kafpF7/Tp022XowWUtmzZIpmZmVFb7uuvvy5Dhw4NeLxJkyaJ5o+nIYAAAggggED8CBDYjJ9nkVQz2bBhgxXs++WXX0RzU7Zo0SKp1ue7mGXLlll/MVm/fr3fdeo3/M8//7xceOGFSfWXlKR+sCwOAQQQQACBCAocffTR8u2339qOMHjwYCtnd7I0rXS+3377+V2OVkl/4IEHorbcXbt2yb777ivbtm0LeEx9tz3//PMDvp4LEUAAAQQQQCDyAgQ2I2/MCLVEoLS01Dqafvfdd0t+fr7fVXfr1k2efPJJ0b/M0BBAAAEEEECg9gpkZ2f7fWcYMWKE9U6RLK1Xr14ye/Zs2+U4HA7ry3BN4ROtpimSRo8eHdRwmmu9VatWQd3DxQgggAACCCAQWQECm5H1pfdaKLB69WrRwkFz586tcvV6lGnMmDG8INfCzwhLRgABBBBAYNOmTdK6dWu/EFpER4vpJEPT3JR169YV/RLYrvXr109mzJgRtaV+//330qVLF7+5Te0mQmX0qD0eBkJAJHFT/fH0EEAgBgIENmOAzpDJL6Av7lo9/emnn65ysU2aNJE5c+bIPvvsk/worBABBBBAAAEEygW0uKAWXbRrWlBox44dSaOlRYEuvfRSv+vRqvDRPMlSVQoAnWROTo7k5uaWz1cLB2k6oWgXNkqaDwALQQABBBBAIIICBDYjiEvXCHzzzTdyxRVXyIoVK/xi3HTTTTJy5Eiw4kCAL4fj4CEwBQQQQKCWCAwZMkQmTpxou1oNeL744otJI3HIIYfIkiVLbNfTsGFDq0hStNp7770nZ5xxht/hdBetzlWDrWvWrJGmTZvKcccdV+Xu2mjNnXEQQCAMAvFTPy4Mi6ELBBBQAQKbfA4QiILAp59+au3K2LhxY6XRRo0aJZrniYYAAggggAACsRWI1hdcTqdTtAq4v12Z06ZNkwEDBsQWI0yjz5o1S4488ki/vWlanmuuuSZMo1XdTUFBgXTo0EE0V6a/pgWbtHATDQEEEEAAAQQSQ4DAZmI8J2aZBAL6Mv3YY4/J/fffL4WFhdaK2rdvL/Pnz5cGDRokwQpZAgIIIIAAAggEIqD/v/+www6zvTQtLc0KeNapUyeQruL+mnPOOUfefPNN23nWq1dPfv/9d8nMzIzKOu655x657777/I511FFHiZ62oSGAAAIIIIBA4ggQ2EycZ8VMk0Rgw4YNMm7cOKv657333istWrRIkpWxDAQQQAABBBAIRODBBx+UO++80/bS3r17yxdffBFIN3F/zR9//CHNmjWT4uJi27neeOON1pe+0Wi6S1N3a+oXzXZN82guX748aQo2RcOUMRBAAAEEEIgHAQKb8fAUmEPEBZy7N0vJ+glSsuEDcaZmSuoe7aQ0/3dJSUkVp7NEUjIbS0q9fUXyfpPSfza4/j3dVO90/9nf7zzv97ze597SPxaJ8+8fJaVJD8noeqMZq0PE18wACCCAgH+BaB24jd4zIGVW9KwZqeYCxx57rJXD0a499NBDctttt9V8kDjoQddyxx132M4kJSXFStHTqlWrqMx00KBBMmXKFL9jDR8+XEaPHh2VuTAIAggggAACCIRPgMBm+CzpKc4Ein94TYpXjBFn3q/iLNolYv09PsX8H/MH99/py3+mk3f/3PMa/bO/37lu8e7Tz73i7sfVV0r2XuJo2FmcJfki+X9Iauv+kt7tHhFHRpwpMh0EEEAAgVolQIQ44o979+7dolXPS0pKbMdasGCBdO/ePeLziPQApaWl0rZtW9m0aZPtUP3795ePPvoo0tOw+p85c6b07dvX71hNmjSR9evXyx577BGV+TAIAggggAACCIRPgMBm+CzpKaoC9n/z0p2ZxevGS9HyJ0SKdnvMyHN3kldUs5pr3L+u7n673/u51zMYWh7w1B+mSlqH8yTjiCdNgDM9qpoMhgACCCCAAALREXjmmWfkqquush1Mc25rhXDdzZjoTXdH6i5Jfy1aBZKKioqs4+UauPTXxo4dK0OHDk10cuaPAAIIIIBArRQgsFkrH3tiL9r3WLkjp4WU7lzv2plp/qlo3rskzdbKsl9FObBpKp+6dnVqCyRAmmp2cA6QjB73mSPr+yX2w2L2CCCAAAIIIOAlcPDBB8uyZctsVbQat1blToamuUK/+uor26Xo8XM9hh6NAO6IESOsnOb+mhZxmjt3bjKQV3rTTJpFsRAEEEAAAQSqECCwyccjIQSqPFbueczbHUT0CiZqPNEjuBjMNW6d6u63+325rAYztZUdU/cbYPXNeec6si5pOebFP01S2wzguHpCfFqZJAIIIIAAAv4FtNp5bm6u7QUPP/yw3HrrrQnPt2rVKuncubPfdTz66KNy8803R3ydWjCoXTuTV90ci7drGlhdvHixaLC5trXky7Rc254g60UAAQQQcAsQ2OSzEL8ChX9L4cpnpHilOZpd5PkXgECOffu8rjkyxdGkuzgyG0hKnVbiLM4VZ+4vroCn+Sclu4mk1G1tdnxuMz/fbIoHNTRxyHRxaoGhzEZ+fvebx/2NPa73vbeNyaVZKKV/rRTnH0vEWfCny1zH1mZt5rQJepYvwSNvp8Ps5mx1kmQe84pIOnmg4vfDGz8zS9R0edbHP1EnHz+Pn5kggECcCeTn50t2drbfWa1YsaLKgGCcLcfvdHQX5Pz5821/n56eLlu3bpU999wz4ss5/PDDq9yNeemll8oLL7wQ8XkwAAIIIIAAAghEToDAZuRs6TkkAacUrXjKBDOfsQKMFc3PsXKfnZmuWGDZ/zW/c2Q3lowjnzbBwAHmF46QZhTem5xWZfbita+bgKkGWVtI8S+fivPP5d67Sr2rG3n8rqzAUXq2ZJ++xNzfMrzTozcEEEAAAQQQiJiAHnnWYJtdy8nJES0slOht8+bNVqVzp/sLXJ8F9evXT2bMmBHxZW7ZskVatGjhdxzdObthwwZp3Nh8OU1DAAEEEEAAgaAF4mUfCoHNoB8dN0RKoPT3uVLw9TBx7trgGiKQI+NeOSvNPSmp4mje29Te2UPSOl0hjr16RWq64e23YLvkz/y3lP4+Rxehi7f5Tx2yIldnignUpjQ6SKQkT1L2PEQyjzAFk9LrhXde9IYAAggggAACYRN44okn5Prrr7ft78QTT5SPP/44bGPFqqMLLrhAxo0b53f46dOny0knnRTx6Z177rkyYcIEv+NE6zh8xBfKAAgggAACCNRyAQKbtfwDEA/LL17/PylacI/ZobnFI6CnM/NT5MfrWLk5Pl5aJM7dP4ujRV9J3+/chA7uOf/ZKIUL75HSLV+aY/DbK46rl8c0PY6lWz/z+Pe0TMkevIxdnPHwoWYOCCCAAAII2Aho3knNP2nXNLem5thM5LZy5Urp0qWL392aevx8+3bzfhPhtnDhQjn00EP9jlK/fn3566+/olK8KMJLpXsEEKhFAuTGrUUPm6UGJUBgMyguLg6bgDt/5qqnRcyfy3ciehwtr3SsPMscKz8qno6Vh03DpiOPI+vpdaRk10/i3LaoIpBZvqvTim6W3a9iZhenyRea1v5sCg1F8vHQd+0R4A2y9jzruF1pVYd84uUAUNzixdXE8vLypG7dun4L2Tz22GNy4403xtWcg53MKaecItOmTfN720cffST9+/cPttugr+/Vq5fMnj3b7326M1Z3yNIQQAABBBBAIPEFCGwm/jNMnBWYAGbxxqkmx+QkKdk80+xGLCnblOmRP9O3mnlqlin601PSD7pWUlvU7hfQwtk3SPH3z1cUG7Ks3IHNstyb1g5ObaYgkqmkntLoQI6qJ85/Q5gpAggggEASC4wdO1YuvPBCvytcsGCBdO/ePWEFvvvuOznqqKP8zv/UU0+VKVOmRHx9OsagQYP8jnPGGWfIxIkTIz4PBkAAAQQQQACB6AgQ2IyOcy0exRQDWnSfFK8ZbyqOmyri1vFy/Q8NyvlWAq9gSml4oGQcaIKZ7c8yP/QsHFSLKc3SSzd9KAVzbzN5SH90WVq7ydyOasNR9dr9CWH1CCCAAALxKnDwwQfLsmXLbKeXmZkpWjE9kZse/dYj4HYtNTVV1q5dK+3atYvoEktKSqRjx47WWHYtKytLNm7cKE2bNo3oPOgcAQQQQAABBKInQGAzItYcDVNWZ+5WKfion5RaQTjf5nXQ3BWQM8HOlAYHSNYJ/5OU+h0i8mSSo1OnlG791gSLX5WSP5aLc8f3HrFf38JDumKOqifHc2cVCCCAAAKJKvDhhx/KwIED/U7/lltukUceeSRRlyeTJ0+W008/3e/8//Of/8jzz5tTJxFuTz/9tFx99dV+R7n77rtlxIgREZ4F3SOAAAIIIIBANAUIbEZTu7aMZY6cF8y7Q0rWvWGClUUegbUKAM+wpqn+IylZTSTz+AniaOb/CFNt4Qt2neW7OHeud93qPp5ezVF1kVRJ63CeZBzxpEnNmR7ssFyPAAIIIIAAAgEKaEGdFStW2F6dnZ0t27Ztkzp16gTYW3xdprskO3XqJGvWrLGdmO6S3LBhg+y1114RnfjOnTutHaF//vmn7Ti6S/Onn36SnJyciM6DzhFAAAEEEEAgugIENqPrncSjmSPnK56S4pVPmwrlm1zRtRRHRVVv/bNP02Cm7tBMP2h4BPJnlkrR3Ful2OTz1N2fWce8LJLTPEL+Tile/qRodfeURl0k84gnYlCZvWwX5w8vSMnv88wzKKsw7++ouucuzpRUc+T//8y8TYDT5DSlIYAAAggggEB4BTR46e+oue50fO+998I7YBR7e+mll+TSSy/1O+Idd9whDzzwQMRnpFXlH330Ub/j6DwvvvjiiM+DARBAAAEEEEAgugIENqPrnZSjlf4+Vwq+HibOnT+ZYKbmfdSgpmfeR112WcXu1GxJ3f8CSWt7mjj2OsIVAA13MztA86ccKaV/mWPaOoLuXHSkSdap34rDBB7D2kwBpPz3e5qxVpWt2fxHTjPJ/nfZ7smwDhZoZwEeVfcq1KTFhlIlpU4rkcwGktp6gKR3vdUMWDkgHegsuA4BBBBAAAEETA0/s6MxLS3NL4VWER8wYEBCUmmwtm3btvLbb5pHvXJr1KiRtUuyXr16EV3fli1bZN999/UbPO7cubOV39Th4L0mog+CzhFAAAEEEIiBAIHNGKAnxZDmuHnhymek+AezEzLvdxO3NHlFyyt0l63QJ3CW3uUmST/0XvPLCAQzrSHNrtFlo80/o0SKdnowu8ZLyWwo2f+nu0nD1ExQM29yD3H+vdqnurtTsvp/EjfH6v0eVXeFfS03q5iTu5VVVk+p01yyh9gn3w+TIN0ggAACCCCQ9AKrV6+2CtrYNS2qU1xcnLAGuhvzoYce8jv/0aNHy/DhwyO+vnPPPVcmTJjgd5zp06fLSSedFPF5MAACCCCAAAIIRF+AwGb0zRN4RBM4XPKwFK9+1VQ4/9UVECsLjLlimB4Vub12buqSNdj3ceSCfe6dk1pIxzWcq/nsHM048hmTV/KCmj8DE8jNe7eTOP/RQKlndfKytZ44RRwt+tZ8nLD14HFUffuyiqrq7sCmG618t23ZOv411+xyPTBss6AjBBBAAAEEapuAHjM/44wzbJfdtWtXWbx4cUKS/Prrr9KiRQspLdWimZWb/k53a6anRzaP96JFi6R79+5+DXv37i1ffPFFQhozaQQQQAABBBCoXoDAZvVGXKGhO1PZvODjU02F8w0uj/IdflZEs8zIVdm8YkOm987MrBMnRyjY55T8D/tI6W9zXHNxz8FjQ6J7juHatVnw7WVSsnZ8WWzX8/i9hWMKIb0pqW3+Fb+fnYLtkv/Z2S4z8fwLifcz04JOcb2O+BVmZggggAACCFgC9913n9xzzz22GhdeeKG8+uqrCSnVq1cvmT17tt+5jx8/XnQnZaRbVfPQo+d6BF2PotMQQAABBBBAwEbAHTdJYBwCm4n08GLxgSvJl6LFD1mFgbwqnOvRc3cEs3xXpMeOTfduTneczMw96+QZZsfm0WEWd0rht5dLsQYZreYZ2HQHXX0CrAM+E0fTnqHPoyRPcsc3M/HAsqNjvkfwTc8JExDUAOfHp0ip2cVZKZWAWUdW/+ki5pridaYw0p5dybsZ+qeGOxFAAAEEaqnAWWedJW+//bbt6keNGiU33HBDwsnobs3mzZub75I9Utl4rGKfffaRtWvXRjyn5ZQpU2TQoEF+/S666CJ55ZVXEs6XCSOAAAIIIIBA4AIENgO3qnVXFq38rxQvul+cxbmutXvthPSIWHoGE8u3a/oUDzL3Zp8+31RB7xRGx1Ip+OgkKfltljU3pwmwprgDqibwmpLVWJyFO1z5Pz1a1glviaP1wJDnUWyCvIXzbnPdXx4z9QmemoBg+IO4IU+5mhv1mPo3kj/zdJHifK9r00yhJ009UL7jlbybkXoI9IsAAgggkKQCXbp0kRUrVtiuLlFzP1533XUyZswYv0/s5ZdflmHDhkX0iWpRJs1dqgFUu5aVlSUbN26Upk2bRnQedI4AAggggAACsRUgsBlb/7gc3apybnZBOv9e4z0/q0CQ7ojUgJ4rkOfaRFq2ldQKJu4paftfLEUrnzZlQPO87s/q9744mvcJz5q18vn0k8xRahPUtCbicQRe/1hvX8kevEjy3utmjtF7VyjPPq0GAVbdrTmhtQkAmmCvV2zXO7CZfdq8MAdxw8NWVS/FJpBdHrA1Fzoad7Mqy0txgUe6AZMr9V/zyLsZ+cfBCAgggAACSSCgwbfMzEyrMrpd08Bb69bmvSKBmu7WbNeund8K5PXr15cdO8wXyxFuWrRIixf5a3fffbeMGDEiwrOgewQQQAABBBCItQCBzVg/gXgZv/gfKVw6UorXmCPd+dvKAoUewbrywKH7qLdnIM9EElOzJL37CEnvfJW1ovzX6pnMjd47JbMHzZWUhmHIcWQKBRXMGCglv35tRvKZh/mJo2EXE3z7xvwqXfLe6WAK/Gz2CszVJLBZ+OX5UvzTpLKnVnb8yiPQ636ciRjY1DB16e/zpHSbCcqawHDq3seYI/dml4PX+pyS0fNRSet0dbx8cpkHAggggAACcStQVUX0unXryq5du+J27v4mVt1uTa1O/n//938RXZcGNe6l2AAAIABJREFUV1u2bOk3YKy7NLVwUU5OTkTnQecIIIAAAgggEHsBApuxfwYxnYFz9y8mf6Y5cv7Dy2aHpR5D9jlirrNz79T0+p3+wnWto+GBkmkKA6Xk7G39u3PXT6ZieBfvdaWkSs4Ff4dhraZQ0DRTKGjbXB3JY76urlNbn2wV7pGUNOvfrcCc+yh92eiaNzKkY+Lu3JomsOrV0uqaMf7x+lG0ApvFP7wiJZs+ltRmR0naAReJ6FzC2HJfM38h8AlspnW6wgQ3R4VxFLpCAAEEEEAgOQWqqojes2dPmTNHi/glTqtut+ZBBx0kS5cujfiCjjrqKPnuu+/8jhONo/ARXyQDIIAAAggggEBAAgQ2A2JKvotKty+UouVPSsmG983itKq3Z3VzXW/ZzzR4aVMcx7rekS7pB14p6Yc+6AVUsmm6FMw80+tnWqwnyxTtqVnzLBTkWYHdFWBNqd9BNKDoDmrqz8IZ2LRya87X3Jreu0RT9mhngrkbvJZW08Bm6cZJUrT0cSnN326CsEdK5hFPiqTX8xqjeO0bpnDSZeU/0wBz1r++9Vp/jbwL/pDcN1uYj4KjbMera4dqRs/HzI7NK2vUNTcjgAACCCBQGwRuvPFGefzxx22XGlRF9FgUkLSZdXW7NSdPnlxlMZ9wPPOtW7dKixYt/BYu0mPy69ati3jhonCshT4QQAABBBBAoOYCBDZrbpg4PZidlyUbPzD5L/9rjhzrjkfP5vvG7Fnl0jt/pN6VUreNZPWdaJtHsmjZY1K08N6Kzk1XaQdcLBm9/CeZrx7RBDW/vlSK1//PXOo5V9c8K4J66V5d5b21rzjzfvP6WUhBR92t+b92IoVlR8bKcoymmGPvprqSOHd8X/MxynoomneL2UVrcpS66y/pfzoyTNB2gXVE3N3yJnY2x+w3hm1c32dQMLWXlGxb4hXU1EnpjtjUNv+q/pFxBQIIIIAAArVcoEOHDn6L24wcOVJuuummhBGqbrdm165dZfHixRFfT3XBVa2CrtXQaQgggAACCCBQOwQIbNaG51z4lxTOGm6OLH9oYnDeBX3cy/ctAiSpmSKlRebXlbcI6A7CrBPeNlv3Gtjq5U87oeyoeEXvGYePkrSOl4eo7RnU1Cm5CwWV7dSsZ3Zqnu69U7M8+De5R1iCjoXfXWHyj75e1m1F0Df79EWS/9nZZowfvDZyhpbH0ylFy0ZL0aJ7Xcf/3UfAy9brNDtkswd+KY49u0rpdjPu1GMqeeacs8k8l4YhOlfcVjTv5rLgallQ22NHL4HNGvPSAQIIIBBfAnGyGzC+UMIzmzp16khurik4aNOikYsyPKtw9aI7TMeOHeu3y2jt1tx3330lL8/+fbZBgwby119/hXPZ9IUAAggggAACcS5AYDPOH1BNpqfBr+IfXpXitaYgkG9eSNuOnZJigpXOIrMrUQNr2jSgpc3aoeiUtFb9JeOEd8y/m+PJflre603McN4vnJlHvySp7c8OYTk+Qc3yHqreqem+LC8MgU3dFWnlDHWblHXuaNFHsk58XyrvCnWa3ZVBVl7XKu+TTRXyv9eWuau5Re5R+Mj80VSdzz57oxR88i8p2ex9tN/RuLtknfJVCMY+t5jPSu44E7Qu/wyUzaXssqx/zaUqes2V6QEBBBBAoBYIZGRkSFGRflFcuWl+Tc2zmQhtw4YNss8++/g9/h0vuzUTLVicCM+eOSKAAAIIIBDvAgQ24/0JBTs/E5QqWvKgFK160Ryb3lF2d3VbMVIkta05WmyKB2l+TO8cktqF7pBMk4zDHqo+t2LBnyYvY6tKfeQMMUe16+jPg2lOKTC7P0tMlW67ltrmFMk8zgRtywoF2V1T48Cm2bWaP+14Kf1jkc+anFZQ09Gir8nj2dgUD9LCSxUt66Rp4ti7d8CLLfjmUilZO8EVxHQXayp/bN6pALKOGyf5X5ojVj7B6rQDr5aMHg8HPKbthabP/MmHmgDrGtevvU79m39JzZKcoX/WbAzuRgABBBBAoJYIpJSlrrFb7o4dO6R+/foJIdGjRw9ZsGCB37nGw25NDa4uWrTIvEpVTqGUEMhMEgEEEEAAAQRCEiCwGRJbfN6keTMLvhwqWuncu/kJbKbvIWkdLpD0DkOl0OR1LNk809wWXD5NX4mSjVOl4HPvnZkpGfUl+5zNQaMVfne1Of79mu19gQQ19UZXYHOVVx/B7KYsnHuzFK961mfnqlEyhXqyB7kqmVq7G0uLvcbIOvUbc2T8kIDW7Ny5XvLe62qu1V2yZYFN93ZN6+Xc+5mktewnxb/M8Pm52SU6aK41r1Bb6YZJUvDdNeI0qQsqpSAoOw6fc/aPIlnNQh2C+xBAAIHkEND/ufZ/cCE51sgqaiywc+dOv4FLDb6VlpadjqnxSJHtQI99161b1+9899tvP1mzpuwL0QhO5YorrpDnnnvO7wjRCK5GcHl0jQACCCCAAAIhChDYDBEubm4r/FsKVz5jjpy/bKJ4v9tUN9eZ+gQ207Ilo9tdkrb/RSYIukXyPx1sqnr/VPk6/XtbNfk0fR3KA4Eev0hr/3+ScbTZQRpE0yrjee/p8W/PIkauDrRwTabZtVjVTk33UHnvdDAFdkxQtfzb+8CPiZf8PE0KPjvLY9auuaRk72VyepodnJpjtDjXVXndqzkl54K/A5qf3pY3ubs4/1otTjPHFOtZ6aMwaQGym5glmr9IWAWC3A66e9YUSDIFi1zNFfR0mIrwWTqnEFtVOTVdz8CkITjwKrNr97EQR+A2BBBAAAEEapfATz/9ZB3ftmvNmjUTre6dCO2ll16SSy+91O9U33jjDTnnnHMiupQff/xR2rdv7/co/CGHHCILFy5kt2ZEnwKdI4AAAgggEJ8CBDbj87lUMytTZGbFU1JsAprOXPdOSPeuPj+7MzVQZoJfafsOkfSDbzH9l0rhnFtcAVH3keYQ8mn6TjT//cOl9K8VXj/OOOp5Sdvv3MClNd/ktONMgRw98uS9WzG11YmSaeX4TAuoPyvoaIKPni2r/3QTsD26yvutvJpTepnj/CZA6dnMuFkDPxPNZ6nNuXOtCcB678zUgGT2WRoorr4VfnmhFP800aMgknZqllenhWQPWSWlv82S/On9PQoJmd0d5flNPYsYmZf5+gdUP6DdFdXk1HQdjTcbNft9KI7mx4c2BnchgAACCCBQywTmz58vhx12mO2qO3fuLCtWeL8vxSuPBg2XLFliO72cnBzZvXt3xKeuXqtWeZ/A8RyU3ZoRfwQMgEDCClSXlC1hF8bEEUCgXIDAZiJ9GNy7M1c8WRGs86hW7VqKO9hVVjFcj5t3uc46cq47Dd1Nj4uXbPzA/Kvv0fMg8mn62ln5Ndt4zMF1QfaZKyWlrv48sFa02OQIXWJyRVaqfr6v2Sm5MOCgpo4WUmBT82p+aCq7m+JLvi3jsEckrfNV5T8u3fql5M8Y6HWZo3E3U8Tn62oXW3EE3WM3pj4Rs0sz++x1Iml7WHlPc8c38di5Wvn/Naeao+mZfd+rdjzbCzSI/MGRJofoMtevPT8O5YFu1y+yB802R90PCm0c7kIAAQQQQKCWCUyfPl1OPvlk21Ufe+yx8uWXX8a9yKxZs+TII4/0O8+nnnpKrr766oiu49tvv5Wjj/b/hbTu5NSj8OTWjOhjoHMEEEAAAQTiVoDAZhQeTenGySZP4/NSmvebFahymmCS7hjM7DXGBK/qVjMDsztz3q1SvP5tcRZs9whwVb1DM6VhF0nveKkJaA61rWCeO66h2bRZuUqnBiCz+k6UlAadgpZx5df0PLqtOw9bm52HpnBQgK1023yrWI/X0WsNq2k/Z5jdAo7MAHtyXeaqWP6r1z1V59g0BYvM0fySXz6pNE5q6wFmt+jbXj8vXjdBCr/5j9fPrPyfx/+v2ueaZ3a3Ov80uzV8ktxn9n5NUtudWX5/7ngTkC42uyF8Ar2uC8zR+lO+kJTG9jtCqppE8fr/SdGcG83nyhSZsj5O7jLs2q0GuF39uxPJZfV5RxytBgTlz8UIIIAAAgjUVgE9on3eeefZLn/w4MHy7rvvxj2NHjF/8803bedZr149+f333yUzM7h3s2AWXVxcLF26dJHVq1f7ve3xxx+X66+/PphuuRYBBBBAAAEEkkiAwGaEH2aRKcpTtOK/FaNYx4hdOQslJVXSmh1jToLnmn8KxGF2VDrNseAU83OnqWju1CDorp/Nn8uOQ7t3Z3rs0nTt3yvbxafHzeu1dwUmzbHzqlreW/uYgJ/JyenRXLkjzY5IzR0ZQiv4ZFBZAaKym818rPyax7wUWG+maE3elKNMTkzNKenR0nLMbsF5krJH28D68bgqqBybJuBc8PEpUrL1q0rjpNQ1gdV/zapkU7R0pBQtus97up0ul4yeVeWidEr+VPdRe/PsrMdXliuzYWfJMkWAPFvexM5lJmXX6i/Lrk/JaS7Z/w4uYb8V0DRFkZz5prq5V0DTHSw3R8/LP2MV1TGyBy+xPl80BBBAAAEEEKhe4Mknn5Thw4fbXqg5K1944YXqO4nhFX/88YdoLlANLtq1G2+8UR57LLK5tx944AG56667/CpoUSMt0sRuzRh+UBgaAQQQQACBGAsQ2IzwA7COEfvkeHQVYzFBJGuDnOefXT/2+pk1P5/dmb7Hz1OzxNGkp6QfdK2ktjgxoBUVLX1MihbeWxYgcx+FTpUcPQKd5VsMJ6AuJe/1Pa0ArWdL73a3yel5cwAdmGDfh31EK7v7tqBzdHp0EPBRdBPULPzuSile+7qHd1lHJtCcNfDz8ryanvMr/Nbcs2as1yNK7/GgpJvj//bNKYXfXm7GGV8xTtnuyBQTUM7+9w+VdvHmTepmKrubn/vuqjQ9pPd4SNIPvLYaX6cUrxhj8qm+IqW5Ztdw0T9lz929Q9P785WSXtcVTDfrdreUdBNcPtc7EB7AQ+USBBBAAAEEaq3AnXfeKQ8++KDt+m+//Xa/v4sHMK3X/shDD8kdd9xhOx0NJG7cuFFatWoVselq8aWOHTtKQYH3u6XngF999ZUcc8wxEZsDHSOAAAIIIIBA/AsQ2IzwM8oda/IkavEVbV7pET2O/ZYfAbb5mcduPu/dmabPzD0ls+dISW2vx799c2VWF+sqNce025pde3947Rj0zSEZKI8zd6vkva27+bzn4Tr23bG6yZjj5yaoua1yUDO13WDJ7G0qoIfYXIFN76T2Wf1neBcPKg9qarCxcg7LjEPvN3lK7Xdc5L/f0xRLWlkxOxOkzOw9VlL3qThK7vFLKZh2gpRsm2dbvT6r32RTnKdvpZVWHKev/Iz1mH9KnSr+UlHwlytf6N8mMFqp+QbMzWfK7NpNbXaElGyY4kWRfvCNkt5tRIhPgdsQQAABBBCofQKXX365PP/887YLHz16tN/dnPEgVVpaKm3btpVNmzbZTqd///7y0UcfRXSqxx13XJV5SK+77jp54oknIjoHOkcAAQQQQACB+BcgsBnhZ5T7Wp2KdJE6VnlsKoDApleV8rKJpmaa3ZmHB7U7098SixbdL0VLH/X6dfrBN5kA1j1BqxSvflkKZ3vvUkzJbmqqg/9YTV82OxjL7kjJbmaOxs83x79NPtAQW96E5iaHpO4+rAjieeXY1OPnM/pLya/fWSN4BY/NvzsadjRHw80c/LTy/Jcev888bryktj2t0h2Fs64xuyZfLfu59xH01KaHS+aAmbaj5L7e2ORm1cruFcfC9UJH40NMkaJvbO4xeVl1h+bKZ8WZu9mt6fpPd+7M8vitcdHAe1YTSd//IvPs75DcCa3Nrs6dXv1mDfzSfO4ODfEpcBsCCCCAAAK1T2DAgAF+g3/jxo2T888/P25RpkyZIoMGDfI7v2nTpomuL1JNA8IaGPbXWrZsaRUMys7OjtQU6BcBBBBAAAEEEkSAwGaEH1SeOYruLNIdg+7j3jqgCVBpoM0zcOmZP1MvsQJx7uBX2SRNleycc38Jqip4lcszx43zJh1SkWvT7ADNPuVLk8uyXdAqBZ/8y+TX/MzrPg2QaqDUfzNBza8vNYWRTKEdm+ruWSdOEUeLPkHPxfOG6o6iF5pck8WrnvUeoyz45zDBxqyTP67SO/e1eubesh25Zb3kmFyU4pOL0rlrg+S918Wj+JM+XleBHkeTwyRrwKfl4+juV62YXrL1a2P6idnJusAVfLTys1Y0R5Me4qjb0uwA1UrxqaafbpKSvocU//S+iMlX6mq+x831Zzpf/fyZ/8hpJllmR6yj2VHW1aW/zZL8j3zSGaTXM587DZAGuSu4Rk+OmxFAAAEEaipQ+QxCTXvk/mAENPi2ebP7C0bvOz/44AM55ZRTgukuqtdWtVtSj5/rMfRI5bWsLrenQsyYMUP69esXVRMGQwABBBBAAIH4FCCwGeHn4ioe9LRHTKisMIuYQFS9fUwQsbVrR6GzWFJ0Z6IGNM0/rp+ZQkIZepTd/MgUA8ro+bDJv2j+PYzNuXOtFG/80ATE6kjavuZIuwmMBd1KC8XauehTZV0LEaXU399Pdx5BTesKd+DXFTxL1arx/acHPRXfG6o6iq5FivLe1WCjd2DSGr/tIOtIuaSk+Z2Dc9dPrvs9myNDcoaaojyezfSfP81dLMg7OOjYo415pjnmUWuFeofZYWkC1145WT2D25736s/1g+EZ7PQ29D5W7/HXW3O8LCWjrmT2nVQe0HRPt9BUtS/eOM1r+qn7/Fsyj32lxs+CDhBAAAEEEKhNAlrYZvdu73Q47vXrMW49zh2PTXdC7r+/v/c3kUcffVRuvjmQ/Omhre7YY4+Vr7/+2u/NZ555przzzjuhdc5dCCCAAAIIIJB0AgQ2I/5ITQDvy6FS/OO7HsehdVDdqmeCYIMXidRtG/FZRHKAks2fSsEn3kevU+rtJ9mDF/sZ1jeo6b7MFZjTnYhZeiy7iqBioOvxexTdzC9/2vFS+ofx99mJmNqyr2T2mVjt+CWbpkvBTO9cmo69jjC7PM3uS49WtPhBKVpigtLuY+BexaDKPgvW9XZ7a3x27brvtdnB6RrSX3CzrO/UbMk4YpSkmdylkla3EmPuG3ubY+i7vH6eccRoSTvg0kDJuQ4BBBBAAAEEjEBWVpbfwjfz58+XQw+NzxQvffr0kc8+8z6F436g6enpsnXrVtlzzz0j8oy3bNkiLVq08Nu3mv7444+y997mfYWGAAIIIIAAAggYAQKbUfkYOCXP7Gh0ahEbr9yGrqPIGQffJmnd7ozKTCIxiHfuSNcIaZ2uMDtMR9oM5y+o6bo0tc0pojkqwxHU1P787dgsXPKIlG79qlKwMSWnhWQPMcWAAgiqFi0daSrLm4I6HjV4NA9lijnqXarpB8wuWCn8R5x/r/HK8Wkt1EpDoM+/ovK4S8AnuGl2V4pDB/DMyeq+zvtoesX9+qeySZlxnKlZktroILM7s5dk9Hig4nc2TyfXVLYXz8r25v7sU2ZKSpMjIvHRoU8EEEAAAQQiK6CHMuz+32VkR7V61/yP+fn5tiPt2LFD6tevH4VZBD9EVQFZPT6vx+gj1c466yx5++23/XYf6d2ikVoX/SIQPoEY/o9a+BZBTwgggEBYBQhshpXTf2fFP040OzcvqMidaV3qDj6Z/wdVp7nZvbnURARNMCyhmgnavrWfydP5q9esM0+cLKktfCt8m0I9H50kJSaPo10Ld1BTx8h9vZE52l3gFVhMbTVASjZ5VvJ07XLUVADZZy4PrFiRHi//4Egp/dNc726VdmRq2gFXagHv5lk4yHeXps+/2+7M9N2VWT6Bsj+UjZeWLZlHPCWp7U2KgQDzY+a9tU9FzlWrNxPYtCrbd0qoTyWTRQCB0AX4K1PodtyJQMUrgVMcDvuIquam1Krj8dg0d6ZWQ/fXPv/8c9H8m5Fos2fPll69evntulGjRrJ9+/aI5faMxJroEwEEEEAAAQQiL0BgM/LG5SMUr3peCudc7woyuYNd7gJCepUjXXKGrDIFXZpHcVY1G6r0d1Ns5kOPAKbG3DJMsZn/22gdtS9vGgg0QU293q5FIqip4+SOM3lLTQ7Qinm4d0l6FnPSR+KQrIFfmErj3e1BCndIoakibxVIMjtvnQUmj2aJ7sLwCVp6BSL9lG3wKpTkvqYsuGoqwafU308cWsDJkWlSGJjCSlbxKY+WtaekW0fDneYo/RITXF1hrjU5W/fsLI7sllL6z89WjtA084/dcfOqnnje2yZInbvF6xICmzX77wh3I4AAAgjUPgEtgNO4cWPbhWuATn8fj+25556TK664wnZqmjN01y7vdDXhXEO3bt1k8WJ/aYxE4vn4fjgd6AsBBBBAAAEEghMgsBmcV42vto6kF/3jfTS5fAOeBjzNcWyzozDz2FcTYvdmwcx/m92PH3q4OCXV5G/M7P16xc9MsK/wuyuleK3+rHJl7dQ2/zLHz8cFdPw72Afg2rFpApBWINlzH5L3PFJy9paU7KbWP1q0SUyFeEe9fc0x8rVSsn2xOP/5sez4eMURb2suvrsx9V49Xl6pyrt75h7BTnPcPbXF8VbhptR2/5bUlieYh59dsUQTTM2d0LLSktM6Xy0Zh5mcnRFoua83MQHbPK+es/q9L47mNatOH4Gp0iUCCCCAAAJxK7Bu3TrZb7/9bOe37777iv4+Htupp54qU6dOtZ2aBjyfeeaZiEz7ySeflOHDh/vt+6qrrpL//ve/ERmbThFAAAEEEEAgsQUIbEb5+RXNv1OKlj9uRi07nlQeXzN/8Ny9aXYQpnccJumHmTyVnjsfozzf6obLM4Ewp08gLKPHI5J24FWuW8uDmiZvpk1xnNTWJ0vm8W+GP6hpKouX7lhlCgT1NvFME9AsS1HpMK4m9Gj+1XM3pWfA0/OYd1XHxG12Y5YfRXer+QRxzXNM2+d063h6apsBktr6VGunqL9WvPolKZzt+5LvlMyjXzbHy8+u7tGE9PvcsfUqVYnPHjRPUhom6FF0ztSG9DngJgQQQACBmgno7sLDDjvMthMtGqS/j7dWUFAgDRo08JsX9KuvvpJjjjkm7NPeuXOn6C7WkhJ9Q6vcGjZsKBs2bJB69cw7Cg0BBBBAAAEEEPARILAZ5Y+EHmHOm9BKyza58i9aBWQ8isN47t7UHYa6q69V//jcwWnWkvumWYvPLsycM03xnbptfIKaulRXsST39XrkWo85B1Kop8rHVPi3FJrK4yWbTZEbU/jGWVrkcZxa81zqkO4go8eOy/J6PDovzwBjIMFN+2PmqU2PkNK/VorTzMl7N6cJSB7ziqTuq/kuA2v5U4+R0u1atd2jGUMrXYH6hrk5d/0keRMP9J632X2ac4FZCw0BBBBAAAEEAhb45JNPpF+/frbX9+3bV/T38dbGjx8v559/vu20cnJyRAOQqam+RQ9rvoqTTjpJPv74Y78d6S5Rf8fjaz46PSCAAAIIIIBAogsQ2IzBE8wzx4ud5pix1fTocnnOTXekzXf3psbdMiXr5OmmOnXPGMzYfsiSjVOl4HMTqPOIA6ak15fsc02ORq+dmp73uy52mCrdWad+bRaWHth6TKCwaNVzUrJxiomD5oij6eHi3P2L/2Pi5YFMj1yaXgFO97C6pc8dWHb/LIDApvWovPN0pu0/zBxZ/9kKsHqhWOs9ULL+NSewterdO9dK3nuHVL4+NVNyzo9MXq6STdOlYOYZXhtrHU17StaAzwOeNxcigAACCCCAgFiVvbXCt10bMmRIlZW/Y+V3yCGHyJIlS2yHP+2002TSpElhn1peXp5o7k5/xZTatWsna9eujUhANeyLoUMEEEAAAQQQiIkAgc0YsBevHS+F315eERirdvemTtKVIzIle2+ThzHHRMocktZmoKR3uydmR9XzPz5VSrd4BL1MoC/NVODOONocobZyaurxc5vYnClqk9l7bOWdmiYY6jTHx4t//khKf54mTkeaqVTeSEr/XmMChj+VHZH23HHpedTb37HxsuCjO+elV3DTrmp5FUFNLdDTtJek7X+R6DHx0l+/88qVmtriBBPU9AwClhUEymoi2YPNXxQyGgT8aSv4zOQu/dkzd6m5VX33/bdkaP7VCLSi5aOlaMHdXj1rsDaj15gIjEaXCCCAAAIIJK/A888/L5dfbt71bNpll10mWqQn3lqdOnUkNzfXdloPP/yw3HrrrWGf8pgxY+S6667z268GiDUQTEMAAQQQQAABBPwJENiM0Wej4IvzpGSDzzff1u5NcyTa82i6NT/fHZxl/25tNEy1ig1l9LhPUurZJ6mP1BJdFceLvLpPP+QOa9ei36Bmq36S2qSHFbRzmpyTKZkNxZn/h9nButPcZyqpW5XGPZptBXH376vIgVkeyHTvyPSoPl7mm77fuSJ1Wlk7PzUfp1ZPT9Hgox5LN8FIR93WpiL5P1Ky4wdJbX6cpHf6jynotIc1eO4bzczvPCuDav96PMt7F2e11db9PJy88Y3FqUWPfCzSu98t6QffEpFHmv/hCaZq/VyvvjN6jpS0TvbVUSMyCTpFAAEEEEAgCQQ0EHj77bfbruS2226Thx56KK5Wqfkt09LS/M5Jq5V37do1rHMuLi4WLaT0888/2/a71157ya+//hrWMekMAQQQQAABBJJPgMBmrJ5p8T8mP6XJk2gF8tw7D50mTplpHbMu3fmjCbiZQJ9VZKjsiLpX/k2duEewTtNE5jSTlAadJHWPllK62xwHz2xkVfaW/G1SumtDWbXu4vKK3+U/1+sy9jDXmPF8/+znfj0OXrxmrLeeziGjnqn67hnw87jErM1Vcds3n2XF+n3zdVpr9Npl6RHMrFR5vOx35ueav9PRsKMJnNaX0j9XmyCkOfqvRYTSc0wl8j6SrsWNskxwMsSWO84EQEtMUFeDpO4j6R75Q93dph90o6R3vze4UazcpSao6tXUwSnZpy+wnnEkmlVBvqTQq+vMo56R1P2xa20EAAAgAElEQVSGRmI4+kQAAQQQQCBpBW6++WZ57LHHbNc3cuRIuemmm+Jq7atXr5aOHTvazik9PV0KC73fD8Ix+QkTJsi555ovmf00rc4+cODAcAxFHwgggAACCCCQxAIENmP4cLU6uuvor3f17Mzj3zBVswdJ0ezrpej75312cHoGAXXyHnk53YFOryI9VR3R9neU2/Mef/f7HOM2x8it5rfKt+dORp9q4V4Vyn3H005t5uMb1LSOiR9ljokPlTRz1D3SleRdQcAC19ys6TnKZlkxV93xmXWm2QkaZLNyl35WlperPFeoSUNgArHZZ/8YZG+BXa5FivI/OLpSwaOcId+bXa2+QdbA+uQqBBBAAAEEaqvAJZdcIi+//LLt8l966SW5+OKL44rmvffekzPOMHm2bVq3bt1k4cKFYZ/vQQcdJMuXL7ft98ADD/T7u7BPhA4RQAABBBBAIKEFCGzG9PE5Jff1vUyALLciKGbiYqn7DDY5KF+3ZlayYbIU//CqlG5baHZCanVq392NFbsUrRu8iub42wnpsdPTK6jqL6BpF9x0w5UF9qwCSNYEbET1fv3HvVPTX7BUb/X5nWcA0xy712I2jvodzO5Uk2u04A/bY+LReKRWYLPI5KHSQK5nMNcdVDZH2XOCzKvpnnfBJ4MqChCVczjNUfirJb3noxFZXuFnQ0xuU5PT02N3bEpOc8n+95qIjEenCCCAAAIIJLOAVkT3V/n83XfflcGDB8fV8u+66y554IEHbOd04YUXyquvhje/t1ZB12ro/tr//vc/v8WX4gqOySCAAAIIIIBAzAUIbMb4ERTOv02Klz/lmkVZUDIlNUOyz//TZ2ZOE+T8wOSuNAHP9DqmoM5qcf65suwaz12b+qPyM+tlv4/Erk3Tpx7t9grs+dtt6V6KXVDWWnjZ+k3oc8/uklK3lWXhyDA5PE0BIbsclzF+bJL7msm1qTlRy/OheszIBGCzBn4ujsbdQ5pm3tj65tS55lv1aHoM/bQ5ktKwS0h9VndT3vimJqenFgyo2Fmb1vU2yTjkzupu5fcIIIAAAggg4CPQqlUr+eWXX2xdNKh34oknxpXZwQcfLMuWLbOd0yOPPCK33BLe/N7HH3+8fPHFF7bjtW3bVtavX2/qZHqmLoorLiaDAAIIIIAAAnEkQGAzxg/DuXuT5L1zgJmFz3F0U/k6dZ+qq0BqsZ2ihfdIyZYvTQGe7Z5RMI/+IhHU1LySGnizqhdV7BL1OgKvMTIzdvmy3MFLU+zI5BDV3JdauEcL9jh3bxaH5r3c7xwTtDU/T4BmBTZNlXpX8352GYfeL2ldhoe8itxX63gfCVfHuntLzpB1IfdZ3Y15Zgeq0yu/plOy+k0VR/Pjq7uV3yMQYwH97yF/+Y3xQ2B4BBDwEaiqwvhHH30k/fv3jyuz7Oxsyc/3KVpYNsNnn33Wb4X3UBahx8/1GLq/9vTTT8uVV14ZStfcgwACCCCAQMgC/K0iZLqY30hgM+aPwFTYnmCOVRd6F9xxmMrhWQPtv8muPGWP3ZwmYJjiyBRnrhYPamhV9nbmbTf/bnYNWEVuzH9dyyp+u36+2bouJSXdBEd/r/Rnf/eX/DjRNQ2Po8vlPzA7FlPqtDRHxttbxYhS0rLNOL+a4GVfE7w0SeLT68WBes2mkPtaXcvTaXZspngcn9eCRVmD5teo89zXTGDTahU7XDOPeExSD4hcdfK8CaY6fKHuEq4YM/u0eaZQUecarYWbEUAAgfgV4PU1fp9N4s8sNTXVHGxxfwHqvZ6VK1dKp06RKQQYitzWrVulefPmfm/VQKTmvAxXGzJkiEycWPYe6dNpw4YNZfPmzaKBVhoCCCCAAAIIIBCIAIHNQJQifE3RstFm56UWETLNvcvRBAyz+k0ywcB+ER79/9k7DwCnqqyPn7RJYWhDLwsC0qVXkd5BkPYBglIUUbGzK7ZdC5ZdV10VUURFGIYiYEXpoPQOCoK0QZCOiCAtmfTv3mSGyRvem/SX95L/RYVl3r3nnN/NwuSfUyI7Pk/YK5iRqU2vSsbbV/l7YCbxsrLSbXJeE85uMrOsyqFsArtGH1XkvrNd7OyAjgKmfltJmxG7NxUFHbxuM+ALpu7Kff1FBRibQQAEQAAEQCCOBP744w8qW5b9XS6xvL4PmpWzCptOnpaWRnY7H5YYm/Xbb79RjRo1JEXfl156iV588cXYGMMpIAACIAACIAACKUEAwqYirtlLOV81J89fXBQLKGtmmY58qraWZVgqbYkJexozm9o99GDUwp7SYhXzx7n1KXLu+yD/SzozWUacYbEbonbf8f1Q/yCf3KUxWMh8N8umjddiE+2tM1kLgAJvtPxiKjI244Ud54IACIAACCQngc2bN1ObNm1Eg+P9I48ePaqowAub4M4H/CxdujRm/o4YMYJmz54teh7P0uTZmjxrEwsEQAAEQAAEQAAEQiUAYTNUUnF+zn18EdmZoJVXCuzvjOllyX/pZOIZkBnxGRoTaVjxFPYi9UnefV5y7ZtC7pMrWNn93yit1X+I9LzvZiyWh1wHM8lzchm791vIUPd+lr5bPhYHi57hubCHcr5pLRTV2VAoy+jLcbOJg0EABEAABEAgWQlkZWXRqFGjRMO7/fbbadGiRYoKvWbNmnT4sHgf7xkzZtDo0aNj4u/vv/9OFSpUYJ+jimesPvLIIzR58uSY2MIhIAACIAACIAAC4RBQd4smCJvh3HVcn/WyXpuVWa/NS/mZc3lT0s2lyXznb3G1Hv7h8RT2wvcGOyIn4MrOIseGcbn9Uv3n6Cp2ImMPZb3xijxC7AQBEAABEAAB+QiMGzeOpk6dKmrwiSeeoHfeeUc+Z4JYOnv2rE9slFo8u5RnmcZiderUidasWSN5FC9Tr1q1aixM4QwQAAEQAAEQAIEUIgBhU0GX7WIDeRxrR+d6VGBKeruPSXfzcAV5m+uKuoV95fFMgEc5y24nz5m1AsuGRv8gQ9OJCfAGJkEABEAABEBA3QRq1apF2dnZokG8/fbbNH78eMUE+NFHH9GDDz4o6g8XGbnYGItltVqpaNGikr01u3XrRitWrIiFKZwBAlES8NfNYYEACIAACKiHAIRNhd2Va99Ucmz9xw1/oWrLtSFTb3zDp7DrSgp3rDMziDwOQSxprf5L+noPJ0V8CAIEQAAEQAAE5CRQpEgR4kKe2MrMzJQsU5fTxzxbfNo5n9Iutng5Pfc3FuuDDz4gXmoutVavXk0dO3aMhSmcAQIgAAIgAAIgkGIEIGwq8ML9/Sun5HqW34fI1GsJact3UKDHcEmtBDx/7KCcRfw1FfjJtJfMA38iTfFaag0LfoMACIAACIBAQgjk5OQQH4Ijtfbu3Uv16ytnMF+xYsXoypUrou6+++679Pjjj0fNkffU5FmsUn08+QR53n8TCwRAAARAAARAAAQiIQBhMxJqcd/DpqR/0Yg8V37N7XvoF500plJkHnYs7tZhIHUI2FcOZAOQlguETY0pg73OjqcOBEQKAiAAAiAAAjEisHXrVmrdmg3kE1l6vZ6cTmeMLMXmGKPRSA6HsGoj7+SVK1dS165doza0cOFC6t+/v+Q5c+fOpWHDhkVtBweAAAiAAAiAAAikJgEImwq9d/+U9CECwYm7auq9knhZOhYIxIKALasUed12dpSX/dCwH17S3/I4pbX4dyyOxxkgAAIgAAIgkFIEpkyZQg8/LN7KpWLFinTrrbfSkCFDfP8qYZUoUYIuXWKDK0VWrLJLeYn52rXCXt555vhgoiNHjpAmd2CmEpjABxCIBwGMJYgHVZwJAiAAAn4CEDYV+0pgU9IzSzC9yR3goZeMneeQrqr0p96KDQeOKY+A/U+yzq3C/xgQvMbM/baQJqOB8vyFRyAAAiAAAiCgcAJjxoyh6dOnB/Xy/ffflxRAg26O4QMZGRl08eJF0RN37NhBzZo1i8ra7t27qXHjxpJnKIVDVEFiMwiAAAiAAAiAQEIJQNhMKP7CjVtnMmHT4xI8ZOw0k3Q3DVKw13BNLQTcxxaS/Yfhue7mtjtIK0Hmu06qJQT4CQIgAAIgAAKKItCmTRvavHlzUJ+0Wq1vcnr16tWDPhvPB3g/UN4XVGwtXbqUevbsGZX5fv360bfffit6Bp+SfvbsWbJYLFHZwGYQAAEQAAEQAIHUJgBhU8H3b51TichxiRUH85w69l/2j77m3ZTW7iMFew3X1EIgZ1lf8pxZzdzNH1Clrz2a0tp8oJYQ4CcIgAAIgAAIKIpAYVPGCzo6ceJEeuGFFxLmf7BBR/v376c6depE7N/x48epatWqkvufeeYZ+s9//hPx+dgIAiAAAiAAAiAAApwAhM1Evg6CNFuxrxpC7uOL/R7m9h7S6NLIPPJCIr2G7SQhYM3KIHILBwakNX+F9A3GJ0mECAMEEkUAnbQSRR52QSDRBB544AH6+OOPQ3KD9+LkpdiJWoUNOuIZpW53YDuk8L1s27Ytbdy4UXQjP//EiRPE+45igQAIgAAI+AngO0i8EkAgMgIQNiPjJssu77XjZFtQ9wZbxjbvka72GFl8gJHkJOD5fQvlLOnCghP217QM+omoWK3kDBpRgUA8CfhT67FAAARSnADvV1mqFBvM582vhpBCsmnTJt8woUStN998k5566ilR840aNaJdu3ZF7JrNZqP09HTyePjb9BtX9+7dafny5RGfj40gAAIgAAIgAAIgkEcAwqbCXwvWORVYOfplwTtmTVpx1gfxlKjn+JRH4ReqEPfsKweQ++SKXG9y+2uaypB52FGFeAg3QAAEQAAEQECdBIoUKUJWq1XSeZPJRFlZWTR48OCEBli/fn3at2+fqA8vvfQSvfjiixH7N3XqVBo3bpzk/vXr1xPP6MQCARAAARAAARAAgWgJQNiMlmCc9zv3vE3OHc8LhE1u0th5Nqajx5l9Mh9vm1WWvC7+psvfu5Vnmukb/IPSmr+czGEjtgQSQEJjAuHDNAiAgKwEeHn1mTNnRG22atWKZs6cSbVr15bVJzFjxYoVoytXroj6MXv2bLrrrrsi9rFevXrEe3SKLZ7Rev78+YjPxkYQAAEQAAEQAAEQCCQAYVPxrwcvWbPKsV6I15j+pMkfInTzUEprP13x3sNBZRKwzkgv4JiXzP02kiajsTIdhlcgAALKIYDSAOXcBTxRJIHCBMM9e/YQHzCkhKXX6yX7aK5bt47atWsXkZvff/89de3aVXLvRx99RPfff39EZ2NT6ATwR3XorPAkCIAACCQTgVT88x/CpgpewY7tz5Jrz3vXBwj5XNZbyDLinAq8h4tKI+C9cpRsX+S9qcptCqgzkmXkn0pzFf6AAAiAAAiAgOoIGAwGcrlcon7zEvQRI0bIGtPOnTvptddeowMHDlC1atV8omK/fv2oMGFzzZo11KFDh4j85KImFzfFVtmyZenUqVM+21ggAAIgAAIgAAIgEAsCEDZjQTHOZ3ivnSDb/DpCYZPZNHb7knSVe8TZOo5PNgLuE0vJvor39cofbKAt14ZMvVcmW6iIBwRAAARAAARkJ1CiRAm6dOmSqN2ePXvS0qVLZfPp5MmTPjGzoNBaqVIlX7m81HCfSIXNw4cPU82aNSXje/nll+n553mLJSwQAAEQAAEQAAEQiA0BCJux4Rj3U2xzKpLXN0Qof+lr3MnK0afF3TYMJBcBf9/WF4SvpdpjKK3NpOQKFNGAAAiAAAiAQAIItG7dmrZu3SpqWafTSWZzxsNVPnV9y5YtYR8dqbDZpk0b2rx5s6g9rVZLZ8+epTJlyoTtDzaAAAiAAAiAAAiAgBQBCJsqeW24fnqNHLv+I/SWl6PzKdb6IiqJAm4qgUDOkh7k+X2jwJW01m+Rvu6DSnAPPoAACIAACICAqgn88MMP1KVLF8kYtm/fTs2bN5clxvT0dLp27VrYtiIRNm02G3F7UlmgPXr0oGXLlgX4kopdwMK+CmwAARAAARAAARAIQgDCplpeIm47WT+rSuS8yiqIWQkxa43IhwmlNX+VDA2eUEsU8FMBBGyzy5OXv44ClrHTbNLd1F8B3sEFEAABEAABEFA/AZ6ZKSXwffnllzRw4EBZguRZkl7+fWOYa+/evVS/fv2wdk2dOpXGjRsnuSeagURhOYKHQQAEQAAEQAAEUooAhE0VXbdj2zPk2jtZ0GtTk1aczHedUlEUcDXRBKxZpYncOQFusInofdaQpkyLRLsG+yAAAiAAAiCQFAQKGyC0YMECGjyY97qO/4pU2OT9N8uXLx+Wg/Xq1aP9+/eL7ilZsiRduHAhrPPwMAiAAAiAAAiAAAiEQgDCZiiUFPKM9/Jhsn3ZiHmTO8k61y9Tr6WkLd9OIV7CDaUTsM5nTf2vnc4XyFkmh3ngdtKUqKd01+EfCIAACICASgjwHEHhdysqcTxGbhY2QGjixIn0wgvCXtcxMnvDMYX5IWWTDxbiQ4fCWXwKOp+GLrWmTJlSaDZnOLbwbEECKOnHawIEQAAEQCC1CUDYVNn9W+dUInIIJ20aGownQ/NXVBYJ3E0UAdv8WuS1Bmb5asjcfxNpSjZMlEuwCwIgAAIgAAJJRaBJkya0a9cu0Zj4gJ2NG4W9ruMVfGGDjMRs8hJ6XlJ+3333heVSnz59aPHixaJ7ypYtS6dOnSK9Xh/WmXgYBEAABEAABEAABEIhAGEzFEoKesa5+QlyHvhE4JGucjcydvtGQV7CFSUTsM4sSeRxClw0dfmMtFX6Ktlt+AYCIAACIAACqiHw6aefSoqDXDy02+3Ef473CjbI6OOPPyYuPB46dMj3c6dOnahKlSphuXX48GGqWZNVg0isl19+mZ5//vmwzsTDIAACIAACIAACIBAqAQiboZJSyHOes+soZ2kv5k1AgZdWT5aRrG+RRqsQL+GGHAQiKTzynNtKOYs7C18/7H+ZB+4kTfHacrgNGyAAAiCgcAKR/Omq8JDgnuwErl69SkWLFpW0K+cAoSJFipDVahX1hZePr1y5Mio+zZo1ox9//FH0DN7j8+zZs1SmTJmobGAzCIAACIAACIAACEgRgLCpttcGG/riG/5SYKV1mE766kPUFg38jTeBAk3OHKsGkev4MuEAKr2FzCPOxdsTnA8CIAACyU0g1ZtKJvftRhRdsWLF6MqVK6J7W7ZsSVu3bo3o3HA3DRs2jObNmye6jQ85cjgc4R55/fkZM2bQvffeK7k/FsJpxM5hIwiAAAiAAAiAQEoQgLCpwmu2zv0bkf2iwHNDnTFkuHWSCqOBy3ISsM0qS17XNaKAN+D6Wx6ltBavy+kGbIEACIAACIBA0hMoTFDkmYxut1sWBtnZ2VSrVi1JW0uWLKFevXg1UHjrzz//pHLlyhUah5yZqeF5j6dBAARAAARSjwA+hU7WO4ewqcKbdWx+nFwHPhV4rilSmcxDDqgwGrgsGwGvh6yZxQqY85Lpjg2kLdVENjdgCARAAARAAARSgUAwQXHNmjXUoUMHWVCkp6fTtWvsg02RNWHCBHrjjTfC9qNbt260atUqyX1c9ORl6FggAAIgAAIgAAIgEE8CEDbjSTdOZ3uvnSDbgro3nG7qu460pZvGyaraj/WSY+Mj5D6xjE3/rkfGVm+SpkQdtQcVlv+eC3soZ2Hr3D25PVq1BrKMEmb/hnUoHgYBEAABEAABEJAkUFh/y7fffpvGjx8vC71+/frRt99+K2orkintXq/XN+Xc4+E9acXXtm3bqEWLFrLEByMgAAIgAAIgAAKpSwDCpkrvPue7DuQ5v5N5z9KpczOqDfUfJkPL8D9xVymC0N1mmYr279qS+8/dgj3aCp3IUPNu0lUbRMQEvmRfruwscmx4yP+ayV26Sl3J2H1hsoeO+EAABGJIAEU8MYSJo5KeQOfOnWn16tWicU6cOJFeeOEFWRgsXryY+vTpI2qLl8XzXqAPPPCAz9ecnBxKS0vzPcsFTKfT6Zvg3rZtW3r22WepefPmvkxNnrEptV577TV67rnnZIkNRkAABEAABEAABFKbAIRNld6/c+8kcm7n3zDmT0fX6NLIzKejYwkIOLY8Qa59H+cPzGHfpJOGcfO9O9eQplgNMvdhbzqMGUlNLmdpL/KcXS+I0dBoAhmavpjUcSM4EAABEAABEEgUgf/973/05JNPipofOnSo5FCfWPsbbEo7FzcLy74M9KdTp0504sQJOnz4sKibPEuV28MCARAAARAAARCINQFeKaGN9aGqPw/Cpkqv0FeOPp+VUnOBLmAZmvyTDI2fVWlUcXDb62Z9JYuzg3OzFG9INfLz4+IeF/mSdjkvkXU2GzpFwpKxtJavk77+I0kbNgIDgdgSQK5ibHniNBBIfgJLly6l3r17iwZavXp1+vXXX+MCwWq10ksvvUR8eM+5c+d8mZdSPTZj7cCIESMoKysr1sfiPBAAARAAARAAARAQJQBhU8UvDOus8kSu3E/EfVmITL7T6Mnccwlpy9+m4shi5DorQbd9Xp+8V4/nJrZyETN3AqmX/fq6JqyltDbvkb72vTEyrLxjHGvvJdeR+cyxQCHcS+aBP5GmuPSkVOVFAo9AAARAAARAQD0Ejh8/TlWrVpV02OVy+cq8Y7m4WHrLLbf4SsoTsb7//nviJfhYIAACIAACIAACICAHAWUJm8iqDevOnT+/Tc6drDdTXml17m6NsSSZh58I66xkfNi+4UFyZ8/OD40Jnb4lyHL1kqYoK0UfsINIZ0xGDL6YrLPKMhGcT0MNaF1QpBKZhxxM2pgRGAiAAAiAAAgogQAv8+YZk2KLZ3T27Nkzpm42adKEdu3aFdMzQz2sWLFidOnSpVAfx3MgAAIgAAIgAAIgEDUBZQmbUYeTegeIZ+IRmbrMJW2VO+ICRBX6s9tK1qxyLP5cMdNXQcoHLfFMTWHWItf6tFX6kandVFaTXiwuzBJ6KBN0rZl5cXlZUT7rK8r+a+q5lLQV2ifUNRgHARAAARAAgWQnUKJECUmx7/nnn6eXX345pggKsxdTQyKHvfnmm5I9ReNtG+eDAAiAAAiAAAikJgEIm2q/d1aKbp3LSpzcdkEkhlseI0OLf6s9usj851PQv2lF7r/2iewX9iT1P5A7WV6r8/WbTGvxKvu95GnI67mwh3K+ae0PNU/U1RrJMurPyPhiV8gE0JExZFR4EARAAAQURiB2f4K3b9+e1q8XDu/LC7Z+/fq0d+/emMaeKGHTbDb7+nhqCvR/j2lwOAwEQAAEQAAEQAAEChCAsCnnSyJ23yMLvHZsGEeubGGTdl3lbmTs9o2c0SnGlmPLeDYF/aOAzMw88GKiZq6wGfATGcxkufNI0mRvug7NIMfGR1mE+WVwukrs9dE9NV8finmhwhEQAAEQAIGUIPDVV1/RoEGDRGPlIiDvs8nL1WO1GjZsSHv27InquOLFixMXKrl/BoOB+DCi8+fPF3rma6+9Rs8991xUdrEZBEAABEAABEAABMIlAGEzXGIKfN5zdh3lLO3FPAsQ7rR6soy8wH4rdt8oKzB0UZesWSVZP0mWwXo9Y8AvbOrKtyX32Y0F9vBS9QKCJ3+cNfLXlm1DZL9IXo+D9FV6+yankzZNLRiu+5mz7HbynFkr8JtPgPfFgwUCIAACIAACIBBXAlevXqWiRYtK2uDZnG3bto2ZD2vWrKFOnTqFfR4XM/v3708vvvgiVatW7Yb9W7ZsoQ4dOpDD4RA9+/Tp01ShQoWw7WIDCIAACIAACIAACERDAMJmNPSUstedw/pJlr7Bm7QO00lffYhSvJTND2sme/PgYdPPA4RNbUYjMvXbSK6D08m9/xNyXz7Myvet+T7x3ptc4NQEdBD16aH893MzPvmvTWXIcPMwVYmc/sFBAbGyiNJav036uvfLdicwBAIgwAnEKW0fcEEABBRPgIuGly9fFvXzrbfeon/84x8xjWHhwoU+kTKcxaezcx8tFovktocffpimTJlyw9e5oMmFTSwQAAEQAAEQAAEQkJsAhE25icfJnnXu33zZhYHLUGcMGW6dFCeLyj3WmpnOhE0mUAYIm8ZOs0l308AAp72sXH0KOXawrEUu+gVmd/pEzryy7bxhQ3mCRG4/Tp2eNOaybMopywSt0JaMt76rzNJ1+wXWg5W9NgRZqV4yD9xFmuI1lXuJ8AwEQAAEQAAEkojA7bffTkuWLBGNiIuaXNyM9eKl42+//bZvQrrJZPJlhW7dupUWLFggaWr69Ol0zz33SH79yJEj1KpVK0FZOhdEp06dSvfdd1+sQ8B5IAACIAACIAACIBCUAITNoIjU8YBj8+PkOvCpwFlNkcpkHnJAHQHE0EtRYbPzZ6Sr2u8GK9asDCZs5kj04+QiJvvXV84fIGz6RMJc4TPvt/VmMv/fXiZ2lo9hJNEf5T76NdnX3M0Oyi+31+gtZB5xLvrDcQIIgAAIgAAIgEBIBGbNmkUjR44UfbZRo0Y+8VGOZbPZqEiRIuzbm/y+24F2eQn7Dz/8UKgrvN/mypUr6dChQ1S2bFlf2XuVKlUk9wTUwsgRImyAAAiAAAiAAAikGAEIm0ly4d5rJ8i2oO4N0Zj6riNt6aZJEmVoYYQlbIpkd/pFwFwh0CdscrsBJel5bwYEv88eYRmcljuPhuakTE/ZV/Qj96nvmTUv+6FhP7ykrzGM0tpPk8kDmAEBEAABEAABENi3bx/xCehiiw/o8fBKE5lWz549afny5aLW+KAgqR6aMrkHMyAAAiAAAiAAAiAQFgEIm2HhUvbDOd91IM/5HQInDXUfIAPrp5hKy5pZhJWic0EyX5w0dpHI2PQJmwHP+jIx+b/+oUvaUo3I67hE3itsSvp1wTOgTF0gcrKZQ1X7k7Hz7NxnE0/dlsXK5QN7iTKXDM1fIUOD8Yl3Dh6AAAiAAAiAQIoQ4MIlFw2lBEyesckzN+VY2dnZVKtWLUlTvGS+Vy8+lBILBEAABEAABEAABJRPAMKm8uYcjMsAACAASURBVO8oZA+deyeRc/tzQlFNZ2TT0f8M+QzVP+j1kC9js8Ckc2PnueKl6HzQ0A3lWP6iKU2xmmTuv4WplWlsqvh6NnjoY3Kf20beaydzzw/sxZlHjuVFWlgLgKGHEo/Sx6KY0A8Wq6n/ZtJmNEy8f/AABEAABEAABFKIAC8B52XcYmvx4sXUu3dv2Wikp6fTtWvXRO1NmDCB3njjDdl8gSEQAAEQAAEQAAEQiIYAhM1o6Clsr78cvc6Nol6XeaSr0kdh3sbHHceW8Wwo0Mf+w/PbSpKx3Ueku5n3mhQu68ySLGPTIfhNQ8O/kya9GpsoP5ilNzLhU7C8TORcR649b5HrFO9BFZC9ef05DZl6LiZthQ7xCTLEUz0X9lDOwta5T+fC0BrIMko4ZCrE4/AYCIAACIAACIBAFATMZjPl5LC+3iKLD/Vp2bJlFKeHt7Vfv3707bffim5q06YNbdy4MbwD8TQIgAAIgAAIgAAIJIgAhM0EgY+XWevsikTOy4LjDbXZdPQ2qTEd3S9UOvPjz+2RaR78CxMrb7oBu21ORfLa/xIMDzIP2EGaEvWCXpFj48PkOpTpf843RCi3hJ3ZNDR5lv37r6BnxPMBV3YWOTY85HcuV3/VVe5Cxu7ib2Ti6QvOBgEQAAEQAIFUJ6DX68ntdotiuPvuu4kPGJJr8QzRPn3EP/TWarXkdDqJ/4wFAiAAAiAAAiAAAkonAGFT6TcUpn+OLf8g1/6PBLtSZjq620bWrNIFiLGBOYZiZL77tChJ/1R0u0DYNPVaRtry7UIgz7M311DO8v5MOORiat7QIaYiMpuWu8+EcEb8HskfHJRvw9BoAhmavhg/ozgZBEAABEAABEBAQIBnaY4dO5Zmz+Y9uMUXFz0vX75MPKtTjnX16lUqWrRgVUq+5R07dlCzZs3kcAU2wiTg+yw9zD14HARAAARAAASSmQCEzSS73VSeju5YP5Zc2XMEQ4P4ACFz3zWkKd1C9KZ9PSi9wuwJqX6cUi8Vx4YHmd2CWRYaMrR8nQz1H0nYK8w6uwLL3r0isJ/Wdgrpa45MmE8wDAIgAAIgAAKpRODw4cN0yy23kN3OPkQNsubNm0dDhw4N9ljMvm4ymST94mXqffv2jZktHAQCIAACIAACIAAC8SIAYTNeZBN4rn86+k7mQV7/RyJ9nfso7dYkLkfng3JmFmch88E/ASutJFnu4sN+xJdP2PQwYTNvgjpjFnrGZt6Z3HZZdo4twAjPFC3CMkV/T9grwZZVimm2gW+kIoktYe7DMAiAAAiAAAiolgDPiLzzzjuJl3yHuh5//HF69913Q3086ucsFgvZbIHfu+QfuWfPHp8giwUCIAACIAACIAACSicAYVPpNxSBf2LT0TVssrd55IUITlPHFv/QIFaCHyBQ8kIdY8v/kK7+Y5JBiA0PCl/YZImReyeTc9szfvusx6aX/czLhNJav0X6ug8mBKJtXg3y2gKFVS+ZB2wPqX9oQhyGURAAARAAARBIAgLZ2dnUqFEjSdFQKsSGDRvS7t27ZSNgNBrJ4RAOUMwz/sUXX9CgQYNk8wWGQAAEQAAEQAAEQCBSAhA2IyWn4H1S09FNPb9jk7o7KdjzyF2zZrGhQQV6ZXJhU2poUJ4lf49NNqFUkLG5PMQem4H+ell/T5a16bLmNj7ydz/SGNJZ1ubZyAOLYqdtfi3yWk+xHFQusvoHCJkHbmPCZv0oTsVWEAABEAABEACBQAK8h+YDDzxAW7Zs8YmZJ06ciAiQhn0vwof26HS6iPaHu6lEiRJ06dIl0W0TJ06kF154Idwj8TwIgAAIgAAIgAAIyE4AwqbsyOUxKNZf0dD8VTI0eEIeB2S2Ys1kDfALlJSTsRRZhhf+5iI2pej+YKWyNo2dPyNdVfn7VFlZKToJStGJTN2+JG3lHjLfDsyBAAiAAAiAQHIS4D00GzRoQFzcjMX68ssvaeDAgbE4KugZTZo0oV27dok+1759e1q7dm3QM/AACIAACIAACIAACCSaAITNsG6A92/UhrUjUQ/b195D7iOfC8zra42mtNveT5RLcbVrzSzChE2WkpiXecnKwY0dppGuxvBC7cZieFC+AfGsTX3NEZTW9sO4xn/D4fYLZJ1b5YbfNg/8kTTFa8nrC6yBAAiAAAiAgIoJ5GVkbt26lTweD5UrV843dOfPP/+kI0eOxDSy7t270/Lly2N6ptRhn376Kd13332iX+bZo1euXKEiRdj3V1ggAAIgAAIgAAIgoGACEDYVfDnRuOb+7Wuyrx4hOEJToh7rsbgtmmOVuZcPDspMZ775y7/zVijTzf0Zm64YlKL7rTpYn00X67cZ2GtTqzOx/qbnZWXnPvqV//6vl9gz81oDWUZdlNUPGAMBEAABEAABNRPgwmXdunUle1HGOjaDwSCbLT7gqGhRVvEiscaOHUsff/xxrEPEeSAAAiAAAiAAAiAQUwIQNmOKU0GH5Zwn62c33eCQ5e7TRAYm5iXRkhwc1O4j0t18d6GRxrIUnRu63t+UD6T36ax+sdXUZzVpy7SQjXrO8r7kOf2Dr69mnt6rrz6E0jrMkM0HGAIBEAABEAABNRP47bffqHr16mwmIP/LNPp177330ltvvUXz5s2jhx56SPLAJUuWUK9evaI3GMIJXNjkAqfY4lmb58+fp4wM1o8cCwRAAARAAARAAAQUSgDCpkIvJhZu2RbUZkLbKcFRxh7fkq5i51gcr5gz/IOD2FRPwUR0Nihn8C+kSb+pUD9DLkUPEAiDBW6dwbNHhcvQ7EUyNJwQbGvMvm7LKkNet01wnqH5a6zH6uMxs4GDQAAEQCA1CYTxF0JqAkqKqLmoWa1atZjEYjKZaNu2bb5enHkrPT2drl27Jnr+hAkT6I033oiJ7WCHjBkzhqZPny752JAhQ2j+/PnBjsHXQQAEQAAEQAAEQCBhBCBsJgx9/A3bV48k929fCcWtJv8kQ+Nn429cRgv5WZe5Rvl7TmNJstx1MqgXsS5F5wats8uxSUIBb1Z4pkeI/gR1OMQHbhBXmQ/m/ltIk5H/pirEo/AYCIAACIAACKQcgcIG64QDo1OnTrR06VIyGo2Cbf369aNvv/1W9Kg2bdrQxo0bwzET8bN8ijvvoymVlcontF++fJksFkvENrARBEAABEAABEAABOJJAMJmPOkm+GzXL++zno9PC7zQlmtLpt7yNKWXJXzeX3Mm6w9VoErM1O1zNv27d1AXgpeihz8wyrHhQfJkzyK+M39pyHT796Qt2yqoT9E+4L1ylGxf3JJ7TG7fUa2R9df8M9qjsR8EQAAEQAAEkp4Az1C88847I4pTr9dTs2bNqFGjRvT000/7StnF1uLFi6lPnz6iX9NqteR0Oon/LMfq378/LVy4UNIUz+i855575HAFNkAABEAABEAABEAgbAIQNsNGpp4Nnj+2U853HYUDZDQ6soy+pJ4ggngq1V/T1GU+aauIv2EIPDLkUvSwiHno2vRirDI+UG3VkLHd1KA9P8MyI/Gw+8RSsq8azL7K7Oe6oC1/KxO0V8XieJwBAiAAAiAAAklL4NKlS1SmTBmfsBjuksrOFDsn2OCeHTt2+ARSORbP2uSl8Xziu9hq3749rV27Vg5XYAMEQAAEQAAEQAAEwiYAYTNsZCra4HGybEbWf1KwvGS6YwNpSzVRUSDSrkbTX5OfGo9SdN+5vM8mL0HnfT/Zz172s6nzHNJV7Rd37s6f/0fOnS8K7Ohrj6G0NpPibhsGQAAEQAAEQEDNBLp06UI//MCG74W4+PCdvn370iuvvCKZnSl1FO+9abfbRb/My9T5uXKt3r17+0rmxRYvR3e5XHK5AjsgAAIgAAIgAAIgEBYBCJth4VLfw9Y5FYkclwWOp7WdSvqahU8LjyjSBMxTsGYWZ8JhgW+2jRlkGX4ipBDiJ2wW8dsPYGLsPFcWYTNncVfynNsivPPWb5K+7riQmOAhEAABEAABEEhFAlarlbhQKZW5WJAJLxVfv3498Z6YkSyz2Uw5OTmiW3/++WfBsKFIzg9nT3Z2NtWqVUtyy/bt26l58+bhHIlnQQAEQAAEQAAEQEAWAhA2ZcGcOCO8JJmXJgcuQ6MJZGgqzOhLnIfRWbbOLEHkFk5EN3X7IqT+mtyyNZNlVvLSq4CJ6sbOn0UtQFpnMGFTIPR6KRbnhkLLNotNRHcJJ6Ib233MyuCHh7Idz4AACIAACIBAShKYMmUKPfzww5Kx88xFt9vt+zrPtlywYEFUWZUGg0EyEzIrK4tGjBgh6z3w+KRE3S+//JIGDhwoqz8wBgIgAAIgAAIgAAKhEICwGQolFT/jys4ix4ZxTGPTsB/+nou6ih3J2HOxiqPKdz348J/Cw4ybsJnJBhr5BNM8+6wFQK/lpC3fLr7c7X+SdU4VYV9VdumWwfuI0qvG1zZOBwEQAAEQAAGVEuBTwXnG4uHDh0UjKFGiBB06dIjeffdd4n04x48fTzVq1IgqWn4mP0ts9erVi5YsWRLV+eFuLkxo5SLu4MG8fzcWCIAACIAACIAACCiLAIRNZd1HzL3xXNhDOd+0FgpdWgObkH0x5rYScaC1oIDIhFtjl9BLvpNN2HQf/YLsa0blZovmqqrGUqw0/1girgc2FUiAj4aQZ86uAoOHSyAAAiAgQYCLiLfffrskn1mzZtHdd8e2jU/r1q1p69atojb5dHWHw8EKSq5/Qhr3uytMaJ04cSK98MILcfcBBkAABEAABEAABEAgXAIqFjYT0NAxXLpKeN7r8Q/IKbB4xqauQgcleBi5D77YWGZkgWXqtSzkzEj5hE0muMrQYzNnWR/ynFnDiORPZPcPDnovcs7YCQIgAAIgAAJJTqB79+60cuVK0SgrV65Mx44dI95TM5aLDyniw4qk1hdffEGDBg2KpclCz2rSpAnt2rVL9BlMRpftGtRhCJ+SquOe4CUIgAAIpAgBFQubKXJDMQjTNqcyeR1/CU7S33wnpbWbFoPTE3eEY8t4cu37WNAfk3tj6jKftFX6hORY/IRNJiYz4TV/8VL00AXXkJwXecg2uxx5ndcEX0lrxQYH1cPgoEiZYh8IgAAIgEByE9i/fz/Vq1dPMsg333yTnnzyybhAKFKkCPGhRWKrY8eOtHr16rjYFTv0008/pfvuu0/UHs8cvXLlCnF/sUAABEAABEAABEBASQQgbF6/jeT96NG5/Z/k3DtJ+LrTW8gy7CiRXr3foFrZkBxy3fhmwDz4F9Kk3xTS/8+smRbWC5M96iv18mc5xmLIj3Umm9buZtPaZe6x6RNq85M1fTFZBmwnKiH9hi0kUCnwUPL+CZACl4cQQQAEQCAKAvfffz998sknoidYLBY6e/asb1p6PNawYcNo3rx5kkdPmzaNxowZEw/TN5x59erVQuO89957iYufWCAAAiCgPgL4Tl99dwaPQSB0AhA2Q2el3ifddrLOZQNlXDyTL1/1SrvtA9LXGq3auKxZpf3CZsBEc42pDJmHhdZP0rntaSb4Ti6Q8amJvmScl8jPZBmbHsY6oDVWvDM2vVeOku2LW3LvM9ew1sj6qf6p2juG4yAAAiAAAiAQTwIXLlygihUrkt1uFzXDp6S///77cXMhOzvbN7RIavFemzyjkw/2kWNxAZcLnGKL+3L58mUym81yuAIbIAACIAACIAACIBASAQibIWFS/0OObc+Q6xcm4vlak/pFL42xBJmHn1RtcNaZJVhWpEMgTJq6fUHayr1Disk6iwmjTqEwypXIaHth2jc+RO6DmeyowF5crBQ9jBL5kAIo8JD7xFKyr+ITS9kl57ag1ZZtQ6bbxXuGRWIDe0AABEAABEAgmQj8+9//pn/+85+iIfHyaz4lvXr16nENmQuGbrdb0sZXX31FAwYMiKsPeYfz7NDp06dL2uLZpUOHDpXFFxgBARAAARAAARAAgVAIQNgMhVISPOO9fJhsXzZikQina5r6bSFtRl6Wn7oCjbY/plgZOudj6rc1ciZuG1lnlWXCInuD4mWsA3CHUyIfyU04f36TnDsnCrb6BwcVaEMQyeHYAwIgAAIgAAJJRsDlchEfDPT777+LRsanpC9atCjuUQcrR585cyaNHDky7n5wAzabzddH0+sV9LW5bvvxxx+nd999VxZfYAQEQAAEQAAEQAAEQiEAYTMUSknyDBfcvKx0m126PyImusU7izCe6KIRNqXK0Embxkq3L0bstmPNKHId+SKXb76qqTGXJfOdRyI+N5SNOYu7kufcFsGjaa3Z4KC6GBwUCj88AwIgAAIgkFoE5s6dS3fddZdk0HxKeteuXWWBwrNDpdaqVasKnZ4eawf50KK1a9eKHtu6dWvavHlzrE3iPBAAARAAARURQMdSFV1WirgKYTNFLpqHaZtXnbw2npWQ982zl8wDtpGmRH1VUohG2PQP93EKhgb5ytDbfkC6mqMj4+HL1izHemuybE0NLwf3Z2xq0kqSecheIgMrnY/jss0uzyaiC/tiGdt/Qroaw+JoFUeDAAiAAAgkjADeWUSFvkmTJrRr1y7RM+rWrUv79u2L6vxwNhcmbD700EP0wQcfhHNcVM8uXryY+vTpI3qGVqslp9NJ/GcsEAABEAABEAABEFACAQibSrgFmXywzizJRDfWkzJgpbV8nfT1H5XJg9iaiVTYlMzWZO5FU4buWDOaXEc/Z6fkT1hntVxkvmMNaUq3jG3wBU/jA4sy2cAiwWK2B+0hTbH49gaLb2A4HQRAAARAAARiT2DTpk102223SR7Mp6Tfd999sTcscWJhwiYXEXNycmQbIBRsOvqOHTuoWbNmsrGBIRAAARAAARAAARAojACEzRR6fVjnVCJy/JUrvPkD16QVI/Ndp1VJwS9s8snj+RmooQz+kRoaFG0Z+nXhOGBAk65EXTIO2B53vp4LeyhnYWvBcCjCRPS4c4cBEAABEAABdRK444476LvvvhN1PiMjg06fPk1Go1G24Lh4KdXXkjsh5wAhbq+wgUaff/45/d///Z9sbGAIBEAABOJKIHfoalxt4HAQAIG4EoCwGVe8yjrcsf5Bch2exeVMgWPGzp+RrmpfZTkbgjfWzKJMyBM2tzd2nsNi6VfobrFMT9/QoJ6LSVuhYwiWb3zEc/5HyvmuXS7bPJ94tuZG0pRqEtGZ4WxyHZpBjo088zafh65SNzJ2/yacY/AsCIAACIAACCQ9gezsbKpVq5ZknHxK+quvviorh8aNG9Pu3bslbU6aNIkee+wx2XzS6XTk8fBeBzeuO++8kz777DPZfIEhEAABEAABEAABECiMAITNlHp9sHLlLDax253jFwSZvull/zFUG0RpHWeqjoRYab2p1zLSlucCo/QSFTZ92Y2RDw2yr+xP7pMrBRmTmiKVWG/Ng7JwzVl2O3nOCBv9GxpNIEPTF2WxDyMgAAIgAAIgoBYCrVq1om3btom6yzMnT548SRUqVJA1nCNHjlCNGjUkbS5YsIAGDx4sm0/FihWjK1euiNrjoufly5fJYrHI5g8MgQAIgAAIgAAIgIAUAQibKfbacGx7hlx7JweUbzMAOhNZRp5XHQnbnIrktbPS+oBSdPOAHWwYUr2whU1j2ylRDQ2yMcHY68uWzM+Y5L1LeQ9TORafeE9s4n3gSmv9NpuIfr8c5mEDBEAABEAABFRB4OzZs1SxIvv+oUDFR57zfAo6n4aeiFVYn025S9Hbt29P69evl8Qwffp0uueeexKBCTZBAARAAARAAARAQEAAwmaKvSC8106QbUEdFrWwHN3U/SvSVuquKhrWrAwm5rHs0wBh09RreQgZmyzDgFdX+fb5hUh/OX7hJexScIRDg/KeYmXo/TaQJiP+Zehkv0DWuX8rcKfM/sBdpCleU1V3CmdBAARAAARAIJ4EnnjiCeJl3VJr4cKFxPtvyr3OnTtH5cqVkzQrd8Ymnwhfv359SX+48Ll2rbBSRG5msAcCIAACIAACIAACnACEzRR8HVjnsPIqh7C8yNDoaVa2/LyqaEQyPMg/Ef19gRjqFzbnRixsCkvi/YKxtlg1MrGJ5HIs99Evyb5mJP+/83VzGr2FzCPOyWEeNkAABEAABEBAFQR4tma1atV8E8bFVsmSJenChQsJiaVJkya0a9cuSdvvvfcePfoo76Ut3+rRowetWLFC1CAvR3e5XPI5A0sgAAIgAAIgAAIgIEEAwmYKvjQcGx8i1yFhT01dZTZoppu6Bs34hwcJG9sHEyitrHydHJduuPVg+6ReJuJDg4gNDVrPhgY1leXVlbOsD+uvuYbZ4sXwGvbDS/oawyit/TRZ7MMICIAACIAACKiBQLBszRkzZtDo0aNlDyVYtiZ3SO5SdG4z2JCl7du3U/PmzWXnBYMgAAIgAAIgAAIgEEgAwmYKvh48Z9dRztJeLPKAcnStnvXZZFkKGq1qiFgzi7GScpYtEEYpulj5um8ier+tpM24JezYEz00iDtsyypNXj4QKmAZmr9Chgbjw44HG0AABEAABEAgGQkEy9Zs0KAB/fzzzwkJnYuDO3fulLTNe2/a7XYyGAyy+1fYdPS5c+fSsGHDZPcJBkEABEAABEAABEAAwmaqvwaYCGZlYljBldZhOumrD1ENnYiETRExlLRseNKoCErP3FayzSrPBhDwrNHEDA1iiiZZM0sI7POJ96a+q0lbpqVq7hKOggAIgAAIgEA8CQTL1vz666+pf//+8XRB8my9Xk9ut1vy6/feey99+umnCfGtMGFzyJAhNH/+/IT4BaMgAAIgAAIgAAIgkEcAGZsp+lrwDZuxXxREb6gzhgy3SjfUVxoqf49NJioGZGwGGwIkuieSiehMzLQtqE1e62mGJXAQk4xDg7icefUY2T7PmwKf64fOzLJv/1DadcEfEAABEAABEEgIgWDZmo0bN6affvopIb5xo1qtVnJKOxcWbTZbQrI1uW/FihWjK1eEfdnzQHG/r169SmazOWHsYBgEQAAEQAAEQAAEIGym6GvAsflxch0QfvqvKVKZzEMOqIZIJMODIhFDxYDYWZ9St6BPad7QoOpsaJB8pWzuUyvJvmIAlzivJ41qK9xGpl7izf5Vc7lwFARAAARAAARiREDJ2Zo8xLS0NHI6naLRPvzww/T++2zoYYIWn36+fv16SesrV66krl27Jsg7mAUBEAABEAABEAABTEVP2deA99oJlnFY94b4TX3Xkba0PENvooUf0fCgCLI8b/DTbSPrrLK5g4u4oJlfhm4esI00JepHG1rI+5273yTnjxMFz+tr30tpbd4L+Qw8CAIgAAIgAALJSkDp2Zqce5EiRchqtYpewZo1a6hDhw4Ju559+/ZR/frS39fMmTOHhg8fnjD/YBgEQAAEQAAEkoIAlxQCC0GTIij5gkDGpnysFWcp57sO5Dm/0yfL8Una/B993bGUduu7ivNVzKHIemyGX75e0LZjzShyHfnC/wePD57/TyBduTZk7C1vpqR9cVdyn9sicDHt1ndIX2esKu4QToIACIAACIBAPAmMHTuWpk2bJmkikb0185yqVKkSnT7NW9vcuM6cOUPly5ePJ6KgZ/OhRS4XG9YospCxGRQfHgABEAABEAABEIgzAQibcQas5OOdeyeRc9tzfhdzxTmNLo3MfDq6ClZChM28bE1fb898SBpjBpmHHWW/p5eVnG1WGfK6bAKbxvbTSFfjTln9gDEQAAEQAAEQUBqBI0eO0M033yzZvzKRvTWPHj1KTz/9NG3dupV+//1339TzgstoNFJOTk7CsRYmbE6YMIHeeOONhPsIB0AABEAABEAABFKXAITN1L178pej1+GqplAYY9PRdSqYjp6IHpu+bM2jLFvzerom+yWbQm6+Yw1pSss8hdx+gXxDoALvj/liGbqf1bVVSeFXNkIHARAAARCIDQH2IR5pY3NUAk5p2rRpoUOBEpWt+euvv1K9evXI4XAEpfLzzz9TgwYNgj4XzwcKG27Ev8bFVy5+YoEACIAACIAACIBAIghA2EwEdQXZtM6pQOQQTrvUlmlBpj6rFeSluCuy99h0W1lvTVYO5nULStC1JeqQacAO2Xm5j35J9jUjBb6QoThZ7j4luy8wCAIgEEcC6LkTR7g4OlkJ8N6aFStWlMzW5Jmc2dnZCQm/bt26dOBAaMMa33vvPXr00UcT4mee0cIyNvkzX331FQ0YwAcZYoEACIAACIAACICA/AQgbMrPXFEWnT+/Tc6dLzCf8gfgcAdNXeaRtkpfRfla0BlZS9G9HrIvbEXui/uYG4EDg1i2Zt+1LFuzheyscpb1Ic+ZNb6M0TyX9DXvorR2H8vuCwyCAAiAAAiAgJIIBJuEPmXKFBo3bpzsLgcTXAs69Nprr9Fzz+W2DZLdW7/B1q1b+0rmpdakSZPoscceS5B3MAsCIAACIAACIJDqBCBspvorgAmaOV81J88lnjmQX5KuMZYk8/ATiqbjFzZZ9mRuf1Auzpp6LSNt+XaSfvvL13l/zLxYvWTs/BnpqvYrNFbHlvHk2p8rGAYODCpRl4wDtieEky2rNEseFfbeMjR/hQwNxifEHxgFARAAARAAASUQCDYJ3WKx0LVr1xLiajDBtaBTq1evpo4dOybE1zyjvFdpjRo1JH1YsGABDR48OKE+wjgIgID6CKi72Yn6eMNjEEhmAhA2k/l2Q4zNfXwR2b8fKhA2+VZj59lM8Osf4inyP+YTNnlZeMAydp5bqEhpzbQwYZOHmp91GYqwaZ1Zku3jvbAKZGuyEnRNiXryB8/itmaWYHYDMm1Z5qap72rSlpG516f80cMiCIAACIAACEgSCCYeZmZm0qhRo2QnGExwDXSIl3+/8sorvgFDSlia6x8I3+gNStGVcEPwAQRAAARAAARSlwCEzdS9+4DIvax3JOu16boqoKGveTeltZ2qWELhZmw6tz1Nzr2TBdmaXKgMJoYSn4SeVcYv32Q37AAAIABJREFUIgZma5asT8b+0qVZ8QTnvXqMbJ/nCaq52ac6M1lG/hFPszgbBEAABEAABBRNIJh42LBhQ9q9e3dCYggmuJYqVYpatGhBzZo185XJV6pUKSF+ihmFsKmYq4AjIAACIAACIAACBQhA2MRLwkfAsf1ZcnHRL2BpilQm85DQmtsnAmN+FmW+9cJK0a2zShM5rWELm47195Mre3bAPq5xst6a/TeTJqNRIkIn96mVZF/BG/Xniq3sV9oKt7FS/BUJ8QdGQQAEQAAEQEAJBIKJh4mahK5kwTWUeytM2Jw5cyaNHMmGGWKBAAiAAAiAAAiAQAIIQNhMAHQlmvReO0G2BXVvcM3Udx1pSzdVosssizKDZZmyHpOCHpvLJXtsivXX5Bmbpn5bSZtxi2SMfjv2/BakfFaPifcgPZkwLs6f/8eGPr0osK+vfS+ltXkvYT7BMAiAAAiAAAgkkkAw8bBx48b0008/JcRFpQquocA4ePAg1alTR/LRd999lx5//PFQjsIzIAACIAACIAACIBBzAhA2Y45UvQfmfNeBPOd3Xp+y7WWin6H2GCaWTVJkUOGWoosKm1ojWUZdlI7vhjJ0/qiX0lr+h/T1E/dNvH1pD3Kf3SjwO+3Wd0lf5z5F3hWcAgEQAAEQiIKArw1KFPtTZKtSxUMlC67BXhrnzp2jypUrk9PplHx006ZNdOuttwY7Cl8HARAAAdUTwMAj1V8hAkhSAhA2k/RiIwnLuXcSObc9Jyy51plY38bzkRwX9z3hDg8SHRzUdgrpao6W9NWxfiy5Ds9hWiZ7R5mXGcrL0AdsIw3rsZmoZZtdnrxOYU9UY+c5Qae7J8pf2AUBEAABEACBeBJQsnioVME1lPto3rw57dzJPvSWWFqtltxu4SDHUM7FMyAAAiAAAiAAAiAQKwIQNmNFUu3n8FaNVl6OzkuNhGkhpu5fkbZSd8VF6M/YdIVQiu4lx5Lu5PqdZziy2Jgw6Q8xyOAgr4esM9nkcQ/7hj0AicaYwcrQTySUh69fKC/Dz1tcbGUT0TWYiJ7Qe4FxEAABEACBxBBQqnioZME1lJvS6XTk8fAcJfHVr18/+uabb0I5Cs+AAAiAAAiAAAiAQFwIQNiMC1b1Hmqdw6ajO64IAjA0epoMTZ9XXFAhlaIzcdK+qAO5z/8o6n9hE9HtK/uR++Qq/77rZYBeMrZ6g3T1HkkoD+scNinV/pcwi3QgyyItkbgs0oQCgXEQAAEQAIGUJaBk8XDs2LE0bdo0ybtJ1DCjUF4svAy9XLlyko+mpaXRlStXiP+MBQIgAAIgAAIgAAKJIgBhM2zyyd3oyrHxIXIdmimgoqvcjYzdlPdpfCil6I4t48m17yNheb1vkjgvLSfJwUHObU+T85f3/YpmwTL0Ib+QJv2mEF858enEYp1Vlk14v+bPJPW9JNkQpO5fsszaHiH6hcdAAARAAARAIDkIKFU8PHLkCN18882sUIT/RX3jSuQwo1Bunvu3e/duyUf/+9//0lNPPRXKUXgGBEAABEAABEAABOJGAMJm3NCq82DP2XWUs7QXV8ryA9DqWZ/NC+y3tIoKKpRSdGtWSVay7bhR2OSRaM1scJB4/1DrrDJMOLT64w0sQzeVIvOw44nl4CuRL+4vqQ9Y/unuys3YTO6PBBL7koB1EAABEEhVAkoWD5s2bVroFHYlZ2v6vk1i/TOlRFn+9a+++ooGDBiQqi89xA0CIAACIAACIKAQAhA2FXIRinHDnUPWLNa/scBK6zCd9NWHKMZN7kgopejWTC4AijS11+rIMvQgS9ksLxpT/gR19uXc7E4uJJpuX0Xacm0SysFzYQ/lfNNaKNYy0dky+nJC/YJxEAABEAABEJCbgFLFQ14eX7FiRUlhkGdyZmdny40rLHuavKGJIrt4702bzUYGgyGsM/EwCIAACIAACIAACMSaAITNWBNNgvOsc//G+jdeFERiqDOGDLdOUlR0oZSiW2ez3lC8ZLvAMvffzKaaNxCNx7ntKXLu5WXo/nJ13+LzhvRGMvPM1QQvV3YWOTaMC+j7SaSr2ImMPRYl2DOYBwEQAAEQAAH5CJw5c4YqVaqkSPEw2DCjKVOm0Lhx7O9yBS/eO9PpdIp6+Mgjj9DkyZMV7D1cAwEQAAEQAAEQSBUCEDZT5abDiNOx+XFyHfhUsENTpDKZhxwI4xS/GFhgwHp4+4M8HUopuuP7oeQ6vlhwkrZMczL1WSN+Oi/zzsogctvznc8VN41tp5Cu5uiYxhDJYTnLbifPmbWCrYZG/2ADniZGchz2gAAIgAAIgIAqCShVPDzNsjVrVKtGOTk5olwtFgtdu3bjh65KuwQuGp8+fVrULS4qnzp1yjcRfd++fdSzZ08aM2aMr3wdCwRAAARAAARAAATkJABhU07aKrHlvXaCbAvq3uCtqe860pZuqpgoQilFJ/KQ62AmeU4sJa8hnfRV+5CuMhuwo08XjeP6JHQmcLLuUgHCLCtD77eN9bC8JeHxW2cy4dXD+oYGrLRW/yV9vYcT7hscAAEQAAEQAAE5CHBhrUaNGr5yaLGVSPEwmOCamZlJo0aNkgNTVDZGjhxJs2bNuuGM9PR0atasGa1dK/yQ9dVXX6V//vOfUdnEZhAAARAAARAAARAIlwCEzXCJpcjzOd91IM/5nf4BNbkZi/o691Pare8ohoA1sygT+JgAGVAubuwyl3RV+0Xko68E/ZcPAoby5Jeia/RmMo8QHzQUkbEIN3n+2E45izqy3QETjVhqrHngT6QpXivCU7ENBEAABEAABNRFQKniIe+tWa2QbM2GDRsWOmlcSbfABzO1atWKzp8P7fsf3nfzwIEDvknwWCAAAiAAAiAAAiAgFwEIm3KRVpkd595J5Nz2nHBAjY5NER/5h2IiyR8MlD8d3Nh5DhM2+4fv4/USdN5LKmDaONc29RYyD94rOWgofGOR77CvHEDukysEwqbGlJH4Se2Rh4SdIAACIAACIBAWgWDZmo0aNfJNIy9s+E1YBsN4OJjgqvRJ6AVDPXz4MI0YMYJ27twp2W8zcM8bb7xBEyZMCIMYHgUBEAABEAABEACB6AhA2IyOX9Lu9pej1xEIaDxYU88lpK3QXhFx+4VNJkT6enn6Mxg1xlJkHn48bP/yS9BzM1QVNgk9LyAbm1jvZZPredBelrWpYf/V3/IEpbV4LeyYsQEEQAAEQAAE1EiAD92ZOnWqpOuJEg+DZWs2btzYJ7iqZR08eJC4SGy3877joa0nn3yS3nzzzdAexlMgAAIpQCDOQxdSgCBCBAEQCE4AwmZwRin7hHVOBSLHFUH8hkZPsyE1zyuCiXXuTUQ5LIOUa5oBf2ca208nXY2hIfroJfuSbuT+fXNuCXqBSegGZZSg+4KxXyDfxPqCZej9t7IJ74nv/RkicDwGAiAAAiAAAhETOHnyJFWtWpV1ouG9sG9cTZo08WUXIlszYsTXN9auXZsOHToU1kGrVq2iLl26hLUHD4MACIAACIAACKQ6gdwZJxFigLAZIbhU2Obc/i9y7n1XEKquUhcydl+oiPCdW1lPzH28JybX+vLUTfZrnZGVju8jjbl8oX56fvuS7JueIC8TDP3V58otQefeuY98Tva1o3Njys1QZQORzHefVcR9wAkQAAEQAAEQiDeB1q1b09atWyXNIFszNjfAy/35VHQv77UewuL9NSdPnkw8mxYLBEAABEAABEAABOQkAGFTTtoqs+W9eoxsn9cXeq01kGX4MSJDMQVE4yVrVlmm+Fn9vgQMOiJ9EbKM+J39Jptsfn15ybXnXXId+pS8tnPkdVwLGDyk7BJ0HkLO0l7kObueB3o9Iv3Nwymt3ScKuAu4UBgBFOHg9QECIAAC0RM4ffo0Va5cWVJs40NreIZhIrI1H3zwQfroo48kg0yU4Bop9WC9QvPO1Wq1dOedd/r6avJSeywQAAEQAAEQAAE5CESX4SiHh3LagLApJ20V2rJ92YS8l7MFnhs7zCBd9cGKiMaXtcknmWuYdJSn9+X12zSxfpvDjpPn2Nfk+uVDcl/YxcTMq36/c5/x/dqXjVCwBN3EpqD/qYgY85zI76+Z75ah5etkqP+IovyEMyAAAiAAAiAQDwJcQJs/f77k0ZmZmTRq1Kh4mC70zGPHjvkmoUtlN6qtt2aw4UwcRvHixYmLuY8++qgvsxMLBEAABEAABEAABBJFAMJmosirxK5zx/Pk3POOwFtdtUFk7DhTIRF4ybF+HLkOz+IKZUCvTb/KqTEUZ2LmZf4rYWtK/sXriY8FStBZVqp56EFFTEEPhGzNZFmybHr79cUEWdMd60hbuplC7gJugAAIgAAIgEB8CGzevJnatGkjeTgX2i5evJiQbM0WLVrQjh07JH1LtmxNXm7+9ttvk8lkis9l41QQAAEQAAEQAAEQCIMAhM0wYCXto4XUyXr+2EY5izoLQzcUJcvdp/1ioUKWNSuDlaSzaeEFW0EFZmYG+no9SzMg01OrJ0PDv5Oh3oOKEzXJZSXrrDK5EeRx95Jl9CV2DXqF3ALcAAEQAAGFE0BfCIVfkLR7TZs2LXSiOO+72bJlS9njO3XqlK88Xmrx8vjsbGHli+xOhmEwWLZmIoczhREGHgUBEAABEAABEEghAhA2U+iyIwvVS7Z5NVlPSuGAGlOfH0hbRv43EFIxOL4fSq7ji6RDvKH3fV75uf9njUbHhvCcItIXjQxTnHfxdgC8LcD1rFTutaUsme88GmfLOB4EQAAEQAAEEkvgnXfeob///e+STjz00EP0wQesLU0C1siRI2nWLF41Ir5mzJhBo0ePToBnkZnkLD/88EPJzWrLPo2MAnaBAAiAAAiAQHwJoENmbPlC2Iwtz6Q8zbH+flbqPTd/OA/TAvW1x1Dabe8pKF4PWWeyrE2PU+hTXmYm/93rfTj5oCAdaYtWZ0OQLKSr1JUMt7A+labCp6gnMljPmTWUs6yPwAVt6aZk6rsukW7BNgiAAAiAAAjElcDly5cpIyOD3G63qJ2SJUvSb7/9RsWKyT/UcM+ePdSoUSPJ3ppFixYl7r9a1uHDh6lWrVqS8SBbUy03CT9BAARAAARAILUIQNhMrfuOKFr3kc8pZ+09gsJzjd7Chuuci+i8eG3yZW0eK5i1Gdg/k/9aR/qad1Fa67cUm50pxsd1eA7rJfqA4Eu6qn3J2PmzeOHEuSAAAiAAAiCQcAI9e/ak5cuXS/rBMzV5lmEiVo8ePWjFihWSpteuXUvt27dPhGsR2axfvz7t27dPci+yNSPCik0gAAIgAAIgAAJxJgBhM86A1X68L0XaeZmssysKQ+GDa3otIW2FDgoK0UOugzPIzbJLvTYuuuYN2mE9KQ3pqsjMlILp3P0GOX98WfBlfb1xlNbqTQXxhysgAAIgAAIgEDsCNpuN0tPTyeMJGJwXcDyfRM77V+p0utgZDfGk1atXU+fOBXqQB+wdMmRIoRPcQzQj22ObNm2i2267TdIe7xV66NChhAxnkg0CDIEACIAACIAACKiSAIRNVV6b/E7bZpUnr+uqwHBam3dZSfp98juTghYdGx8m1yHhJHpD81fJ0OCJFKSBkEEABEAABFKBwOTJk+mxxx6TDHX27Nl01113JQRFgwYNaO/evaK2DQYDHT16lCpVqpQQ38I16nQ6fSX1+/fvl9zKp6CPHz8+3KPxPAiAAAiAAAiAAAjEnQCEzbgjTg4D9tV3kfu3hYJgDE1fIkOjJ5MjQIVHkfNNK/Jc/EXgpbHDdNJVH6Jwz+EeCIAACIAACIRPgGdp1qhRw9c/U2yVLVuWfv/99/APjsEOLqiOGDFC8iQuAHIhUC3rjTfeoKefflrS3SJFitCVK1eQramWC4WfIAACIJAkBHLH/SZJNAgjngQgbMaTbhKd7TowjRybhdmB+puHU1q7j5MoSuWGYssqQ163TShsdppJupsGKddpeAYCIAACIAACERJYsGABDR06VHJ3ovo98uxGXgJ/6tQpUd/4ECOerckHHqlhnThxgmrXrk287F9qrVmzhjp0UFLrITWQhY8gAAIgAAIgAAJyEYCwKRdpldvxnF1HOUt7syjY5ya583g0pRqTud/GGETm6+QZg3OS9Aivm018L8m4B/YY8zL2W0iT0SBJg0ZYIAACIAACqUyAl0b//PPPogj45O6DBw8mBM+bb75JTz31lKTt119/vdDsx4Q4XYjR3r1709KlSyWfePDBB+nDDz9UmtvwJwQCyHQKARIeAQEQAAEQSAoCEDaT4hrjH4TX9jvZ5lVnhtggnryl0ZFl1AX2W/I37Y9/xMqx4L16jGwL6vkd0uTy1xnJMvJP5TiZwp7gjUMKXz5CBwEQiAsBPk28Y8eOkmdnZmbSqFGj4mK7sEN5diPP1nS73aKP8Z6ahw8fJpPJJLtvkRhcuHAh9e/fX3Jr+fLlfQODihYtGsnx2AMCIAACIAACIAACshCAsCkL5uQwYs0szrIGhd/Mm3otJ2156SmayRF5YqNwn1pJ9hUDGPvcVFnmDmdu6r0isY7BOgiAAAiAAAjEgUDfvn1p0aJFoifz3pq8DFyv18fBcuFH8kxRPoVdaiVKcI0EBC895yXoXKyVWvPmzSu0HUAkdrEHBEAABEAABEAABGJNAMJmrIkm8Xm2edXIa/tDEKGh6b/YAKFnkjjqxIfm3P0GOX98WeCIvva9lNbmvcQ7Bw9AAARAAAT8BJC+HZNXAi8xr1u3LvssL//DvMCDE1Xq/c4779Df//53yRhvuukm+vXXX0mrVUdrnQkTJtBbb70lGU+nTp3ohx9+iMmd4hAQAAEQAAEQAAEQiCcBCJvxpJtkZzu3PUPOX94XRKWr1I2M3b9OskiVFY59STdy/75Z4FTare+Qvs5YZTkKb0AABEAABEAgSgJDhgyhzz//XPQUs9nsm4Qud2n05s2b6bbbbpMUW7mzn3zyCd13331RRi/Pdi4e169fX7Kk3mg00r59+6h6dd6CCAsEQAAEQAAEQAAElE0Awqay70dR3nn/2k+2r1sIfdKmkeXuM0Ss5yNWfAjYZpcnr/Oq4HBjh2mkq35nfAziVBAAARAAARBIAIHjx49T1apVJS2PHz+e3n777Th4Jp1uy33iJeh2u13SLi+P54KrWhYXaTdt2iTp7sSJE+mFF15QSzjwEwRAAAQURQAFHIq6DjiTIgQgbKbIRccqTNv8WuS1nhaKbCxjk2duYsWBAJuEbp1Z7Pokep8FVp5n/r+fSVOsRhwM4kgQAAEQAAEQSAyB9u3b0/r160WN8xLv3377jf72t7/J6hwXWrm4KbU0bKjf7t27qUGDBrL6FamxqVOn0rhx4yS38yzNAwcOkMFgiNQE9oEACIAACIAACICArAQgbMqKW/3GHJseI9fB6f5BNmxAt5f9R19zBBnbfqj+4BQYgefCHspZ2Dq3d1vuRHQtm4g+ChPRFXhdcAkEQAAEQCBCAnyYDS8xl5o43q1bN1qxQt6hecH6avJQ58+fT7x8Xg3r7NmzPmHY5XJJusv7avL+mlggAAIgAAIgAAIgoBYCEDbVclMK8dN9fBHZVw1lomauyMb90lvIMuKcQjxMLjdc2Vnk2PDQdSGZD6fQVeZ9Tb9JrkARDQiAAAiAQEoTCJZJuGHDBl+fS7nW119/TYMGDSq0r+bw4cNpzpw5crkUtZ3mzZvTzp07Jc8ZNmwYzZ07N2o7OAAEQAAEQAAEQAAE5CQAYVNO2slgy3WNrLPK3RCJqddS0pZvlwwRKioGx+bx5DrwicAnQ6MJZGj6oqL8hDMgAAIgAAIgEA2BevXq0f79+0WPKFWqFJ0/fz6a48Pay/tlVq5cudDMxmLFivl8UkvJ9rp166hDhw6SHEwmk6/Uv1y5G7/HCwseHgYBEAABEAABEFAoAQ/zS6tQ36JzC8JmdPxScrdt7t/Ia78IsU2G289Z1JE8f+wQWDJ2nku6qnfIYB0mQAAEQAAEQCD+BL7//nvq2rWrpKGPP/6Yxo4dG39Hci00a9aMfvzxR0l7vK/mli1bqGXLlrL5FI0hXubPhWMuXEqt559/nl5++eVozGAvCIAACIAACIAACCSEAITNhGBXt1HHxkfIdWiGIAhtxc5k6vGdugNTmve+wUEZrAxd2AvLPGQ/aYrIOzxBaWjgDwiAAAiAQPIQ6NGjh2T/TD5x/NSpU6TX62UJmIuAFoulUFtZWVk0YsQIWfyJhZFHHnmEPvjgA8mjSpQoQRcuXGBdhgLaDMXCMM4AARAAARAAARAAARkIQNiUAXKymfCcXUc5S3oJ+2xqDWQZyQbaaJIztTkRd+gfHHSr0LShGFnuFk6lT4RvsAkCIAACIAACsSCQnZ1NtWrVkjyKZxHybEK5VrBen2PGjKFp06bJ5U7Udnhv0nbtpFsFcTFz06ZN1Lo1G1SIBQIgAAIgAAIgAAIqJABhU4WXlnCX3TlkzSrD3GCTbK4vLxl7LCJdRUzSjNX9XB8cFHCgrlJXDA6KFWCcAwIgAAIgkHACvJx7+/bton5otVrik7zLlOHfc8izCuv1WaRIEbp48aJq+mry7NO6devSsWPHJOHJLRzLc4uwkjwE+HsNZBInz30iEhAAARCIDwEIm/HhmvSn2uZUJK/jsiDOtDaTSV/7nqSPXa4A7Sv6kfvU9wJzGBwkF33YAQEQAIEgBPB+O+qXyJkzZ6hSpUqSk8e7desmWaIetXGRA4L1+pwyZQqNGzcuHqbjcmawEvS2bdvS+vXr42Ibh4IACIAACIAACICAXAQgbMpFOsns2L8fSu7jiyG6xfFerbMrEDmvCMXjtlNIX3NkHK3iaBAAARAAARCQh8ATTzxBkyZNkjS2cOFCuuMO+YblKanXZ7Q3EKwEPT09nfbu3UtVq1aN1hT2gwAIgAAIgAAIgEBCCUDYTCj+POMe9gt19aa8XibtZSkrrELEy/6jK9eWTL2XKYJoMjhhyypFXrc9IBQvmXotI2156V5ZyRA3YgABEAABEEh+Ajxbs0aNGsTLpcUWH2jDy77lWkrr9RlN3KGUoKst+zQaHtgLAiAAAiAAAiCQ3AQgbCb3/cYtOt9gm29Yo/nACZoaHVlGX4qbzVQ72DavBnltvwuETfOA7aQpUS+pUahP5k/q60BwYRDAazcMWHg05QkEy9acPn063XOPfO1tlNbrM5oXCErQo6GXoL1obZEg8DALAiCgdgL4/lvtNxgb/yFsxoZj6p3i9ZA1sziLO3CAELGMwqXIKIzRq8H2dQvy/rXPlw2r4ZzZP+aByS9sxggfjgEBEAABEFAogWDZmg0bNqRdu3axz07lGRrCBxRVrMh6h/MqFJEld6/PaK5t2bJl1KtXL8kjUIIeDV3sBQEQAAEQAAEQUCIBCJtKvBWV+GSdU4nIIczQNDR+hgxN/qWSCJTtpu3r5kzYPCBw0jxgW9JnbCr7VuAdCICA+gngs/1E3+HYsWNp2rRpkm58/fXX1L9/f9ncDJY9Knevz0gD54LxTTfdRA6HQ/IIlKBHShf7QAAEQAAEQAAElEoAwqZSb0YFfjnWjSHXr/N9OZt5GYXaSl3J1GOhCrxXvou2+bXIaz1dQNjcyoTN+sp3Hh6CAAiAAAiAgAiBI0eO0M033yyZHdmkSRPauXOnrNma1apVo5ycHNH7krvXZzQvGs6OZ7pKLUxBj4Yu9oIACIAACIAACCiVAIRNpd6MCvzynF1HOUtyy53yysW0rM/mSNbsX6OuYUhKxG2dVZbIZRW4Zur+JWkr9VCiu/AJBEAABEAABIISaNq0Kf3000+Sz8mdrXnvvffSjBkzJP2Ru9dnUIASD2zbto1atWolud1kMtGBAwcwBT1SwNgHAiAAAiAAAiCgWAIQNhV7NSpwzJ1D1qzSNziadtv7pK81WgUBKNhF3sN0JuthWqDfl6nfVtJmIGNTwTcH10AABBJMADM4EnwBhZjnpdKVKlWSzNbkmZyHDh2SLVvz+PHjvtJtqd6aDRo0oJ9//lm5QHM94/7zbM3du3dL+vrf//6XnnrqKcXHAgdBAARAAARAAARAIFwCEDbDJYbnBQRscyuT1/6X4Pe0ZVuQ6fbVIBUFAfGp81o2df5yFKdiKwiAAAiAAAgkjkCw3ppy939s3bo1bd26VRKI3Nmjkd4M71fK2UqtkiVL0oULFyI9HvtAAARAAARAAARAQNEEIGwq+nqU75xz1+vk/OnVXEf9k7v5MnaZS7qq/ZQfgEI9dB2aTo6Nj/p55g6F1VXsRMYeixTqMdwCARAAASEBZE7iFRFIIFhvTYvFQlevXpUtW9NqtVLRokXJ4+HDpG5cNWvW9GWPKn1duXLFV15+8SJrAySxVqxYQXyyOxYIgAAIgAAIgAAIJCMBCJvJeKuyxuSlnK+akefSwXwFjts3lSbLsN9k9SSZjNmX9SH3mTWCkAyNJpCh6YvJFCZiAQEQAAEQSBECwXprZmZm0qhRo2Sj8cEHH9AjjzwiaY/33Rw9erRs/kRqKNhE90GDBtEXX3wR6fHYBwIpRAAfx6XQZSNUEACBJCMAYTPJLjQR4biPLyL790OFwibXNnt8R1qWZYgVPgHr7ApEziuCjWm3vkP6OtKlZuFbwQ4QAAEQAAEQiD+BYL01a9SoQdnZ2bJla/KelLVq1aLDhw+LBp+enk48E1Lpa//+/cT7gLrdblFXjUajL+u0SpUqSg8F/oEACIAACIAACIBAxAQgbEaMDhvzCXjJxoQ4r/OqAIqh4d/J0OxlgAqXgG9wULHrZf3+7V4y9dvOBgfVC/c0PA8CIAACyiWABBnl3k0MPVNab82FCxdS//79JSPMysqiESNGxJBAfI5q164dbdiwQfLwF154gSZOnBgf4zgVBEAABEAABEAABBRCAMKmQi5C7W44tz9Lzr2TBWHoKnUjY/ev1R6a7P77BgctbM3s5jbX5B5o9WQZJRzSJLvnXQxtAAAgAElEQVRjMAgCIAACIAACYRJQWm9N7n7Hjh1p7dq1opFUq1aNfv31V9myR8PEef3xb775hgYMGCC5vUKFCnT06FHiWZtYIAACIAACIAACIJDMBCBsJvPtyhib96/9ZPu6hdCiNo0sd58h0uGb6nCuwpWdRY4ND7EtXvZDw354SVexCxsc9G04x+BZEAABEAABEEg4gYYNG9KePXsk/ZC7t+bu3bupcePGkv68//779PDDDyecW2EO2O12Xyn98ePHJR+bP38+DRkyRNFxwDkQAIFICKDUIRJq2AMCIJDcBCBsJvf9yhqdbX4t8lpPC2zyjE2euYkVOgH7in7kPvW9YAMGB4XOD0+CAAiAAAgogwDPGKxevbqkM7HorclnmmvDCHfo0KG0YMEC0R18SvrZs2eJT2hX8nr55ZfpxRelhwm2bduW1q9fr+QQ4BsIgAAIgAAIgAAIxIwAhM2YocRBjk2PkevgpwIQ+tr3UFqb9wEnDAKig4PaTiF9zZFhnIJHQQAEQAAEQCCxBG677TbatGmTpBNTpkyhcePGyeYkHxZUs2ZNSXvPPPMM/ec//5HNn0gM/fLLL8SzYD0eLuneuDQaDfFn6tatG8nx2AMCIAACIAACIAACqiMAYVN1V6Zch0Wno+vNZBnxh3KdVqBntqxS5HXbAzxjg4N6LSNt+XYK9BYugQAIgAAIgIA4AYPBQC6XS/SLJpOJrFarrL0sCyuL12q1dOLECapYsaKir7Nq1aqFlqBzoZgLxlggAAIgAAIgAAIgkCoEIGymyk3LEafrGllnlWWWAobesP9l7P4NK0fvKocHSWHDNqcSeR2XBMKmecB20pTARPSkuGAEAQIgAAIpQOC3334jPohHasmdrblx40biJdpSq3PnzvT998I2MEq7Jt7/89FHH5V0q0iRInTs2DEqVaqU0lyHPyAAAiAAAiAAAiAQNwIQNuOGNjUPts6tQmT/UxC8vvpgSuuQmZpAIojaJw4zkThvcBD7BZl6I2MzApTq24J+8Oq7M3gMAiAgSuCjjz6iBx98UPRrPJOTD8DhZdNyLLfbTU2aNCl0iNGcOXNo+PDhcrgTkQ1eXs5jcDqdkvt5382XXnopovOxCQRAAARAAARAAATUSgDCplpvTqF+O7Y+Ra5fPmBJmwFvVnQmsow8r1CPleeWX9i0Chwz9VqKUnTlXRU8AgEQAAEQkCBQv3592rdvn+hX+/fvT19//bVs7P73v//Rk08+KWkvIyOD/vxT+KGsbM6FYMjhcFCDBg3o0KFDkk+np6fTX3/9RTqdLoQT8QgIgAAIgAAIgAAIJA8BCJvJc5eKiMR77QTZ5tcRCpss5dDUZw1py7RQhI9Kd8L2WXXy5pwLcNNLKEVX+q3BPxAAARAAgTwCZ86coUqVWFsVL09Dv3E9/fTT9Prrr8sC7OTJk3TTTTcRz9qUWsuXL6fu3bvL4k8kRh577DGaPHlyoVuXLVtGPXr0iOT4hO9BsULCrwAOgAAIgAAIgICqCUDYVPX1KdN56+zyRM6rAufS2rxH+tr3Jt5hPkRUm3g3CvPAtqAWea+eErQqhbCp7DuDdyAAAiAAAvkEnnjiCZo0aZIkkrVr11L79u1lQda0aVP66aefJG3dddddNHv2bFl8icTIqlWrqFu3boVuffbZZ+nf//53JMdjDwiAAAiAAAiAAAiongCETdVfofICsP9wF7mPLRQ4Zmg0gQxNX1Seswr0CKXoCrwUuAQCIAACIHADgZ07d9Jrr71GBw4c8A0Kuv/++6lly5ZUo0YNstlsosT4YJvz5+VpT8PL3QcOHCh5c3zYztGjR6lMmTKKvF3OqW7duoXy6tq1K61cuVKR/sMpEFA7AWQTq/0G4T8IgECqEICwmSo3LWOcruwscmx4iFnML0HjU9GN3YVip4wuqcqUNSuDyO0Q+Iwem6q6QjgLAiAAAklPQKrEm4uF165dk4z/ww8/lBwqFEtovGdmxYoVifenlFr/+te/6JVXXoml2ZiexTM1ecam1CpZsqSv72bp0qVjaheHgQAIgAAIgAAIgICaCEDYVNNtqcRXz4U9lLOwtV/XzBsipNWTZdRfKokgsW5aZ5Yg8rgCnGA9SnthKnpibwXWQQAEQAAEAgkEK/EWo8UH4OzevVuWaejt2rWjDRs2SF5a8eLF6eLFi7L4Eskrh/fU5L01C1uLFi2i22+/PZLjsQcEQAAEFEAAObEKuAS4AAJJQQDCZlJco8KC8HrIOrO4b2iAhqubuYmbpv5bSZtxi8KcVZ471lmsJM7JpqIHDJaHsKm8e4JHIAACIJDKBAwGA7lcgR/CBafBS8P5RPR4r2DDi7j9zf/f3p0HW1bV+wFf5/R0aRsQmodDIyqYZsahNUBhwaMhBodScTYqOCYRUIQy4B+WaKy8iK9E0IKnVcYHUiKFKFKAKUDmB5RAogwhQSmGCEa0lfk29HBO9r7dDbe773DOPefsvddan1NF2cPee/1+n98W7v3ePdxySzjwwOKHsA383H333WHFihUzXm362c9+Npx99tkNrF5JBAgQIECAAIFqBQSb1Xpns9r4ueXt1M9Nejt6cdXhkZeG9stWDmCQx0/1Vv/45aG75slJTt6KPsBJY1cCBAgQGIFAa9MdGT0e+/Wvf30on8nZ7349Hn6zzT7zmc+EH/zgB9PuesIJJ4QzzjhjLoce+T7lrfPlla3lLebTfZYvXz5x5evY2NjI67EAAQIECBAgQKDpAoLNpk8o0vrGz9m+uFJzffFPEUYWVx6W124u+tf/EObvM/NtVZG2O9Syx8/dYcMzNje7YvOXof3SQ4e6joMRIECAAIG5CixatGjGKwonH/cVr3jFRKhZxUt67r///vCa17xm4q6RqT7bbbddeOKJJ+ba9sj3K28/L29Dn+6zcOHCCct993UHzMiHYQECBAgQIEAgCgHBZhRjiq/I8eKqw/Bc8Y3DpCs6WoteHLb5dw/H10zFFY+fs+2GQHjyp7BbzK7iSViOAAECBKYTKN9+ftttt80IVL5IqLwy8kMf+lBYsmRJJZizPfvzJz/5yUQ9TfxcccUV4cgjj5yxtNNPPz2ceOKJTSxfTQQIECBAgACBWgQEm7Wwp7/omn/5bCjfjr7ZZYfF78aOuDC0X/G29AEG6HD8n7f85m9DyDn2Ls8oHYDVrgQIECAwRIFrrrkmHH744dMecf78+eGiiy4K73rXu4a46syHmu3ZmuWVnOUt3lXcDt9v03/4wx/C7rvvHtauXTvtruVb0q+88sp+D217AgQIECBAgEDSAoLNpMdbZ3PFC4TO2zmEdc9uVsSCfU8IC970X+osrPFrj/+oeD7puvL5pJtK3fBs0UUrzw/zXlndN4iNh1IgAQIECNQqUF6F+cwzz0xZQ3lL9Zlnnllpfccff3w466yzpl2zfNlO+dKdpn1KwzLUfPTRR6ctbYcddpgIZXfaaaemla8eAgQIECBAgECtAoLNWvnTXnzNLSeEdf/nv028FH3T29Hby44IY//2krQbn2t3a54Ia//XWWHdHf8Qup0Nzybd8BFszpXUfgQIpCDQKZpop9BIcj284x3vCJdffvmUfR1yyCHh+uuvr6znBx54YOLZmp1Oeb5s/Vm8eHF4+umnG3e15urVq8MRRxwRbr755hmtLrvssvD2t7+9Mk8LESBAgAABAgRiEcgq2PStUbWnZedPN4Rnf/nWDYtuetZme15YfPRjxe8T+Ca12wndx+8J6/7v5aFT/NNtzw/zlrwqdJ5bVbQ7r3hM5vrQWrRTaC1YEjpPP7j5n223ewirHy3+/IHi6sw1oTv+/4pf3x/CRKBZnKkTWeaktwcVv1208ieu2Kz2FLYaAQIECMwg8Itf/CIcddRRU25R3u791FNPhfI5m1V8Xvva14Y777xz2qXOOeeccMwxx1RRSs9r9Bpqlrfzl9Y+BAgQIECAAAECWwtkFWw6ASoWWP9sGP/RxlumJr0dfeEbvx4W7NewB9+XV0ve809h/UO/CK35S0L7JQeGMG+bjeFjEUqWAeV2u4XO478L3WeKFyCtfTJ0nnqoeHv5+KQQskgjN1xcOcuflXOYtO3zl2ZOemFQEZpOXKE06arNsXfdGto7egtqxWex5QgQIEBgGoG//e1vYenSpdP6fOxjHws/+lH5vO3Rfm644YZw6KGHTrvIbrvtFu67775GXa05Pj4eyhcd3XvvvTPijI2NhT//+c9h222LFwv6ECBAgAABAgQIbCUg2HRSjFRg9fm7hO6z5RWaZWi34SrN2t+O/nyIeXERTBYP6V//XOg8U4SUE1dLTr5KclP4uPHPJsLZza+ifCHJLDvbLNXc6DrVn82w7fPZ5sb9Ni7XWrA4bPPRv4x0Vg4ekYDLzyMallIJpC1QXpFZhnRTfRYsWBCeeOKJsM02xQ8KR/Qpr3rce++9w4MPPjjtCt/5znfC5z73uRFV0P9hn3zyyfCqV70qPPZY8fXRDJ/S7/bbbw/7779//4vYgwABAgQIECCQiYBgM5NB19Xm2jtOC2v/538ult88EKzk7ejPrgprf/fDsP6B8irMseK14n8Xuo/970m3fJcqm+raFEBOltriz0YRbE4+ZvnriZI2Bqrlr9sLwoL9TwwL9v6PRf0vrWuM1o1NYKrTObYe1EuAQBQCn/rUp8IPf/jDaWu94IILwgc/+MGR9XLaaaeFL33pS9Mef7vttguPP/54o67W3GOPPSZeBDTTZ9myZeGqq64Ke+2118jsHJiALxecAwQIECCQgoBgM4UpNrqH7sa3o6/erMqRvB29uH27s+r2sP7hKyf+6az6H5vfEr5ViDn5y7kegs3nr8ic1MqWwWR5Redsf1buvmmbzcLSsoZ5Yd6Ll4fuvLHQXvq6sPCA/xrCfLefNfoUVxwBAgQyFiivmCyv2uxu+uHcFhYnnHBCOOOMM0YmVN5mXr44aKpP+ZzP8orH8pbvpnxmC2LLOvfZZ59w4403hvJN6D4ECBAgQIAAAQIzCwg2nSEjF9j0dvQNKeOGz7xd3x4WHX7h4GsXt5Wv+e03wvoHLy5ueS9u1S5uK3/hM11wufHPpwogJ1e01RWaW4SfxTdM7aWvD60XvaJ4F1K7uMV+h9Atbm3vjhfP4Cz3Lf5pbVM8Y7S1oKjt0Ul/9nehtWTX0F39l2LbR4p954fO2vEwr3hj/IK9/4Mgc/CzwhEIECBAoC+Bwa7bevOb3xxuuummKVc88MADwy233NJXNf1svP3224fy1u6pPmWgWgarTflceeWV4cgjj5w2BC7rLIPaMowVajZlauogQIAAAQIEmi4g2Gz6hBKob+Lt6P+9eDv65Dd9F7dYLz76r3N7O3oRZq576NIizPx5cWXmVYXQpJfubOY16Ru1Wa+i3Hi15EsOCK0X71kEkuVt393iRUGPbAgfF+1YhJGvLALKv038vl2GkP/qIyEs2D6BCWmBAAECBAjMXWCmt6O3ix/8rV27NpT/O4rPF7/4xfCtb31rq0MfccQRE7dyN+VThpVlAPzcc5N/ALt5dUuWLAkPPfRQ2HHHHZtStjoIECBAgAABAo0XEGw2fkQJFFi+Hf284vmW5RWMm94GXrS16MjLwryXH9Zbg8XVmGvu/Mew/v6fF1c6Flc/Ph9mznCVybRXZE4KMRe/NHSKsLKsw9WSvY3CVgQIECBAYLLAbG9Hv/XWW8Ob3vSmkaCVX1uccsop4fTTTw/r16+fWOOAAw4Iv/rVr0IZFDbh89e//jXssssu4dlnn522nIULF4bf/va3nqnZhIGpgQABAgQIEIhKQLAZ1bjiLXb83KXFbeLFF/TPv1W8G8aOvDS0X7Zy6qamel7mFi8g2rDjTLfPdUO7vPryRcuKf3YpXsSzMHSe+L0QM97TSOUECBAg0FCBsbGxaa9GvOSSS8I73/nOkVb+yCOPhPLK0fJW7re85S1h3rx5I12vn4OXz/j8zW9+M+0u8+fPD9ddd104+OCD+zmsbQkQIECAAAECBAoBwabToBKB8XOKW7a76zfGkBve+r3wgG+E+ft8brP1195zdlh3zz9N3AIeOmsm/d00AeaWz8EsXroz71VHhfm7/JuJZ1aG4hZyHwIECBAgMK3AYI+XBLtRYNtttw1PP/30lB533XVX2HfffbO0Kl9sVIatM33Kt8p/4hOfyNJH0wQIECBAgACBQQUEm4MK2r8ngfEfvzyE557YsO3GqzZbC7cL23zkj8UfdMPaO08Pa4uXAIX1m789/fmDb/UinxeWbS1aWlyZuUeYt8fHw/zdP1wu0FNNg27UKQ4wmieGDVqZ/QkQIECAQLUCixcvDuUb0qf6XHfd9eHQQw+ptqCaVitfZPT1r389XHPNNeHxxx8PDz/8cFizZvIPajcvbNdddw2XXnpp2H///Wuq2LIECBAgQIAAgbgFBJtxzy+a6tf8y2fDut//aGPo+MLLfhbs+e/DugcuCt3n/raxl+lCyU37bPj7VvHyoXl7fjrML67ObL/koI3HjYZDoQQIECBAICmBBQsWhHXr1k0TbF5XBJuHRtnvpqCyvFW80+mEpUuXTvxveXVq2XP5YqRFixaF8u3sjz32WLj55psn/r7fz2mnnRZOPvnkfnezPQECBAgQIEAgewHBZvanQFUAneIFQjuHsK64muP5qy+LL/y7G695nLiKc+b7Ads77lPcWr5TEWa+O8zfo7hlqzW/quKtQ4AAAQIECMwgkFqwWb4Q6bjjjgsXXnjhnILKfk+W8q3xm15+1O++o9ze3Smj1HVsAgQIECBAYBgCgs1hKDpGTwJr7zkrrP31f5qUX06+OrP49Za3m8/fJsx7ZRFiel5mT742IkCAAAECdQnMfCt686/YvOeee8I3vvGNiZf8rFq1Kjz66KPFlyUv3GFShesdd9zhlvQqoK1BgAABAgQIJCUg2ExqnE1vphvGz9m2eClQ8fP/TW9HL98jVPy6telqzeJt6K1tdg4LD/p28RKgdxcNVfO8zKbLqY8AAQIECDRZYIcddph4puRUn7vvvjvss09x10XDPs8880z4wAc+EG644YZpX3xUZck///nPw1FHHVXlktYiQIAAAQIECAxZoPr7PQSbQx6hw80sMBFsFuHlxGfiSogiuNyUXZa/XbBtWPzRh91m7kQiQIAAAQIRCcQWbN55551hxYoV0z4XtA56V2zWoW5NAgQIECBAIHYBwWbsE4ys/vHzdnrhOZsTtZfB5oaAs9WaF7b56CMhzC/CTx8CBAgQIEAgGoFYbkUvX/pz7LHHhvPOO69Rtq3i7pW5vHSoUU0ohgABAgQIECBQg4Bgswb0nJdcc/UHw7qHLisIJj23qsw2i7ecb/PBe0MYe2nOPHonQIAAAQJRCsTw8qDrr78+vPWtbw2rVxcvMmzY5+ijjw7nnntuw6pSDgECBAgQIECg+QKCzebPKLEKO2Hdvf8c1t93fuiu/ktx6/niMG/ZEWHBvscLNRObtHYIECBAIB+B+fPnT/tW7+uuq/flQU8++WT4+Mc/Hi6++OI5D2TevHlh5cqVobzlvny5UPl8zvLPyjeZL1y4MOy4446hDHfLt6nfeuut0z6z88tf/nLYb7/9wuWXXx7+9Kc/hV133TV88pOfDAcddNCca7MjAQIECBAgQCBnAcFmztPXOwECBAgQIEBgCAJlyDfdrdR1BZtlyHjccceFCy+8cKDbvA855JBwxRVXhLGxsZ6kjj/++HDWWWdtte3OO+888bZ1HwIECBAgQIAAgeEJCDaHZ+lIBAgQIECAAIEsBdrtdvFOwEmPmZmkcO2114a///u/r8ylvNX829/+dvjqV78a1q5d29e6y5cvD8uWLZvopfz1KaecEnbbbbe+jnH//feHAw44YOLKzk2fMvj93ve+Fz796U/3dSwbExhYoPqX0w5csgMQIECAAIF+BASb/WjZlgABAgQIECBAYCuBmYLN7373u6G8inHUn/IKzZNOOin89Kc/DePj430tV16NedNNN4U3vOENfe033cbl+ldddVX43e9+F8orNQ877LCJ2859CBAgQIAAAQLDEvCzqw2Sgs1hnVGOQ4AAAQIECBDIVGDRokVhzZo1U3ZfvrDnl7/85chkyjedl1dCloFmv28WL6+kLJ+/Wd46XvbgQ4AAAQIECBAgEJeAYDOueamWAAECBAgQINA4gde97nXhjjvumLKu8sVCZejZarWGXvcgbzo/6qijwvnnn9/zszOHXrwDEiBAgAABAgQIDCwg2ByY0AEIECBAgAABAnkLXHPNNeHwww+fFuGiiy4K733ve4eGNMibzl/0oheFyy67rNLnfg6tcQciQIAAAQIECBDYTECw6YQgQIAAAQIECBAYWKAMDKd7tuXKlSvD1Vdf3ecaWz85qnwx0BlnnBFOPfXUvl8MVN52/vnPfz5885vfDOVVpD4ECBAgQIAAAQLxCwg245+hDggQIECAAAECtQt8+MMfDhdccMGUdQx6O/ogLwbaYYcdwvvf//5w5plnuu289rNEAQQIECBAgACB4QoINofr6WgECBAgQIAAgSwFfv/734fly5dP2/tcbkcf5MVA5cuAyqszjz32WFdoZnlGapoAAQKJCHSLPob/mOpEcLRBwFvRnQMECBAgQIAAAQJDEliyZEl45plnpjzaYYcdFspncfb6meuLgcpbzj/ykY+E73//+67Q7BXbdgQIECBAgACBSAVcsRnp4JRNgAABAgQIEGiawEy3o5eB47p162Yt+dlnnw1ve9vbwrXXXjvrtltu4E3nfZPZgQABAgQIECAQtYBgM+rxKZ4AAQIECBAg0ByB2W5Hv+2228Ib3/jGaQt+5JFHwt577x3Kt5738/Gm8360bEuAAAECBAgQSEdAsJnOLHVCgAABAgQIEKhdYGxsLDz33HNT1vGzn/0svOc975ny71atWhV23333vkLNpUuXTjxD8ytf+YrnaNY+eQUQIECAAAECBKoXEGxWb25FAgQIECBAgECyAsuWLQt//OMfp+zvzjvvDPvtt99mf1e+8fwLX/hC+PGPfxw6nU5PLl4M1BOTjQgQIECAAAECyQsINpMfsQYJECBAgAABAtUJbL/99tNedXn77beHFStWhPHx8fC1r30tXHzxxeG+++4L3W75ytfZP14MNLuRLQgQIECAAAECOQlsFmyWX1K2cuperwQIECBAgAABAkMVWLBgwbQvCTr66KPDySefHPbff/+er87cVJwXAw11TA5GgAABAgQIEEhCwBWbSYxREwQIECBAgACBZghst9124amnnhpaMeVt51dffXU4+OCDh3ZMByJAgAABAgQIEEhDQLCZxhx1QYAAAQIECBBohMAhhxwSbrzxxqHUsnDhwvDggw+Gl73sZUM5noMQIECAAAECBAikJSDYTGueuiFAgAABAgQI1Cpwzz33hH322WfgGrbddtvw61//Ouy1114DH8sBCBAgQIAAAQIE0hQQbKY5V10RIEAgH4HyJcrtfNrVKYEYBN797neHSy65ZE6lli8IOuaYY8LZZ58dytvQfQgQIECAAAECBAhMJyDYdG4QIECAAAECBAgMVWD16tVh8eLFfR+zvI39iiuuCGNjY33vawcCBAgQIECAAIH8BASb+c1cxwQIECBAgACBkQu0Wq2+1iiv8rz44ov72sfGBAgQyFPA7Sp5zl3XBAhMJSDYdF4QIECAAAECBAgMXaDdbodutzvrcd/3vveFk046KRx00EGzbmsDAgQIECBAgAABApMFBJvOBwIECBAgQIAAgaELlG80X7t27bTHLa/ovOuuu4byoqGhF++ABAgQIECAAAECUQgINqMYkyIJECBAgAABAnEJ7LnnnuHee++dtujy75YvXx5XU6ol0ECBqm9KLq/D7u9BEw1EUxIBAgRyEkj8X9yCzZxOZr0SIECAAAECQxaoOlIYcvkjPNx1110XVq5cOeXt6Keffno48cQTR7i6QxMgQIAAAQIECOQgINjMYcp6JECAAAECBAjUILBq1apQhphlyPnUU0+FFStWhFNPPTW8+tWvrqEaSxIgQIAAAQIECKQmINhMbaL6IUCAAAECBAgQIECAAAECBAgQIJCBgGAzgyFrkQABAgQIECBAgAABAgQIECBAgEBqAoLNOU7UE7XmCFfxbok/I7diTcsRIECAAAECBAgQIECAAAECBJojINhszixUQoAAAQIECBAgQIAAAQIECBAgQIBAjwKCzR6hmruZaxKbOxuVESAwrYDL3p0cBAgQIECAAAECBAgQIDCggGBzQEC7EyBAgAABAgQIECBAgAABAgQIECBQvYBgs3pzKxIgQIAAAQIECBAgQIAAAQIECBAgMKCAYHNAQLsTIECAAAECBAgQIECAAAECBAgQIFC9gGCzenMrEiBAgAABAgQIECBAgAABAgQIECAwoIBgc0BAuxMgQIAAAQIECBAgQIAAAQIECBAgUL2AYLN6cysSIECAAAECBAgQIECAAAECBAgQIDCggGBzQEC7EyBAgAABAgQIECBAgACBvgQ6xdbtvvawMQECBAhMISDYdFoQIECAAAECBAgQIECAAAECBAgQIBCdgGAzupEpmAABAgQIECBAgACBDQIue3MmECBAgACBnAUEmzlPX+8ECBAgQIAAAQIECBAgQIAAAQIEIhUQbEY6OGUTIECAAAECBPIScGVeXvPWLYG0BLpFO61BWxrKQQYtwv4ECOQs0MR/DQk2cz4j9U6AAAECBAgQIECAwIgEhPEjgnVYAgQIECDwvIBg08lAgAABAgQIECBAgAABAgQIECBQsUATr/+rmMByAwsINgcmdAACBAgQIECAAAECBAgQIECAAAECBKoWEGxWLW49AgQIECBAgAABAgQIECBAgAABAgQGFhBsDkzoAAQIECBAgAABAgQIECBAgACB+ATcDB7fzFS8ucn1mroAACAASURBVIBg0xlBgAABAgRmE/AV32xC/p4AAQIECBAgQIAAAQKVCwg2Kye3IAECBAgQIECAAAECBAgQIECAAIFCwEUUA50Ggs2B+OxMgAABAgQIECBAgEBWAp2i23ZWHWuWAAECBAg0VkCw2djRKIwAAQIECBAgQIAAAQIECBAgQIAAgekEBJvODQIECBAgQIAAAQIECBAgQIAAAQIEohMQbEY3MgUTIECgyQLuz2vydNRGgAABAgQIECBAgACBlAQEmylNUy8ECBAgQIAAAQIECBAgQIAAAQIEMhEQbGYyaG0SIECAAAECBAgQIECAAAECBAgQSElAsJnSNPVCgAABAgQIECBAgAABAgQIECBAIBMBwWYmg9YmAQIECBAgQIAAAQIE6hToFou36izA2gQIECCQnIBgM7mRaogAAQIECBAgQIAAAQIECBAgQIBA+gKCzfRnrEMCBAgQiEnAi+VjmpZaCRAgQIAAAQIECBCoUUCwWSO+pQkQIECgfgG3xdU/AxUQIECAAAECBAgQIEBgLgKCzbmo2YcAAQIECBAgQIAAAQIECBAgQIAAgVoFBJu18lt8soCrppwPBAgQmEbA7elODQIECBAgQIAAAQIECGwlINh0UhAgQIAAAQIECBAgQIAAAQIECBAYmYBLuUZFK9gclazjEiBAgAABAgQIECBAgAABAgQIECAwMgHB5shoHZgAAQIECBAgQIAAAQIECBAgQIAAgVEJCDZHJeu4BAgQIECAAAECBAgQIECAAAECBAiMTECwOTJaByZQlYBndVQlbR0CBAgQIECAAAECBAgQIECgOQKCzebMQiUECBAgQIAAAQIECBAgQIAAAQIECPQoINjsEcpmBAgQIECAAAECBAgQIECAAAECBAg0R0Cw2ZxZqIQAAQIECBAgQIAAAQIECBAgQIAAgR4FBJs9QtmMAAECBAgQIECAAAECBAgQIECAAIHmCAg2mzMLlRAgQIBATgKdotl2Tg3rlQABAgQIECBAgAABAsMVEGwO19PRCBAgQIAAAQIzCEi0nR4ECBAgQIAAAQIEhiUg2ByWpOMQIECAAAECBAgQIECAAAECBAgQIFCZgGCzMmoLESBAgAABAgQIECBAgAABAgQIECAwLAHB5rAkHYcAAQIECBAgQIAAAQJbCnSLP2hhIUCAAAECBEYhEGGw6SuDUZwIjkmAAAECBAgQIECAAAECBAgQIEAgJoEIg82YeNVKgAABAgQIECBAgAABAgQIECBAgMAoBASbo1B1TAIECBAgQIAAAQIECBAgQIAAAQIERiog2Bwpr4PHJdApym3HVbJqCRAgQIAAAQIECBAgQIAAAQKZCgg2Mx28tgkQIECAAAECBAgQIECAAAECBAjELCDYjHl6aidAgAABAgQIECBAgAABAgQIECCQqYBgM9PBa5sAAQIECBAgQIAAAQIECBAgQIBAzAKCzZinp3YCBAgQIECAAAECBAgQIECAAAECmQoINjMdvLYJECBAgAABAgQIECBAgAABAgQIxCwg2Ix5emonQIAAAQIECBAgQIAAAQIECBAgkKmAYDPTwWubAAECBAgQIECAAAECBAgQIECAQMwCgs2Yp6d2AgQIECBAgAABAgQIECBAgAABApkKCDbrGHynWLRdx8K5rQk6t4nrl0BSAv4VltQ4NUOAAAECBAgQIECAwPAFBJvDN3VEAgQIECBAgAABAgQIECBAgAABAgRGLCDYHDGwwxMgQIAAAQIECBAgQIAAAQIECBAgMHwBwebwTR2RAAECBAgQIECAAAECBAgQIBChQLeouRVh3UrOVUCwmevk9U2AAAECBAgQIEBgUAHf/w4qaH8CBAgQIEBgAAHB5gB4diVAgAABAgQIECBAgAABAgQIECBAoB4BwWY97lYlQIAAAQIECBAgQIAAAQIECBAgQGAAAcHmAHh2JUCAAAECBAgQIJC7gLvRcz8D9E+AAAECBOoTEGzWZ29lAgQIECBAgAABAgQIzCDQKf6uTYgAAQIECBCYRkCw6dQgQIAAAQIECBAgQIAAAQIECBAgQCA6AcFmdCNTMAECBAgQIECAAAECBAgQIECAAAECgk3nAAECBAgQIECAAAECBAgQIECAAAEC0QkINqMbmYIJECBAgAABAgQIEOhXwNMq+xWzPQECBAgQaL6AYLP5M1IhAQIECBAgQIAAAQIECBAgQCALAT+IymLMQ2tSsDk0SgciQIAAAQIECBAgQIAAAQIECBAgQKAqAcFmVdLWIUCAAAECTRLoFsW0mlSQWggQIECAAAECBAgQINCfgGCzPy9bEyBAgAABAgQIECBAgAABAgQIECDQAAHBZgOGoAQCBAgQIECAAAECBAgQIECAAAECBPoTEGz252VrAgQIECBAgAABAgQIECAwhYDnvDgtCBAgULWAYHMgce/qGojPzgQIECBAgAABAgQIECBAgAABAgTmKCDYnCOc3QgQIECAAAECBAhsJeCCrUafFC5LaPR4FEeAAAECBPoWiCrY9HVi3/O1AwECBAgQIECAAAECBAgkKuB75EQHqy0CBHoWiCrY7LkrGxIgQIAAAQIECBAgQIAAAQIECBAgMCKBZtwHIdgc0XgdlgABAgQIECBAgAABAgQIECBAgACB0QkINkdnW+2R3YNQrbfVmivQjB8aNddHZQQIECBAgAABAgQIECBAIBEBwWYig9QGAQIECBAgQIAAAQIECBAgQIAAgZwEBJs5TVuvBAgQIECAAAECBAgQIBCXgDuS4pqXagkQqFRAsFkpd6yL+S9prJNTNwECBAgQIECAAAECBAgQIEAgVQHBZqqT1RcBAgQIECBAgAABAgQIECBAgACBhAUEmwkPV2sECBAgQIAAAQIECBAgQIAAAQIEUhUQbKY6WX0RIECAAAECBAgQIECAAAECBAgQSFhAsJnwcLVGgAABAgQIECBAgAABAgQIECBAIFUBwWaqk9UXAQIECBAgQIAAAQIECCQm4MWuiQ1UOwQIDCgg2BwQ0O4ECBAgQIAAAQIEchboFs23cgbQOwECBAgQIFCbgGCzNnoLEyBAgAABAgQIECBAgAABAgQIECAwVwHB5lzl7EeAAAECBAgQIECAAAECBAgQIECAQG0Cgs3a6C1MgAABAgQIECBAgAABArUJeFxlbfQWJkCAwLAEEg82/ZdqWCeK4xAgQIAAAQIECBAgQIAAAQIECBBokkDiwWaTqNVCgAABAgQIECBAgAABAgQIECBAgEAY0rWIgk3nEgECBAgQIECAAAECBAgQIECAAAEC0QkINqMbmYIJECBAgMDsAkP6AejsC9mCAAECBAgQIECAAAECNQkINmuCtywBAgQIECBAgAABAgSSEegWnbSS6UYjBAgQIBCJgGAzkkEpkwABAgQIECBAgAABAgQIECBAgACBFwQEm84GAgQIECBAgAABAgQIECBAgAABAgSiExBsRjcyBRMgQIAAAQIECBAgQIAAAQIECBAgINh0DhAgQIAAAQIECBAgQIAAAQIECBAgEJ2AYDO6kSmYAAECBAgQIECAAAECBAgQIECAAAHBpnOAAAECBAgQIECAAAECBAgQIECAAIHoBASb0Y1MwQQIECBAgAABAgRGKdAtDt4a5QKOTYAAAQIECBAYioBgcyiMDkKAAAECBAgQIECAAAECBAgQIECAQJUCgs0qta1FgAABAgQIECBAgAABAgQIECBAgMBQBASbQ2F0EAIECBAgQIAAAQIECBAgQIAAAQIEqhQQbFapbS0CBAgQIECAAAECBAgQIECAAAECBIYiINgcCqODECBAgAABAgQIECBAgAABAgQIECBQpYBgs0rtYazVKQ7SHsaBHIMAAQIECBAgQIAAAQIECBAgQIBAvAKCzXhnp3ICBAgQINA8gW5RUqt5ZamIAAECBAgQIECAAIH0BAYINn3nkt7poCMCBAgQIECAAAECBAgQIECAAAECcQgMEGzG0aAqCRAgQIAAAQIECBAgQIAAAQIECBBIT0Cwmd5MdUSAAAECBAgQIECAAAECBAgQINB0Ae9RGXhCgs2BCR2AAAECBAgQIECAAAECBAgQIECAAIGqBQSbVYtbjwABAgQIECBAgAABAgQaL+BCqsaPSIEECBAIDQ82vaDIOUqAAAECBAgQIECAAAECBAgQIECAwNYCDQ82jYwAAQIECBAgQIAAAQIECBAgQIAAAQKCTecAAQIECOQu4GaA3M8A/RMgQIAAAQIECBAgkIiAKzYTGaQ2CBAgQIAAAQIECBAgQCBXAU8EzXXy+iaQu4BgM/czQP8ECBAgQKAqAVfLViVtHQIECBAgQIAAAQJZCAg2sxizJgkQIECAAAECBAgQIECAAAECBAikJSDYTGueuiFAgAABAgQIECBAgAABAgQIECCQhYBgM4sxa5IAAQIECBAgQIAAAQIECBAgQIBAWgKCzbTmqRsCBAgQIECAAAECBAgQIECAAAECWQgINrMYsyYJECBAgAABAgQIECBAgAABAgQIpCUg2ExrnrohQIAAAQIECBAgQKAPgU6xbbuP7W1KgAABAgQINEdAsNmcWaiEAAECBAgQIECAAIEtBLrF71tUCBAgQIAAAQJTCAg2nRYECBAgQIAAAQIECBAgQIAAAQIECEQnINiMbmQKJkCAAAECBAgQIECAAAECBAgQIEBAsOkcIECAAAECBAgQIECAAAECBAgQqF/Ag4/rn0FkFQg2IxuYcgkQINBIAQ9Aa+RYFEWAAAECBAgQIECAAIGUBQSbKU9XbwQIECBAgAABAgQIECBAgAABAgQSFRBsJjpYbREgQIBAbwIuNu3NyVYECBAgQIAAAQIECBBomoBgs2kTUQ8BAgQIECBAgAABAgQIECBAgAABArMKCDZnJbIBAQIECBAgQIAAAQIECBAgQIAAAQJNExBsNm0i6iFAgAABAgQIECBAgAABAgQIECBAYFYBweasRDYgQIAAgX4EPLOyHy3bEiBAgAABAgQIECBAgMBcBQSbc5WzHwECBAgQIECAAAECBAgQIECg8QKdosJ246tUIIG5CAg256JmHwIECBAgQIAAAQIECBAgMCwBudOwJB2HAIHMBASbmQ1cuwQIECBAgAABAgQIECBAgAABAgRSEBBspjDF2HvwQL7YJ6h+AgQIECBAgAABAgQIECBAgEDlAoLNysktSIAAAQIECBAgQIAAAQIECBAgQIDAoAKCzUEF7U+AAAECBAgQIECAAAECBAgQIECAQOUCgs3KyS1IgAABAgQIECBAgAABAgQIECBAgMCgAoLNQQXtT4AAAQIECBAgQIAAAQIECBAgQIBA5QKCzcrJLUiAAAECBAgQIECAAAECBAgQIECAwKACgs1BBe1PgAABAgQIECBAgACBIQt0i+O1hnxMhyNAgAABAqkJCDZTm6h+CBAgQIAAAQIECBAgQIBAagKdoqF2ak3phwCBQQUEm4MK2p8AAQIECBAgQIAAAQIECBAgQGBgAfn1wITZHUCwmd3INUyAAAECBAgQIECAAAECBAgQIEAgfgHBZvwz1AEBAgQIpCzgx9YpT1dvBAgQIECAAAECBAgMICDYHADPrgQIECBAgAABAgQIECBAgAABAgQI1CMg2KzH3aoECBAgQIAAAQIECBAgQIAAAQIECAwgINgcAM+uBAgQIECAAAECBAgQIECAAAECBAjUIyDYrMc9wVW7RU+tBPvSEgECBAgQIECAAIHpBTwK2dlBgAABAgTqExBs1mdvZQIECBAgQKCBAn5U18ChKIkAAQIECBAgQIDAFAKCTacFAQIECBAgQIAAAQIECEQp4IdRUY5N0QQIEBiagGBzaJQORIAAAQIECBAgQIAAAQIECBAgQIBAVQKCzaqkrUOgAgE/sa4A2RIECBAgQIAAAQIECBAgQIBAIwQEm40YgyIIECBAgAABAgQIECBAgAABAgQIEOhHQLDZj5ZtCRAgQIAAAQIECBAgQIAAAQIECBBohIBgsxFjUAQBAgQIECBAgAABAgQIECBAgAABAv0ICDb70bItAQIECBAgQIAAAQIECBAgQIAAAQKNEBBsNmIMiiBAgAABAgQIECBAgAABAgQIECBAoB8BwWY/WrYlQIAAAQIECBAgQIAAAQJNE+gUBbWbVpR6CBAgMHoBweboja1AgAABAgQIECBAgAABAgQIECBAgMCQBQSbQwZ1OAIECBAgQIAAAQIECBAgQIAAAQIERi8g2By9sRUIECBAgAABAgQIECBAgAABAgQIEBiygGBzyKAOR4AAAQIECBAgQIAAAQIECBAgQIDA6AUEm6M3tgIBAgQIECBAgAABAgQIECBAgEDTBLx4q2kT6bsewWbfZHYgQIAAAQIECBAgQIBArgLdovFWrs3rmwABArMK+LfkrERD3UCwOVROByNAgAABAgQIECBAgAABAgQIECBAoAoBwWYVytYgQIAAAQIECBAgQIAAAQIECBAgQGCoAoLNoXI6GAECBAgQIBCPgIcqxTMrlRIgQIAAAQIECBDYWkCw6awgQIAAAQIECBAgQIAAAQIECBCIRMAPpyMZVCVlCjYrYbYIAQIECBAgQIAAAQIECBAgQIAAAQLDFBBsDlPTsQgQIECAAAECBAgQIECAAIFMBVxJmOngtV2jgGCzRnxLEyBAgAABAgQIECBAgAABAgQIECAwNwHB5tzc7EWAAAECBAgQIECAAAECBAgQIECAQI0Cgs0a8S1NgAABAgQIECBAgAABAgQIECBAgMDcBASbc3OzFwECBAgQIECAAAECBAgQIECAAAECNQoINmvEtzQBAgQIEKhMoFus1KpsNQsRIECAAAECBAgQIEBg5AKCzZETW4AAAQIECBAgQIAAAQIECBAgQIAAgWELCDaHLep4BAgQIECAAAECBAgQIECAAAECBAiMXECwOXJiCxAgQIAAAQIECBAgQIAAAQIECBAgMGwBweawRR2PAAECBAgQIECAAAECBAgQIECAAIGRCwg2R05sAQIECBAgQIAAgaYKeK9WUyejLgIECBDoVaBTbNjudWPbEUhMQLCZ2EC1Q4AAAQIECBAgQIAAAQIECBAgQCAHAcFmDlPWIwECBAgQIECAAAECBAgQIECAAIHEBASbiQ1UOwQIECBAgAABAgQIEIhCwLMgohiTIgkQINBkAcFmk6ejNgIEhi/gC+jhmzoiAQIECBAgQIAAAQIECBCoQUCwWQO6JQkQIECAAAECBAgQIECAAAECBAgQGExAsDmYn70JECBAgAABAgQIECBAgAABAgQIEKhBQLBZA7olCRAgQIAAAQIECBAgQIAAAQIECBAYTECwOZifvQkQIECAAAECBAgQIECAAAECBAgQqEGgmmDTyzpqGK0lCRAgQIDA6AU6xRLt0S9jBQIECBAgQIAAAQIECGwlUE2wCZ4AAQIECBAgQIAAAQIECBAgQIAAAQJDFBBsDhHToQgQIECAAAECBAiMVsB10qP1dXQCBAgQIEAgJgHBZkzTUisBAgQIECBAgAABAgQIECBAgAABAhMCgk0nAgECBAgQIECAAAECBAgQIECAAIGkBPJ44Y1gM6mTVjMECBAgQIAAAQIECBAgQIAAAQIE8hAQbOYxZ10SIECAAAECBAgQIECAAAECBAgQSEpAsJnUODVDoD+BlF8/kMdF9/3N29YECBAgQIAAAQIECBAgQCAlAcFmStPUCwECBAgQIECAAAECBAgQIECAAIFMBASbmQxamwQIECBAgAABAgQIECBAgAABAgRSEhBspjRNvRAgQIAAAQIECBAgQIAAAQIECBCYQSClx9IJNp3qBAgQIECAAAECBAgQIECAAAECBAhEJzB7sOkNHNENVcEECBAgQIAAAQIECBAgQIAAAQIEUheYPdhMXUB/BAgQIECAAAECBAgQIECAAAECBAhEJyDYjG5kCiZAgAABAgQIECBAgAABAgQIECBAQLDpHCBAgAABAgQIECBAgAABAgQI9CqQ0ptXeu3ZdgQaKiDYbOhglEWAAAECBAgQIECAAAECBAgQIECAwPQCgk1nBwECBAgQIECAAAECBAgQIECAAAEC0QkINqMbmYIJhNAtEFogCBAgQIAAAQIECBAgQIAAAQIZCwg2Mx6+1gkQIECAAAECBAgQIECAAAECBAjEKiDYjHVy6iZAgAABAgQIECBAgAABAgQIECCQsYBgM+Pha50AAQIECBAgQIAAAQIECBAgQIBArAI1Bpudwqwdq5u6CRAgQIAAAQIECBAgQIAAAQIECBCoUaDGYLPGri1NgAABAgQIECBAgAABAgQIECBAgEDUAoLNqMeneAKJC3j9e+ID1h4BAgQIECBAgAABAgQIEJi7gGBz7nb2JECAQIIC0uQEh6olAgQIECBAgAABAgQIJCkg2ExyrJoiQIAAAQIECBAgQIAAAQIECBAgkLaAYDPt+eqOAAECNQi46rMGdEsSIECAAAECBAgQIEAgOwHBZnYj1zABAgQIECBAgAABAgQIECBAgACB+AUEm/HPUAcECBAgQIAAAQIECBAgQIAAAQIEshMQbGY3cg0TGKWAW5BHqevYBAgQIEAgRwFfXeQ4dT0TIECAAIHeBASbvTnZigABAgQIECBAgAABAgQIECAwEoFOcdT2SI7soATSFhBspj1f3RGoV8B/nev1tzoBAgQIECBAgAABAgQIEEhYQLCZ8HC1RoAAAQIECBAgQIAAAQIECBAgQCBVAcFmqpPVFwECBAgQIECAAAECBAgQIECAAIGEBQSbCQ9XawQIECBAgAABAgQIECBAgAABAgRSFRBspjpZfREgQIAAAQIECBAgQIAAAQIECBBIWCD7YNO7TRI+u7VGgAABAgQIECBAgAABAgQIECCQrED2wWayk9UYAQIECBAgQIAAAQIECBAgQIAAgYQFBJsJD1drBAgQyEvANfh5zVu3BAgQIECAAAECBAjkLiDYzP0M0D8BAgQIECBAgAABAgQIECBAgACBCAUEmxEOTckECBAgQIAAAQIECBAgQIAAAQIEchcQbOZ+BuifAAECBAgQIECAAAECBAgQIECAQIQCgs0Ih6ZkAgRmEugWf9lCRIAAAQIECBAgQIAAAQIECCQuINhMfMDaI0CAAAECBAgQIECAAAECBAgQIJCigGAzxanqiQABAgQIECBAgAABAgQIECBAgEDiAoLNxAesPQIECBAgQIAAAQIECBAgQIAAAQIpCgg2U5yqnggQIECAAAECBAgQIECAAAECBAgkLiDYTHzA2iNAgAABAgQIECBAgAABAgQIECCQooBgM8Wp6okAAQIECBAgQIAAAQIECBAgQIBA4gKCzcQHrD0CBAgQIECAAAECBAgQIECAAAECKQoINlOcqp4IECBAgAABAikLdIrm2ik3qDcCBAgQIECgFPCffOfBbAKCzdmE/D0BAgQIJCjQLXpqJdiXlggQIECAAAECBAgQIJCPgGAzn1nrlAABAgQIECBAgAABAgQIECDQHAGXZDZnFpFWItiMdHDKJkCAAAECBAgQIECAAAECBAgQIJCzgGAz5+nrnQABAgQIECBAgAABAgQIECBAgECkAoLNSAenbAIECBAgQIAAAQIECBAgQIAAAQI5Cwg2c56+3gkQIECAAAECBAgQIECAAAECBAhEKiDYjHRwyiZAgAABAgQIECBAgAABAgQIECCQs4BgM+fp650AAQIECBAgQIAAAQIECBAgQIBApAKCzUgHp2wCBAgQIECAAAECBAgQ6F+gU+zS7n83exAgQIBAAwUEmw0cipIIECBAgAABAgQIECBAgAABAgQIEJhZQLDpDCFAgACBDQLd4p8WDAIECBAgQIAAAQIECBAgEIeAYDOOOamSAAECBAgQIECAAAECBAgQIECAAIFJAoJNpwMBAgQIECBAgAABAgQIECBAgAABAtEJCDajG5mCCRAgQIAAAQIECBAgQIAAAQIECBAQbDoHCBAgQIAAAQIECBAgQIAAAQIECBCITkCw2cPIvE+jBySbECBAgAABAgQIZCjQKXpuJ9h3qn0lOCotESBAgEDWAoLNrMeveQIECBAgQIAAAQIECBAgQIAAAQJxCgg245ybqgkQIECAAAECBAgQIECAAAECBDYKuNY+z1MhsWDTaZznaazrOgQ8oqEOdWsSIECAAAECBAgQIECAAAECmwQSCzYNlgABAgQIECBAgAABAgQIECBAgACBHAQEmzlMWY8ECBAgQIAAAQIECBAgQIAAAQIEEhMQbCY2UO0QIECAAAECBAgQIECAAAECBAgQyEFAsJnDlPVIgAABAgQIECBAgAABAgQIECBAIDEBwWZiA9UOgSwEvCcsizFrkgABAgRiFvAf65inp3YCBAgQIBCLgGAzlkmpkwABAgQIECBAgAABAgQIECBAgACB5wUEm04GAgQIECBAgAABAgQIECBAgAABAgSiExBsRjcyBRMgQIAAAQIECBCoUKBbrNWqcD1LESBAgAABAgR6FBBs9ghlMwIECBAgQIAAAQIECBAgQIAAAQIEmiMg2GzOLFRCgAABAgQIECBAgAABAgQIECBAgECPAoLNHqFsRoAAAQIECBAgQIAAAQIECGwu4GkVzggCBOoUEGzWqW9tAkMS8MXEkCAdhgABAgQIECBAgACBmgR8V1MTvGUJRC0g2Ix6fIonQIAAAQIECBAgQIAAAQIECBAgkKeAYDPPueuaAAECBAgQIECAAAECBAgQIECAQNQCgs2ox6d4AgQIECBAgAABAgQIECBAgAABAnkKDBRsegJGnieNrgkQIJCPQKdotZ1PuzolQCArAV/LZzVuzRIgQIAAgSQFBgo2kxTRFAECBAgQIECAAAECBAgQIECAAAECjRcQbDZ+RAokQIAAAQIECBAgQIAAAQIECBAgQGBLAcGmc4IAAQIECBAgQIAAAQIECBAg8mobAgAAEUlJREFUQIAAgegEBJvRjUzBBAgQIECAAAECBAgQIECAAAECBEYsEMEDuQWbIz4HHJ4AAQIE6hKI4L/CddFYlwABAgQIECBAgAABAgkICDYTGKIWCBAgQIAAAQIECBAgQIAAAQIECOQmINjMbeL6JUCAAAECBAgQIECAAAECBAgQIJCAgGAzgSFqIVUBt9GmOll9ESBAgAABAgQIECBAgAABAoMLCDYHN3QEAgQIECBAgAABAgQIECBAgAABAgQqFhBsVgxuOQIECBAgQIAAAQIECDRKwI1CjRqHYggQIECgdwHBZu9WtiRAIAIBX5dHMCQlEiBAgAABAgQIEBiKQKc4SnsoR3IQAgTiFBBsxjk3VRMgQIAAAQIECBAgQIAAAQIECBDIWkCwmfX4NU+AAAECBAgQIECAQKUCLjCrlNtiBAgQIJC2wESw6dbNtIesu1kE/B/AKUKAAAECBAgQIECAAAECBAgQiE7AFZvRjUzBBAgQIECAAAECBAgQIECAAAECBAgINp0DcQu4lSfu+ameAAECBAgQIECAAAECBAgQIDBHAcHmHOHsRoAAAQIECBAgQIAAAQIECBAgQIBAfQKCzfrsrUyAAAECBAgQIECAAAECBAgQIECAwBwFBJtzhLMbAQIECBAgQIAAAQIECBAgQIAAAQL1CQg267O3MgECBAgQIECAAIEGCXh4eYOGoRQCBAgQIECgBwHBZg9INiFAgAABAgQIECBAgEDKAmLtlKerNwIECKQrINhMd7Y6I0CAAAECBAgQaKpAtyis1dTi1EWAAAECBAgQiENAsBnHnFRJoNECvjdr9HgUR4AAAQIECBAgQIAAAQIEkhQQbCY5Vk0RIECAAAECBAgQIECAAAECBAgQSFtAsJn2fLfozpNzshq3ZgkQIECAAAECBAgQIECAAAECCQsINhMertYIECBAgAABAgQIECBAgAABAgQIpCog2Ex1svoiQIAAAQIECBAgQIAAAQKjEvCg/VHJOi4BAn0ICDb7wLIpAQIECBAgQIAAAQIE+hbwRKi+yexAgAABAgR6ERBs9qJkGwIECBAgQIAAAQIECBAgQIAAAQIEGiUg2GzUOBRDgAABAgQIECBAgAABAgQIECBAgEAvAoLNXpRsQ4AAAQIECBAgQIAAAQIECBAgQIBAowQEm40ah2IIECBAgAABAgQIECBAgAABAgQIEOhFQLDZi5JtCBAgQIAAAQIECBAgQIAAAQIECBBolIBgs1HjUAwBAgQIECBAgAABAgQIECBAgAABAr0ICDZ7UbINAQIECBCoRKBTrNKuZCWLECBAgAABAgQIECBAIHYBwWbsE1Q/AQIECBAgQIAAAQK1CHSLVVu1rGxRAgQIECBAoBQQbDoPCBAgQIAAAQIECBAYQEC8NwCeXQkQIECAAIEBBASbA+DZlQABAgQIECBAgAABAgQIECBAgACBegQEm/W4W5UAAQIECBAgQIAAAQIECBAgQIAAgQEEBJsD4NmVAAECBAgQIECAAAECBAgQIECAAIF6BASb9bhblQABAgQIECBAgAABAgQIECBAgACBAQQEmwPg2ZUAAQIECBAgQIAAAQIECBAgQIAAgXoEBJv1uFuVAIHIBbz/NfIBKp8AAQIECBAgQIAAAQIEohcQbEY/Qg0QIEBgBgEJrNODAAECBAgQIECAAAECBBIVEGwmOlhtTS/QKf6qDYgAAQIECBAgQIAAAQIECBAgQCBqgcGDTVcDRX0CKJ4AAQIECBAgQIAAAQIECBAgQIBAjAKDB5sxdq1mAgQIECBAgAABAgQIECBAgAABAgSiFhBs1jY+N0TXRm9hAgQIECBAgAABAgQIECBAgACB6AUEm9GPUAMECBAgQIAAAQIECBAgQIAAAQIE8hMQbOY3cx0TIECAAAECBAgQIECAAAECBAgQiF5AsBn9CDVAgAABAgQIECBAgAABAgQIECBAID8BwWZ+M9cxAQIECBAgQIAAAQIECBAgQIAAgegFBJvRj1ADBAgQIECAAAECBAgQINCvgNe59itmewIECDRPQLDZvJmoiAABAgQIECBAgAABAgQIECBAgACBWQQEm04RAgQIEMhEoFv02cqkV20SIECAAAECBAgQIEAgfQHBZvoz1iEBAgQIECBAgAABAgQIECBAgACB5AQEm8mNVEMECBAgQIAAAQIECBAgQIAAAQIE0hcQbKY/Yx0SIECAAAECBAgQIECAAAECBAgQSE5AsJncSPtsyKsA+wSzOQECeQn4l2Re89YtAQIECBAgQIAAAQIxCQg2Y5qWWgkQIECAAAECBAgQIECAAAECBAgQmBAQbDoRCBAgQIAAAQIECBAgQIAAAQIECBCITkCwGd3IFEyAAAECBAgQIECAAAECBAgQIECAgGDTOUCAAAECBAjULOBZpjUPwPIECBAgQIAAAQIEohQQbEY5NkUTIECAAAECBAgQIECAAAECBAgQyFtAsJn3/HXfeAFXMTV+RAokQIAAAQIECBAgQIAAAQIEahEQbNbCblECBAgQIECAAAECBAgQmFnAD/mdIQQIECAws4Bg0xlCgAABAgQIECBAgAABAgQIECBAgEB0AoLN6EamYAIECBBouoDrS5o+IfURIECAAAECBAgQIJCCgGAzhSnqgQABAgQIECBAgAABAgQIECBAgEBmAoLNzAauXQIECBAgQIAAgZQEukUzrZQa0gsBAgQIECBAoGcBwWbPVDYkQIAAAQIECBAgQIAAAQIECBAgQKApAoLNpkxCHQQIECBAgAABAgQIECBAgAABAgQI9Cwg2OyZyoYECBAgQIAAAQIECBAgQIAAAQIECDRFQLDZlEmogwABAgQIECBAgAABAgQIECBAgACBngUEmz1T2ZAAAQIECBAgQIAAAQIECBAgQIAAgaYICDabMgl1ECBAgAABAgQIECBAgAABAgQIECDQs4Bgs2cqGxIgQIAAAQIECBAgQIAAAQIECBAg0BQBwWZTJqEOAgRmFugUf92GFIWAWUUxJkUSIECAAAECBAgQIEAgdgHBZuwTVD8BAgQIECBAgAABAgQIECBAgACBDAUEmxkOXcsECBAgQIAAAQIECBAgQIAAAQIEYhcQbMY+QfUTIECAAAECBAgQIECAAAECBAgQyFBAsJnh0LVMgAABAgQIECBAgAABAgQIECBAIHYBwWbsE1Q/AQIECBAgQIAAAQIECBAgQIAAgQwFBJsZDl3LBAgQIECAAAECBAhMFugUv2kjIUCAAAECBCITEGxGNjDlEiBAgAABAgQIECBAgAABAgQIpC3QLdprpd3iULoTbA6F0UEIECBAgAABAgQIECBAgAABAgQIEKhSQLBZpba1CBAgQIAAAQIECBAgQIAAAQIECCQmUNcVpoLNxE4k7RAgQIAAAQIECBAgQIAAAQIECBDIQUCwmcOU9UiAAAECBAgQIECAAAECBAgQIEAgMQHBZmID1Q4BAgQIECBAgAABAgQIECBAgACBHAQEmzlMObIeO0W97chqVi4BAgQIECBAgAABAgQIECBAgEC1AoLNar2tRoAAAQIECBAg0EQBP1lt4lTURKB3Af8f7t3KlgQIEEhIQLCZ0DC1QoAAAQIECBAgQIAAAQIECBAgQCAXAcFmLpPWZ38C3WLzVn+72JoAAQKNF3A1S+NHpEACBAgQIECAAAECBHoXSCPY9I1a7xO3JQECBAgQIECAAAECBAgQIECAAIEEBNIINhMYhBYIjERA6D8SVgclQIAAAQIECBAgQIAAAQIE6hcQbNY/AxUQIECAAAECBAgQIECAAAECBAgQINCngGCzTzCbEyBAYDYBF8rOJuTvCRAgQIAAAQIE4hTwlW6cc1M1gXQFBJvpzlZnBAgQIECAAAECBAgQIECAAAECBJIVEGwmO1qNESBAgAABAgQIECBAgAABAgQIEEhXQLCZ7mx1RiBBAbe+JDhULREgQIAAAQIECBAgQIAAgTkJCDbnxGYnAgQIECBAgAABAgQIbBToFv/bokGAAAECBAhULSDYrFrcegQIECBAgAABAgQIECBAgAABAgQIDCwg2ByY0AEIEJhJwAUMzg8CBAgQIECAAAECBAgQIEBgFAKCzVGoOiYBAgQIECBAgAABAgQIECBAgAABAiMVEGyOlNfBCRAgQIAAAQIECBAgQIAAAQIECBAYhUBGwaa3Kfd9AiHrm8wODRZwPjd4OEojQIAAAQIECBAgQIAAAQL9C2QUbPaPYw8CBAgQIECAAAECBAgQIECAAAECBJopINhs5lxURYAAAQIECBAgQIAAAQIECBAgQIDADAKCTacHAQIECBAgQIAAAQIECBAgQIAAAQLRCQg2oxuZggkQIECAAAECBAgQIECAAAECBAgQEGw6BwgQIECAAAECBAgQIECAAAECBAgQiE5AsBndyBRMgAABAgQIEBixQKc4fnvEazg8AQIEIhDoFjW2IqhTiQQIEMhVQLCZ6+T1TYAAAQIECBAgQIAAAQIECBAgQCBiAcFmxMNTOgECBAjkI+ACunxmrVMCBAgQIECAAAECBHoTEGz25mQrAgQIECBAgAABAgQIECBAgAABAgQaJCDYbNAwlEKAAAECBAgQIECAAAECBAgQIECAQG8Cgs3enGxFgAABAgQIECBAgAABAgQIECBAgECDBASbDRqGUggQIECAAAECBAgQIECAAAECBAgQ6E0ggmDT6xJ6G6WtCBAgQIAAAQIECBAgQIAAAQIECOQjEEGwmc8wdEqAAAECBAgQIECAAAECBAgQIECAQG8C+QWb3QKm1RuOrQgQIECAAAECBAgQIECAAAECBAgQaKZAfsFmM+egKgIECBAgQIAAAQIECBAgQIAAAQIE+hAQbPaBZVMCBAgQIECAAAECBAgQIECAAAECBJohINhsxhxUQYAAAQIECBAgQIAAAQIECBAgQIBAHwKCzT6wbEqAAAECBAgQIECAAAECBAgQIECAQDMEBJvNmIMqCBAgQIAAAQIECBAg0BiBTlFJuzHVKIQAAQIECEwtINh0ZhAgQIAAAQIECBAgQIAAAQIECBAgEJ2AYDO6kSmYAAECBAgQIECAAAECBAgQIECAAAHBpnOAAAECBAgQIECAAAECBAgQIECAAIHoBASb0Y1MwQQIECBAgAABAgQIECBAgAABAgQICDadAwQIECBAgAABAgQIECBAgAABAvUJdIulW/Utb+V4BQSb8c5O5QQIzCDgTZ5ODwIECBAgQIAAAQIECBAgkLaAYDPt+eqOAAECBAgQIECAAAECBAgQIEBgiAIupBki5oCHEmwOCGh3AgQIECBAgAABAgQIDFXAd8xD5XQwAgQIEEhXQLCZ7mx1RoAAAQIECBAgQIAAgUkCElOnAwECBAikJSDYTGueuiFAgAABAgQIECBAgAABAgQIECCQhYBgM4sxa5IAAQIECBAgQIAAAQIECBAgQIBAWgKCzbTmqRsCBAgQIECAAAECBAgQIECAAAECWQgINrMYsyYJECBAgAABAgQIECBAgAABAgQIpCUg2ExrnrohQIAAAQIECAxFoFscpTWUIzkIAQIECBAgQIAAgdEICDZH4zpxVO8cHCGuQxMgQIBACJInZwEBAgQIECBAgAABAhkLCDYzHr7WCRAgQKBpApLKpk1EPQQIpCbg37OpTVQ/BAgQIJC3gGAz7/nrngABAgQIECBAgAABAgQIECBAgECUAoLNKMemaAIECBAgEKeAa6XinJuqCRAgQIAAAQIECDRRQLDZxKmoiQABAgQIECBAgAABAgQIECBAgACBGQUEm04QAgQIECBAgAABAgQIECBAgAABAgSiExBsRjcyBRMgQIAAAQIECBAgQIAAAQIECBAgINh0DhAgQIAAAQIECBAgQIAAAQIECBAgEJ3A/webBVagP/8NLwAAABBkZUJHNDY2MDYxNjIwMkRGRUYwNM4Qj8QAAAAASUVORK5CYII=	29e14a79-6362-4df8-aeeb-1c7848e1adf0	705ff586-073e-4d28-be5f-332fb69320a9	2026-05-10 13:41:43.883	2026-05-10 14:26:19.737
fc7b13bf-ec57-46e4-a813-6b5946f8f164	App Architecture v3	data:image/png;base64,iVBORw0KGgoAAAANSUhEUgAAA4QAAAJYCAYAAAA6xSjbAAAgAElEQVR4XuydCZxV4//Hv3eZmTvtixaKUCjZt1/Z2ggRRYiKkEpkzf6zSyRKVCSklGRrRZS0WH//spN9i0iLtMydu/6/33PPmTnnzJ3pLucu59zP45XZzvI87+e59z6f891cUW6EBgIgAAIgAAIgAAIgAAIgAAKOJhDh0bkdPcJUBueCIEwFG84BARAAARAAARAAARAAARAAAfsTgCC0/xxiBCAAAiAAAiAAAiAAAiAAAiCQEgEIwpSw4SQQAAEQAAEQAAEQAAEQAAEQsD8BCEL7zyFGAAIgAAIgAAIgAAIgAAIgAAIpEYAgTAkbTrKagGQ2cll9UVwPBEAABEAABEAABEAABECgRgIQhFggIAACIAACIAACIAACIAACIFCgBCAIC3TiMWwQAAEQAAEQAAEQAAEiFCLAKih0AhCEhb4CMH4QAAEQAAEQAAEQAAEQAIGCJQBBWLBTj4GDAAiAAAiAAAiAAAiAAAgUOgEIwkJfARg/CIAACIAACIAACIAACIBAwRKAICzYqcfAQQAEQAAEQAAEQAAEQAAECp0ABGGhrwCMHwRAAARAAARAAATyggDSu+TFNKATBUcAgrDgphwDBgEQAAEQAAEQAAEQAAEQAIEYAQhCrAQQAAEHE4jK25yDx4ehgQAIgAAIgAAIgEB6BCAI0+OHs0EABEAABEAABEAABEAABEDAtgQgCG07deg4CDiNAGJHnDajGA8IgAAIgAAIgED+E4AgzP85Qg9BAARAAARAAARAAARAIKMEEGSRUbx5fXEIwryeHnQOBEAABEAABEAABEAABEAABDJHAIIwc2xxZRAAARAAARAAARAAARAAARDIawIQhHk9PegcCIAACIAACIAACIAACIAACGSOAARh5tjiyiAAAiAAAiAAAiAAAiBQMwHkVMMKyTEBCMIcTwBuDwIgAAIgAAIgAAIgAAIgAAK5IuBgQYjHLblaVLgvCOQ/Abw/5P8coYcgAAIgAAIgAALZIOBgQZgNfLgHCIAACIAACIAACIAACIAACNiXAAShfecOPQcBEAABEAABEAABEAABEACBtAhAEKaFDyeDAAiAAAiAAAiAAAjYhwBCBjI1Vyhsnymymb8uBGHmGeMOIAACIJAQAWxTEsKEg0AABEAABAqaAKSn1dMPQWg1UVwPBEAABEAABEAABEAABEAABGxCAILQJhOFboIACIAACIAACIAACIAACICA1QQgCBMmCvN0wqhwYFYIfPtnlBZ8EqKV34RIVmfndl46dA8PNa7jovYtXVnpA24CAiAAAiAAAiAAAiBgbwIQhPaeP/S+AAlsDxBd8qSfft0QJbe7EkBUVCE3F2vBpvVcNPkSH+1SpwABYcggAAIgAAIgAAIgAAIJE4AgTBgVDgSB3BMIcdaRng/7aWtZVLEKanZAVQtW/Cw93aWui16+ykceGAtzP3HoAQiAAAiAAAiAAAjkKQEIwjydGHQLBOIRGPJMOX2xNszCz8WCMKp8lab/Xn/esft6aNS5xQahCLIgAAIgAAIgAAIgAAIgoBGAIMRaAAGbEFj8ZZjueJn9RVkD6i2D8r1iIeT/ibuo5joqv5KfW+3ipucuK4EotMk8o5sgAAIgAAIgAAIgkE0CEITZpI17gUCKBH5cH6WLOG4wFNaJPlX8tW/hppaNXPTD+gj/Y1WoCkP9rS7rVkT9jvameHecBgIgAAIgAAIgAAIg4FQCBS8IkTvUqUvbWeM65cEy2uqPWQL1IYEd2nhozHnFFYNd9HmY7p4TqGINLOVD5l5TSrUqD3UWIIwGBEAABEAABEAABEAgJQIFLwhTooaTQCCLBF78KESPLApW3FFLINO6iYueHeqrIv6eWhakZ5aHqvRw4HFeGtS5KIs9x61AAARAAARAAARAAATynQAEYb7PUIb79+cWotU/hal5Qxf5WXNs2hqlzvt7qE5Jhm+MyydEQOakz6NltHm70TLo4XITYvFrUCv+ZYYqyWc4JamuFXuIZg/nUhScfVT+oqtYkVBfcBAIgAAIgAAIgAAIgIDzCEAQOm9OEx7R/fODNJ8Lm8eSklRmrBS/xI77eOiePsXkg0EpYZ6ZOPAedv8UN1B9WQn5fthOYgLX/ROlvhP8FDZqQjrpQA/d1gt+o5mYK1wTBEAABEAABEAABOxIAILQjrNmQZ+fWBqiaSuDVbJVyqWVLJWsEovYhNS5nYfuOBNlCyxAnvQlNrFV8PSHyipMg1r20HYtXDSFi87vrD32VpBmfVDVdfSpQT7ab1cUJ9wZP/wdBEAABEAABEAABAqBAARhIcyyaYz/+zFCV80oN7gMitiQEgWKINRbC/nnVru4aDrHqrmhIbK6WiRuUOIH9U20+uwrfNSCXXx31raXs7vpeDUZjWpilLN25YykL/I10EAABEAABEAABEAABEAAgrAA18DZj5bTH/9EyKVLWakJQr0w1KPp2MZN955dQiWoXJCVFRPk8hJnPlJGm7ZVCnW58b7NXfT0pYmLuZf/F6KHX2dLsE4/yhyPOLWYeh/OQYVoIAACIAACIAACIGA3AkiGYOmMQRBaijP/L/b5b1Ea+ow/JhCkZJ0UOeevtWu5qC6Hlv3FsWcR/oUrThnztru6adyAEiScycI0z10dogcXBivcd7UgwufZsrcHW/gSbSF+w+zJbqdSskLf9uQMpc+x1RcNBEAABEAABEAABECgsAlAEBbY/J813k9/bWGnUJ2LqK/IRW/c4CMvxwz+s4Po5tnl9PlvxmwkijGR/9ewDtGD5/moLWLQMrZyIsz5nEf99CfPk75JPOe9nOgn2Tbt3RBNfruybIWcX8yW3jeuL1W+5mvbESBayEmPVv0UoYP3cNM5//GSZFdFAwEQAAEQAAEQAAEQsI4ABKF1LPP+Sr9uitL5j7GpiA1MFVKDv7nixCI6r6NRGUx+J0jTVuji13TupWJdlMQk4r6IZj2Bt78K0+0vsxoyNYnj3Iste8k2mboT7y9Tyoro291nFVNXLjGSb20zP5S44+Vy+uTXSEWWVBn1xZ2K6OLj81jB5htI9AcEQAAEQAAEQAAEEiAAQZgAJKcccu3MAH30PQen6TSFJIpZcnMpFcXRBSJM7nwloGzK9TFowqMBu5i+crWPpLYdmrUEzhjrp43bjNbBo/dx0+i+qReHfJQzjr7AGUc1S698PW4/D91/bvIWR2tHa7yarLUeD5bRdp0e1pIclXIJlDduKIWVMJMTgGuDAAiAAAiAAAgUHAEIwgKZ8rWbiM6dUGZIJCNDP/UQL93cs/pig/9jd73rny+nEOtIczv7KC9ddVJ+FioU8TOf4/C2BWKBkuVs7BTr2j2cGKdx7fyd9OfeC9HjS0ymPO7ulEtKqO1uqftLrlkXoUue5LSj3PTi/jV2G62XR6GE73wdpv++ZLSO6ozTysMLJDbK3/WLnoEACIAACIBAYRFwRnYbCMICWbWjFwZo3uqYqtNsT162Dr5508432N/+GaVBU/wksW3K+bod+qDORXTRcfnjxvfGp2F64LUgBUJsV1ItmyKAtBp+0v/duGTDpdzv7lykPd9aH47xNMcO7tqAy0QMT1+1nfqQn7bsMFoed/ZAINt8rp9VTu9/Z4xfjZk1+YFGBy8NZ/dmNBAAARAAARAAARAAAesIQBBaxzKvrzR8Wjl9/Itxo31oKzc9ekFiboif/hql4dP8VdxHxft0zrWlObe6SRKc2zju7O9/Y+JBU72KGJRfqaJCb20qZm1xR68S6tQ2dcublZO+YWuUxF3U7J576iEetuKm79p5w6wAvfed0dQrNSZnXJa+2LSCw09/R2nA46Z0qHzho1q7FQHfLg0LqRX9wzVAAARAAARAAARAwIkEIAidOKumMYkIOmU0lx6IeQyqColozPkl1JE324m2V/4vRA9JTTvTCR3beDjzaPqCJdF+aMcF2A10BrtYzv04xEIwZvmq0IJaIXbtF2qn9YJQO37AsV4lYYlkWc1lu14v2DRrLHdo76bWlIhY8lVESdaib7s3dtPzwxJ7KJBpNre+GKBla4yCdXcusTHzcl+cIiiZ7g2uDwIgAAIgAAIgAAKFQQCCsADm+cu1ERryjFEIeFggvcXxWMkmhTmbs5Su2xxTK3rnQ6lpl0oGzFTxP8A1+uazEFTKZ0hftK/qBXVGQuUAky6s7L86CBGDJx3kpRs5nlLYZLst5QQ+/+XMouZbS/ekb8tuLU27S7/zvJ0rWWZ1rSHHU85nC2+u22+cAfe8CVWtg7ecXkw9Ds4/195c88L9QQAEQAAEQAAEQMAqAhCEVpHM4+vcxkk6lnKyDn3bj4vMPzUoecuQJKc5f2JZZTkAVcFI1tEF12Xe9fD7v6J056vl9DO7F+qtfRV1FfmXWnhvMQdJ7tGYayuyzlgvNf1EGMoXzVqoisgKccu/l6yrvQ/30tBuRVQri0bPc8aX0R9bqi4iGdcFbMEc0jX92LkwX6vLyLKKWFDtbm/fkvyDAauX+wjOgPuBmgFXyyq6Sx0XvXyVD1lFrYaN64EACIAACIAACICAjgAEYQEsh9M4mcg/pmQiJ7T30J1npqZ4ZnCh84mcCdMc63Z772LqfoA11pwrpwfos9/CSmIYEXiH7umhjRxj9/MG/kkTdSb/z1iymyjVK3XTZSygTj8s1hdJhtNtlJ/r8MUUoHiGKn3nHzkBacwqp4sx1JZES04+83C/EmrBXzPdTpD+cSIcfZOfrupepBRkt6qJFU6scfr29KW5rSkpSYsuepJjJ02Dv5Iz2Fo5dqsY4jogAAIgAAIgAAIg4CQCEIROms04Y9m4jej0sVxuQvc3EU5jWehIso5UWkipFeenHVLSQdc6tfXQyLNTE5n664jgnPR2ZemFiC5bqKbdKo7XWfzEujecBZSUwzA3iTWctDio6D5FBKoCUL4qo1B/p30vv3Xxf9mwfPo5FrLbfTxHJt3Z+4giuu4U68SgDFNKiLz/vTG5UK4L1F/JCY9WmxIeSV3M17kkhi99w2gqSxzngAAIgAAIgAAIgEDBEIAgdPhUz1kVoge5DEOFfyUrnnq1eLM9Ir24sfvnB2nBJ6xkdK3HwV665fT0d/AXcb287/6MiRZxdPXoLXnq/SqlaJR2b+imTvt7acAxXqpTjResWAm7jioz1FOU34kk1qyEmtup5rKoDW1EjyLqxW6kmWpPLg3RsyuNtQdlfG/eWEq109fXhm6PfzNIsz80zptk8LwwR6VDxI31lNFVHy4cs6+HHjjX4sFnagJxXRAAARAAARAAARCwMQEIQhtPXiJdv+a5cpLi8vomWTWHdElPuL3NSVBu5yQomjATS9ux+3nofgs28f259IDECEoT66CbVZvJO1T5m8RB3tunmKROXyLtyXdYeK2oFF7aNfduSvTLBiKxfFa4o8oFNTdSVopN6rnp8D3dXLuwiP7TOrH7JdInOWbQlHKSwvH6JndYcVt6oj3e/V+VTLH8gEBEsFaPo+v+HrrnrOTjSasfX7zZin/0im/CdPPsqoXo51xTSk3qJEoQx4FAdgkkvsKz2y/cDQSsJeCMgtvWMsHVQMCZBCAIHTavIixGzg3QDk4qOrx7MYu28ipJRKZwMpm2LKbSad+si9LFXKxeL6AaccbKeRZkrDztoTLazDGPLlYtFS6cmoun6BixKnHmyVvPKE66HMElbH38hhlFWcGKS6jWJg4soU9/CdP0lWHawbGGFRZIsU5qbqnq4WK1EwH1nzbpMdTu3WOMn/7VYjz5HnK/PZu4uT6glSItdjd5OHA1PyTQS9q6Phe7Z2Y+IVC89TaCXVg/MLmw5qqMSTqvB5wLAiAAAiAAAiAAAnYlAEGYoZkTa9PKbyKKsFn0aZAkcYaIDK2kQXGxi0o4C2aAxYcUSG9a16VYvM4/2kvN66dmgVrxLRdnf7E8ZuniJjF14hapb43Z6jKXrS/ptu0sOLs/YIp743st+29pWlkht/F1T+KaiRqBinISqlASiG13c5EkQkmlred6hX05sYrUMNQ3SRwzc5iPftrACU4m+xXLpFLUvsIEqhOG6u+usiDpyR9cCuIctRSEonn5fxG+7xUnFNH5Ha13U5V1eDEncNE3GecKnjer2/yPw/T0siBt3B4lyRi6myk5T5D9gT//LaIm+NFUN1GbZm6qw9O7eVuUtuwgKmIMTfk1oZVIkQRJm7dzOQ6OM2zCr5t4cYZybalNKYmE6pW6qDEfJ2tqk+6aTeq5FBfjw1p5qA8n7ilNz2huNT5cDwRAAAQsJwCbn+VIccFcEcBitpQ8BKFFOJXN7doozVsVZPe/KK3dFFNlmmuRXpcp3nqV+19DD5ryJnUGC5NkN6dPLA3StBWhyuyZclUtg6buDpJwRYRMuq1cEqFwTJ65LeESBiVpJBpd9HmY7pljciHUrINireMbimCWcgSptpnvc5ZUTjBjbsdx3NoodnldzVa0u7i0xUYWHcq8qVZCEdh605qPBf3im1Pvh1xa4vkkrk/f5J4Pn88WyBST/tTEZQNnau01zigIvTywd25Nbxz6e+7g6XtgQYAWfxneqQW3Ote76l4f1f3ePOZ4x9V0bjfOuntXill3U12HOA8EQMB6AtgjWs8UVwQBEHA+AQjCNOb441+iNPaNAIu/KJWrJQ0MMWi6a5s3vjVtTp+4qITat0zcHTHAn4AncpZKSdChNbEMKvrFZGx87IISOqRV4teuDo+4jF4iLqO6JgXU30mzgPqiz1gQssurvknGSRHcWpNSBFdyNtFUm3Aa+ISfflLjFLXryJw8xZbHtrvGoI1dFKSXPpKEPLGfzSwF99xrfIr1K9U25Jly+nKtMX5Q+vHaDaVU3zqNVtG9eIKwAVvQFoyw5mbCdvBTfuWhSOpUqn9gkoggTEVM1mZL4SJmjgYCIAACIAACIAAChUYAgjDFGf/45ygNn14piCozVBqMSEYLoc4qWJ1lRLojrot7NE58O72SE3PcZErMoWTQNF2imF3vFt9UWuX3qSAQS97dr7Jw093jkD3cNOHC9OLe/mYLVm+TBUti9iQechO7Hkp8WZvm+ui/VHpPShKXSziZi5nyPuyu+MzgyjGI1XfMawH6ZWOEQiY3U7nztacU0ZlHpOba6WetecL9Va2sJax1l/A8ZaLFE4QiaOewsLWirfo5QldNL4+bBCje9Wt6HaR6vOZ6m4wi3b2Ri56/3BoGVnDENUAABEAABEAABPKIQLIbljzqeiJdgSBMhJLumKWcXXPhp2GOCYwo8UhaM7iG6oWfOQaNT1Bi09QTzYKkSzvO+MiZM5NpU5eHaArHaulbvPjB1k3d9OyQ9ASbdo+rODHJKlP20s7cd8n6mU4TLsfdU1UkLWPLoyd9w6ahawM5wcz3ankL+YMWL3jfOcUkNRXN7dKnyunrPyqteRLTJtkw66Wo3V75X4gefqOqu+hRe7uVOpGZaJkWhFpMZHXr2zwmzSU3nvU1nrW9uuMTvm4cV22xQF/WrYjE8owGAiAAAiAAAiAAAoVGwFaCMNfi/LG3QjTz/aBieBBZoCWIUcQE/6tIhKJ+L0kvdm/sVixIDbn2Xy3O5rhucyxbiY/3no040cU6TirSsHYsucVenFmyAR+XbBs2tZw+/VWuG+uD9KWIxZOWXEYTO//tVUynHJRGgJ/asa1sGO3JmUD115c/nXCAm+7snb6QOWNsGW3cZhTNs9h605KtOFa2fzhhSa9xZRRULX+aKGnGcZzPX+GrSGKiv+ecVWF64m3O4srG0Ts55kwEfKrtQbY8zuXr6ZuIUhEmVsR5xuuXCMIzTBbYxrz+5l1rnXXs0beC9MIHMajiRtyTazjKwwL97A3nYvRai4m8KJ11lPCsVP1i5RaB2aAWvz503ZPj//wnSrVLXDWKcZmjjf9GaLdG7oqHCXJNec3VV68pon7f5m4S6zkaCIAACIAACIAACBQiAVsJwlxP0KkP+emfHZwVkf+LWZM4TkpVEcrPvOOVDfBph3io3zFFtFuC9fHSGVcZG5i6s9uh3F6znshXsRBqP8v1JVPjW1zoXKwh6baJS4I0872q/pMT2V30IHYbTbddrJaGUASEqiIe5djHQy2IfTT37XW29o6cZ4xZlGP6c5H7oV1Tj1NMhIHUiPzoRzXLpjZ//PX6HkXUi0VUJpomCPXiTETR25wMyKom6+6dr8NKjOZJB3pIMrjq2+8syM5VM6vqfy990DKJWtUXXAcEQAAEQAAEQAAEQKBmAhCESawQifeSuC+tKYJLTWmmbXn34fi2Z1IsiZBEVyoOfeGDID3Klkt9E2uHuayCFe6ccg+J8TvrEb+SwEa/zTfH3qUyFu2c/pPK6ecNxkQrQ7sUUf9jMyOShj1bTp+JhdXUnhnso32aWWuV1G4hlqoTOEtrgA2EWmkNASrfi/g9bM/0hXW8ORBXZxHc+iYPD5ZnoOxEdWtAso/e+YpRhO/N7szTLHJnTmft4VwQAAEQAAEQAAEQKDQCEIRJzLiUWZByC/qmT97SuqmLbutVwnXUMiMi4nVVEnhIIg9FzqhmQsVCKHpCFy91O7uLdmdrTbptKLunKrXj1NvJVxEUL7CL5a4WWURFsIhw0bfj9/OQxPZlov26MUr9Jvkraw6qN2nD8zl1iHWulPq+f/V7hAY/bRRmmtuxJHhJJ3NpTYw+ZuE7nAWwvmUyiU28vkiZDSm3oW99O3jpihMza5HNxNrBNUEABEAABEAABEDA7gQgCBOcQYmX6zwy5pqpiCFVbN3Tp4TLFLjpzy0RxV1SH1eY4KXTOkxKP3wtKf7Vjml9U36UX3LJBPndghGlKcUn6jv30kchpRSDXu7Kffoc6aVrTrZuMy+xmrPY8qlYYKXxN0fs7aFH+mdGEMotbnghQO99a4znE6H7+vWlHKuW1hTFPfl5roU4wVQLUdaUJM7JpLXurS/CXGPRaJ3bl63aT2fRqn0Zl9r4jEtt6NfR3WcVU9f9039gYf1M4YogAAIgAAIgkCwBVMRMlhiOzy0BCMIE+X/ya5Quf9ZfmTiGN++SmOI1i+q3JdiNKodJApa/t1atOajENGrqVTXnlRa7lKQdI04tppIkvS+nrgjSlKWh2CV1O3kxRM67Ln2xqR/Yl6r1TC8YanHf37wxM9Y6ufe/nNj01DExwa9qUIXf1Sx0zz4qSVgJTOZNLEBXmgSo3LsOa95FHOuZqTb93RA9zjGgmolX5rI3Jz26jstnZKOJRb2TPFhRQWu8Xxzuy0rMbTbGiHuAAAiAAAiAAAiAgJ0IQBDWMFsbWGiNeS1I6/6JcOxgVClArzRVYNVifXIUW67KymPKq0k9yRBZROI6mo22aTvR6Q9XihjNOqjPNhrlnbebd/1RSYCjylmxQh3K1syeh3lpH86w2IKzd5otmxIrKW6b8z8O0XvfRTiZjrHQuGYhPaG9R8m2aWWTe3fjeE0zxfESW5eBxDJa30fOC9Jrn7Arozq/IpZ244Qos9kd1uom1mZzltYoP1A8iMc3aWAGTJLqAO6dG6TXPw1ViHpZucO45EK/o60XvfGYyVq6YZbRZVXWo5QVQQMBEAABEAABEAABEMg+AQjCapiv4sLzV06LFZ7X6gaaXSW1GD3NECfHRviXdUrcsXT4/IctZVGK8Ea/lFPkN+L0/tv8UQqxZ+IRXGvumlOKqW4ae/8Pvo/QiOd5cx3zDFXcRpWvpjGJVUaaVqheE3PaV/m9WAy9qioMhKJKrKR+XHK+drz2fbP6LnrxSl9G3GQ738eCSfXgVLrP/5OC9M9yopdMNcmKOeDx2Jzr27j+JXTEXtYleYknipQ55H9KaZCDM+c6KWU25EGH1oTt1Sdlxgoab57m8QOG0QuMtRfrlebe0p6pNYXrggAIgAAIgAAIgEC+E4AgrGaGJANkmWYsMikjfUIVs0jS3Ck1EaN3r6yw0qnCTS8o9Qlg5PqHs2C89uRi2qNx9dbGx5eEaPp7QUVwSpN7aaJP1VCx3/M/6aeIRUXW6Maj77/yJ80IysdWEYTqteQ4EYNiObO6WLw2HfdxKYjXuCSE5lKojeGi47w0iDOOZqrFyzi6H8eIPjUoDeVu6uxEnreZPG/6ps2DCOxdmW0mWpAFdlde19oca/e4jUWolIfIRouX1KZNMzdNHWwd32yMA/cAARAAASMBxIxhRYAACNiXAARhnLlbviZCt7xYbkggoze7GQShTiQZxKF6XW1rX2GVk+NVpVWdmNS6dAi7Dz7GbpLVtfMm+uk3zpAprWKTr7cQmhSdJlI1l1LtPL1oVX6ncy+NJ1okm+gTF/vY4pm5hS9lLc6f4Ke1XLNOL4/keykHkalMrku4JMIdppIIwu2h80uoQ2trrIQLWeiK4DVYnPkmPo6TXHJT5iyg77NF+XqxKJvaUnbXLLJmaDtdEJ9xhtphnKlW3w7cPbNusjvtFA4AARAAARAAARAAgYwSyO+HRhCEcSZ/G+9XTx69w+B/aXaz1LSWVpBes2BViCuxyIn4U3f9+uMNVkP1D/FsQpLdctEN1cdWGdwq+TpyXbEWunhzrxet5iGahatZmCg/x7EQimvfDZyQpjMnpslGW/1LhK6UEgnSlwqAREVszJK4RamtaHVb9RO7Cj9XmTxIu/55Hb10+QnWWCZXfhuhG1+Iufoqa4G/igA+pJWH4wetjcfU83lgQYBjQo2ZVA/mWNIJF2bPOgdBaPWKxfVAAARAAARAAARAID0CEITV8JOSADM4I6OIK8XdUtu8qyJPfq7NxpwjOanMP9uiSoHxjfz17y1yYPUWO3Hb1AsB7VizlU66VZPlRETrSQ9wakw2N4oNzSzRRD/V4bjF7UrCm8omR0sHi70uat6QaB1bGCuSm+hErIxP6tM1qevi2ELi7KQeuuj4ooy5iFa3jM9nK6jUCTS7tsowLmXX0QvYhdQKB8uVnOzkvrkB2sLJc/QWVK1fj1/ko2iCbSkAACAASURBVANaWnEnomkrQjT5naouo8dxrcX7z82MIJRZlyyqkk1V30aeXUyd2lovrKubTwjC9N6wcTYIgAAIgAAIgAAIWE0AgrAGopOWBDjWK6wUfa9iAeTfxYst28El3t75OkxBPmkXFlMbuD6hCDYRj43ruOjXDRFa8lWEvv4jomYnreyAJgrlXu1bumkwC57D9oxvjfvghwhdN1MsWS6SpDH62EG5omQPffyiEhJB9ZeIVG7m+MBSTiTz2EAf1WINsuqnMDWtHzMtruesqke19lALzrCZ6/bnFnYdnVimJLmJ1xtJ9nLnmSUp11j8mK2QkxaH6IvfwxXWOs26qplZm7OL7Msc22dVu/PVIC3+wliYXeZmAIvboRmKj/ycXTWHcv0/aRpHEfpS4iLZEiTpcIAgTIcezgUBEAABEAABEAAB6wlAEO6E6e8cwyYCbwfvpZ9dabTqSHmJZ4dYJxSSmd7bXw7Q21+pSVd01kvtGkO5lEB/LiUg1j85dvma2LGasFWEgaoMTjvESzf1tMYdMpkxJHrsP+y925uzY0pSFK1ViFtV4bTjxC/td3fRrg3cnKXTS/XiTMsGtuAu47mUOf38tzCtWRezPOrjO7Xr62M/pQzEQexaaVW7T1/eQr2oiPqFI0qpYS2r7mK8zo2zAvTud5UAZcwd2ng4NjIzFsnqRqEJwgoXYD7wIMQQZmbScVUQAAEQAAHbEcjvSDPb4USHEyQAQZggqA1bo9RrnLEkQX0O75NNfC5av0nl9AtbGxXrpUkQitBbcnMpFes8AacsC9LU5TGrVJXkN3y+WDNvPb2YLYPWCR8ruXz9R5STkfgrRKEmbisEonDQ/dCwDrHV0EWlnKhFymj8vCGqnFshiHXJdzQ3WhfDVFx6pak1PBqxVXf+tdaK/u//jNIFk6XOotoJvq/ED07IUPygWFe7s3txWM1Gq2EaeGxmM7bGm/9Pfo3Q5ZxUpiK2lidyf7aGP3lx9uIYrVyXuBYIgAAIgAAIgAAI2J0ABGGCMygC5Ni7JWZPdwL/cvl/S7MeVyc96MSFzWWDH8+61YHdPeNZfsa/GaIXPmQrpyogFUdS7Xv1q5SR6NuxiC7rmp1C5QniVw7bzu64984ppxXfiBtu5VTUKA7VGxiPFyde3USqsZPmTDyNWVQ+3I8zmrIl2Or2wochenJpiPyBKLXmsguTLynJmOvmY28F6fkPdC6q6ly/cnUpNa1r9chqvt7L/wvR2DeMlnZxpZ57jbWiO7ujwt1AAARAAARAAARAwL4EIAiTmLsT2MriZ1GiNREZUosv27F2X66N0GCOB1PKV0gz6ZU7ehfTiQfETxSy8JMwPfhaIFb0XVVJyhedYpJvh3TlhC3H5J8olOH+7yfO0snlEySRjzSzIIw3pVUEpOkk+VFKLxy6p4fuPquY6jpEn0j20m73lVUmDlJ5SXbRiVnMLqrNidSWlJIb+ibxr4tvYot2fi63JN4hcCgIgAAIgAAIgAAI2I8ABGEScyZud5I0Rt+u71FEZxye3Z3snFUhGvNasGrmTbVjUqpCSlZU10RIXftcOUlCFXHdq5LBk0+sz+6WC67zWZLBMwnECR+6dhPRdc9zncJNsTqFNVkMNdEoX/WxgYrHJp8oFqoh3bzU/UAvefPTYzZhLuYDF3wcovsXVM1o+vzlPtqjsfWWz511tJzXnghUc7utVzGddGD2sp3urJ/4OwiAAAiAAAiAAAgUCgEIwiRm+oLH/fTj35p/YUyEDOA4rKFsTctmG7coQLM/4KyYar1B/b0lKcn86xKLa5y/OkwPsLUwKrUL42iDqRksAG8Vr+//itJPPCcf/xKmFZw4Z0tZVKnpF0/quFj9lbDiKymK0gEtPNTzMA+X9vCQxII6tY2aH6SFnxgzmkpc5LwcumhqCZH0zI/kbLFj+yOO0KnrEOMCARAAARAAgeQJJOIDlvxVcUZVAhCESayKyUuDnGmUaxOq58gyPWJvNz3SL7sb2d5juZQEJ7kRVztzHODtYmk5KHFLy8btRGNfD9CHXMaijOPZtNZuN070wXFtdmsygh/XR+mNz0L0DSeiad3MRR335RIaXDpCykd4sm8UyynCAfwQQwSzvl1xYhH17ZBdq7b+/mvWRWjQlHLj2uWf5nBMo9S9RAMBEAABEAABEAABEMgeAQjCJFh/xKLp2hlcf0K3Z63FWSzfvDG7AWdHc0IZyYipF6ayu27H2RqnpJitUSTDgwuDtOjzEBe0JxrX30d7NcHmPInlkZeHXviEn35ggaw1qTn5KguvmlyKszGQPo/6aR2X/9Bbpruzy6g80EADARAAARAAARAAARDIHgEIwiRY/72N6+GNrRr/tPK27PkcLvsmTDe/UM7WwapibXTfEjp6H4cFwSUxPzi0KoGV34bp9pcCSgIeiY+8hUuLiPDKdRvJtRhf/9Toyupl8+3bN/sUyzcaCIAACIAACDiGAIoLOmYqnToQCMIkZ7YLJ8TQF0iX01+92pc1V7e+j5XTr5siVTbNJewBKLUH0UDATGAzuwX/xDUr923uVqy/+dA+lXqEz7K13dRqypCbD/1GH0AABEAABEAABECgWgI2Ff8QhEmu6Ys59ulbjoGSzJxaXfEJnL5f0vhno503wU+/boxlTdEbUk47xEs39cxucptsjBf3cC6BPuP99OeWmDurFgu75y4umjEsuy7YziWMkYGA0wnYdOfl9GnB+EAABGxHAIIwySm7jd3vln7F/neqGhNheFPPYup5aHbc8KSw90Nc2NutL6bOY1h2a6njSiYkOTU43GYEpOzJ8GlGK6G8ngZ39dKFx+Lhhs2mE90FARAAARAAARCwKQEIwiQn7ubZAVrBcXz6dvQ+HhrdN3vJMO6dE6RlX4fJH4lQo1puuuqkYuq6f3YslEniwuEgUCOBIc+U05dr5Sl/ZZNnLXedJWs6Ow9ZMEUgAAIgAAIgAAIgUMgEIAiTnP2xi4L08kfGZBhN67nolavg5pYkShwOArTgkzCNmh+IWzdSLO+nHQJRiGUCAiAAAiAAAiAAApkkAEGYJN3vuBD6RZP9hrMke+Pbt5QiO2KSLHE4CAiB0zlz7ybO4GtuElc4rGsR9TsmdzUTMUMgAAIgAAIgAAIg4HQCEIQpzHD3B8poR8B44tOX+jiLI/Llp4ATpxQ4gZ//jtKV08tp0/bKeokSSyiVVeTrwa3c9OiAEvLAK7rAVwqGDwIgAAIgAAIgkAkCEIQpUL1xVoDe/c4YR/gIb1gP3xM71hRw4hQQoBCHEd71Cids4thYLeOovtRmm2YsCi8oobpJeGZvZUP+hz+E6RcuudG6qZuO288DUYm1BgIgAAIgAAIgAAImAhCEKSyJ//spQlc/V5kdsXl9F00b6qNa2csrk0KvcQoI5D+BiYuDNOP9UEVMoSYOpeclnHj0+P28tFcTF0ncbjN+3e1S10UN67hoPZevWPdPRCnJsuqnMH2xNkrbyqOG2MQTD/CQ1DlEAwEQAAEQAAEQAAEQqCQAQZjialjIyTDe/TZMh+/l5pITXipGmFOKJHEaCBgJPLM8SFOWxUSh5joaj5FaCtTwp5qOlwNnXe6jlo3g2o01BwIgAAIgAAIgAAIaAQhCrAUQAIG8I/DImyGa/UFQqfdZnXyLJ/7iiUT94KYN8dHeTSEI827C0SEQAIHCIrCzN+vCooHRgkDOCUAQ5nwK0AEQAIF4BD77NeaaHTCG61YcGnc/UcMm4+A93DThwhLABgEQAAEQAAEQyAcCUoYY6TfyYSYIgjAvpgGdAAEQiEdgFcfrXjezXEk6Y247cw+Vvzeo7aLeR3ipQ2s3tWvhJg+Mg1hoIAACIAACIAACIGAgAEGIBQECNRLA46tcLxCxEL77TZi2cx6nMKu8f8uI/0Xp901REiviv5xNtDYb/g7Y3UX77eqmhrVcFJFyFXt4UAom15OH+4MACIAACIAACOQ9AQjCvJ8idBAEQAAEQAAEnE8Aj9+cP8cYIQiAQH4SgCDMz3lBr0AABEAABEAABEAABEAABEAg4wQgCDOOGDcAARAAARAAARAAARAAARAAgfwkAEGYn/OCXoEACIAACIAACIAACIAACIBAxglAEGYcMW4AAiAAAiAAAiAAAiAAAiAAAvlJAIIwP+cFvQIBEAABEAABEAABEAABEACBjBOAIMw4YtwABEAABEAABEAABEAABEAABPKTAARhfs4LegUCIAACIAACIAACIAACIAACGScAQZhxxLgBCIAACOQngSh3y5WfXUOvQAAE4hHAixbrAgRAIAMEIAgzABWXBAEQAAEQAAEQAAEQAAEQAAE7EIAgtMMsOaCP/+wgmvBWgJZ/E6b/tPbQTT2LqVaxAwaGIYAACOSIAEwlOQKP24IACIAACDiMAAShwyY0H4ezeTvRZVP9tHaTbOBirdfhXhrRoygfu4s+gUBGCET4qu6MXBkXBQEQAAEQAAEQAIHUCUAQps4OZyZAYN2WKA15qpw2bo8aYpWKPUQLRpTCSpgAQxwCAiAAAiAAAiAAAiAAApkiAEGYKbK4Ln3/V5QunuwnsYyY24G7u2nSwJKUKcFZLGV0tjhxWznR8jVh+uD7MO3awEXnH11E9Utt0XV0EgRAAARAAARAAARsRQCC0FbTZa/OnjfBT7/p3ESl91FWchI7OGGgj/ZtjvyG9prRqr1d/2+U3vg8TMu+ClORl2j/Fm4qDxGt2xwlN/tHhvlpQINaPOclLsPvPPy3rX7+VxYlH3sON6zjUo4NhqK0cWuU/vgnSpFKD2Pq0NpNY85P/QGC3Tmj/yAAAiAAAiAAAiCQKQIQhJkiW+DXDYaJutxXVoVCPbbyjB/gozbNIAbttETCLM4mLgnSYhZ/ItQa1nLRPyzmRLxJc6nTKYJf3+T35t8pDwbUgwyrgH+oaVXMvsJHuzXEurHTukFfQSBXBAL8GfQWv1/Jw6cObTzKgyk0EAABEACB+AQgCLEyMkLgve8idMMs9vvTNREHL13po2b1sKnPCPQMXHTuqhDNXR2m7/6MxCx2JtFmdt3Vftb/3vw7vWaUlRDvnHhDkbXTvD7WTgamGZcEAUcREC+Fy58tpzV/xAIWStkL4ZnBPmrZCO8fjppoDAYEQMAyAhCElqHEhfQExrwWpDksJvStSzsP3dMHtSbsslJumh2glVwmRFp1MZvZEoTISmuXVYN+gkDuCUxdHqIpy4KGjlxwrJcGd0Fm69zPDnoAAiCQjwQgCPNxVhzQp17j/LRBdSfUhnN772LqfgCnF0WzBYETRpWRX9X0FcLPoAA1+541wxHXUs31VK4orl5nHeml7gd6qO2uKNhgDWVcBQScTWBHgOjMcWUkian0TcocyYMlNBAAARDIFwL5VI4KgjBfVoWD+vHD+ihd+ARnDDG1N24opTrIC2Kbme52fxmVqw/Za3LrPHgPN9X1uagZu3PW5RjRvznRzPp/iV1M+ayoi+rXJipiPbeJ61HK76L8O3JFaRuHmO4oj1JxER/D57lZDRbx8wI/3/Oo1i4666giqg2Dsm3WS+F0NJ8+wguHeqIjnbqCrYPvGK2D4jI691qUOUqUIY4DARAoPAIQhIU35xkf8fR3Q/TE28YP5HTLTGS807hBFQInjS6j7epT9oq4P9F4fKRiyeN9cS+24F3PT97RQAAEQCDXBKqzDg5gd9EhcBfN9fTg/iAAAnlMAIIwjyfHrl0bNrWcPvvNWH1QPozlQxnNPgSOu6esIhuo9FoMfns1cdHPG2LyUJIDPdyvhFrtgkQN9plV9BQEnEtg2soQTV5qfBhZzB87c68pZS8G544bIwMBELAxgTxxOoEgtPEayseuS9zGyWxZUkoNqCFmYk16doiPWjeFcMjHOYvXJ8nS141jCPVN3DlfvqqU3bECnO3TTX07eqkYIaF2mVL0s2AIVJcCytkAqrMOnvMfL13ZHV4Mzp59jA4EQCBdAhCE6RLE+QYCT3Nmt6c5w5u+NeCadQuuw+NZOy0Vifc7/WGjIJQ6Xguu42A/B7b1HPe4bE2YahW7lJpljes4cJAYEgg4mEC8UAUvxy6/dJWPdqmDh5EOnnoMDQRAwAICEIQWQMQlKgkMeNxPP/1trE6+fws3Tb4Y2WTstE5+2xSl8yYYEwO14KLwL3BxeKe1Lax7L3nST39uia1bEb5TBqHmodPmGeNxLoF/+a2qFz/AEs8GfaZilKtx7pxjZCAAAtYSgCC0lmdBXy3M++nukpnSaCCkK9hdpy+77aDZh8CadREaNMWYt33f5i56+lLnCcJ4NTP7H+OloV3hZmafFYue2oXAix+FaN5qtsbzM8JSzjDsZbfzMMfQyIMYKRwv3gnrNkepfjU/yzj1x9QqcdGyr8O0eUflg0gJWZBCNce2FWu/S7mem38h95FyNuavW1lQBkNRasjHRtS+yHV/+CtKAf59EX98beUHR+12c9N1pxZRLbw12GW5oZ8gAAIJEoAgTBAUDts5gf/9FKFrnjOKCPnwXXxTqVJOAM0+BFb9HKGrphvn8tBWbnr0AmdZesWafQFbtY02baJhJxTR+RwjiQYC+UbgrS/CNPvDENfZi1Lj2i5F8Gz1R7ncC9GBXAKma3sP7cmJnvLRTVISvjzLZSHMTbPqKbHn3Kr7Wf6mP8Z8fHV/r2kOzRGXcm+lYo70Q/0n3yhd4/+JOLz1jBI6ob1b+TsaCIAACDiBAAShE2YxT8bw0OtBevX/jB/23XhzcteZKCaXJ1OUcDeWfxOmW2ZzhWddO3ZfD91/rrPm8oZZ5fTed8aMuFKz7CVOniO1EdFAINcEJDZu0WdhkmyZ67dE2BJW2SNFvGiixdRRyarZvIFbeRgn1rZWjd30w/qIUiNUaoeedJCH9mvuJl8WrV0nPein7Sxeq6trah5LvLHpf5fo38330/8s2NT8ZxUCT3tApAm+eMKzczsP3dvHWe+HuV7ruD8IgEDuCEAQ5o694+7c86Ey2iSbFd1TXhGDIgrR7EXgdd6AjpxrFIQnHeih23o5ZwO0+pcIXTnNaAWVWbriRHZx7pBd66Bs+uezG12QtakI0ePZ1W3g8V7F7Q3NbgSsySEub6OyPleztV4TftWJl3iWqioiJo56kvMa1iZ223RRm2ZuuvC4ImrfInN2rx5j/PRvmb0EoVkc6lejlLNAAiq7vT7RXxAAgXgEIAixLiwhIJvr4bx50W8l3PzDW+wuWpLdvbUl4yn0i7z8vxCNfcNYz+vMI7x07SlZNCdkcBIivMvry0lzfufkOdqilbUriXNmDPORZCfMRpPN5qApfvr6j0qnVeU1xP/bpa6L5l7tvJjNbHC1+z1kNYjLtrhuK9YrWaY6a+DOrGQy/oSsbep1NV5yn9o+Fx3O7uHX9CimpnWtJfn420F6jh9+2KqJ+yizjyeTIQhtNZPobAERqM5zooAQJD1UCMKkkeGEeASunRGgj34MG/4kcSzPXYYNrR1XjMT5PPmOURAO4EQrQxySaOVhdm8W0VsRqxTTYPTQ+SX0n9aZV4Mv8b1f+ShMf/4bqUjCpGz6pR/qzlM+0KYOLqV9mtlxBaHPqRIQ++IFk/z084bqLWn6a8dzZ4wvCKO8voyyRhOayvVMOyiJ/x51dgkdva91rwe5xfyPQzSOHzZJ8jF5MCNXl9+33c1FR+7toX+2x+Ih67KlvHkDl+HnXflnSULzN5eJkWPq8DF/bI7QV7/L2GJNxFtLfrDTsqFb+XsR30CS0ER4sFH+o8tl/Er883ZOGCNJ0cTN1s0vwPpiNeXzftsYpRB/rIlV8y++p74he3aqKxzngQAI5CMBCMJ8nBUb9ums8X76S03br3W/52FeupEzsqHZj8DEJUGa+Z7xSb6IQRGFTmgnPlBGZUaPWDp8Tzc9MiCzSXNkU3n9zHL6fj1vYFWrg36babZC3Hu2jzq3zZwLnxPm0kljEIF03kTVcq0bmCL6KhQPUQln5+y4j5vK2ONZhFMjTi4j5VM8LG7E7XgtW76//zNCIV14rEH8xYEWz+oo5+y3q5tGn1fCSWqsI73unyhJ/K5WokjcVl+6MjVvEvFkkIc7+nZp5yJ2f7XuvUrYyD1Wcmy1uNeecbiH3y88XLfUOia4EgiAAAjkkgAEYS7pO+TesonpNqqMgkYDoeJ616oxNrN2nOZ4pRg67++hXzgr5y7sRta8vlt5ABAvNbyka9enjZfxa2nitdTv8VLM68/Tvo+XKl5SxG/lJ/aS/OWY/VKLtes8ssywWZY+ZtI6KBvKh14LcpxgiDiLvdLiJbIwv1oevcBHh7bCa8iOr6FU+ixxuxK/q3cRVa7Da6ZFY0kM46HO7dzUpZ13p2JEtOByLsfwzhou8VAs2UiJ/Gz0F+uaWMPE6vXV7xHawaJSy6xptphrYyhmq9ys4aWWupBK6QcRWd+xcB3UpYia1UttnUtma8lwrW/3cLKXLpz0BQ0EQCBBAtaEPid4MxyWjwQgCPNxVmzWpzV/8Af6U8bkHI148zGPA+7R7EngrlcDJOnttSaiX3NnrCk1fE1p4LVrxUspHy+VfDxymjVN71opsXZzkoy16/2IX9kY69v0oT7aq0lqm9KaZlnYDebXh9R2VPf2yteYIIy5r8kPyphMF0KMkj1fP6n0Wqx6EtcaW5WxwDXttbIHP1ibzu73bJyyvK3h+NWZ7wfp09+itIFdmPXiULMayuuzDscWPjXIx7UCLe9CWhc8i1/LZnfOaUN8tHfTDMBKq6c4GQRAAATylwAEYf7OjW169sIHIXr0LWO8WVe2Jt19FvxpbDOJpo4q5Ri+jSjxOFpskc5jzSBc4rma6S9Xsak0CZ7qzjMfr/9Zu655q/dMkrF2A7j2oOaupl0zE4JQLDFiwVjFFgxtc69s9zUroSQK4e9L2Np54O5u5TitteUi2FMuyawLq13Xp9P6Lcvhwif89CO7EiuRg7osJg34udrc60rJmwV989EPERq1oJzLWxiT2Gi8xSo/64r8yawZ4GdWXe9jX1lTe/uWUhKrJhoIgAAIgEBiBCAIE+OEo2ogIPXqpG6dvkk2SslKiWZPAhLHJAkVtFaT6Mu2IIy3L07WtTIbglC4XDa1nL74jYU1f68X1MJVkl3syRbJPkd5qev+Xirl5ydfro0o/1o0ctFhiFGy54snyV6LBXnYVD99sVasxbqFwt/W4yQn80UMWpfXZae9E1fOhzkub45aU1bvRion12aX8KcvZUthw51eKuMHfPdnlC56kn3IdU0Sz7w4HMnMMg4fNwABEHAUAQhCR01nbgZzyoNlJHFd+gaXndzMhVV3NSddMe1TrbpNSteJ15fkXCujNODxyoQWWiestBBKH0fNC9DCT8JVasjJ/XbjLIgTB0qijiyYfVKijJOyQUDE4KAp5fQtx9FpTXsMU5uNw69eXUq1c+Ro8ezKEE3mMhGKIDS96BpyoXsRqrluS74M0x2vGLNDdeAswWM4WzAaCIAACIBA4gQgCBNnhSPjEJDU6P04RXqFWyFvHMTSIfUHC77lk4pKcjLEDUvcsfSb1EGdvEoNsTJO6KfsEXl88vUI3oA154QQWhp4sXxt5jTvkv1QnyZ+PaeJl9Tv4g7XgLMK6lPKa+nh5byaUsVLivi1vObWb620XqbiWplJC6H0TJKDvKFLDqLnKOnqH2cxKGn90QqbwH3zgvTap6EqNQOFykP9uATK3rldJFJ6ZuryWAZPvcuz/DyQs3gO4myeuWxPLA3RtJVquIL6lnBuBy9d2T23/colE9wbBEAABFIhAEGYCjWcU0FA6rm9oroWyS/lM/mQPTw04cIcPdbG3FhC4IT7y5SMhPq2cEQpZyS0Ll18qh2VNZaua2WmBKFeDCqvB/WhgGYHVJKDcPIaRQza+IFBqnOH8yoJSB2+E/l1JlZCreKgtk4knnQSPzTIh/bo4hDN4qQzFS7PqvCSNfz4xSW0P8e65qoNmuLnZE0613b+9nouddTrcIQr5GpOcF8QAAF7EoAgtOe85U2v49Uf7MRp0Uf2yY/NTN6AsllHjrunTM12WNnx5f8t5aLNXMDZonTxuUSSCUEo29Ibni+n9783psDXtqttOOvhUxx7lc14sFwyxr1rJjBLknG9qbpkqofKWmnHAuuJi/LLgvwEu45OZ+8A5SEH/9PEoZSdWZhD19ETHvCTP1ApCKV/d3Eys26c1AwNBEAABEAgcQIQhImzwpEmAtu50sTJHD+oZUzU/jy6bzEdvQ8+kO26YHZwSE53LtyubyX8wH3Jzc5xAxZB+CPXVNTvbp9Lo+yEZBO9/aUALeOab/Ha8VwvUWqjwU3Urq8Ka/st1sEe/N6pWOHVkiNyh6bsei0JUfJxndz0QoBWcPIwrSyFQoT7PvzEIurLbpq5aMffG7Ow6tsMLs/RahfE5uZiPnBPEAAB+xKAILTv3OW8569xjJTESin7glhoGNVhw+CiG5wjHHIOOQcd+Jvj83qPM2YJkqLWkrjFKa33uDKSmEZ9BsVUBeHGbWyVeLVqaQmNVae2sRIs+bjJd8p82m0cd7wcoCVfxR4eVOgZ/mbGMB/tmadiRkTsKaNjscV6K2Etjg5488bsvzdIIjNJaKZv4ry67LbSKvU87bM+UB3cPnOFnuY9AYRlJDVFEIRJ4cLBegL9uDTBL7rSBPK3s4700jUnI6DfzitF6vOJBU3fJPZtJm9WndLixUgmW7pCWEj87GNcgzPAm2UlyY7JMHEwx9OOH5CfYlA29m99HiYvG/M7tPFQ/ezv6Z2ynJIaRxlbBcUCb/as6Mhz8OB5+R17/dy7QZq0JFRlnd9yejH1ODi7XiEoOZHUssPBIAACIFAjAQhCLJCUCAR5M9klTkHgBzndd0fOOolmXwJfcB28oc+wP7CuSWbMyZxAwiktXUEoLqJ3c7r7xWzlMSTb0Ln/NanL7n9X5mfMoFh7LucaObxqEQAAIABJREFUiWvWxeIdpcTB4xf5aC+ui5jptv7fKL3BQnT51zEx2q6Fi4IhF/2xOUobtkcpxH0TcTS4q5fEVdlp7a5XA/Qmj1//8EAeZD95sY/2Zxb53KSf8topNyWcatPMTVMHZ/f9QWrfSg1cfTuslZvGX5DdfuTzfKFvIAACIJAoAQjCREnhOAOBld+GSWJK9E22Mstt7a6DSRYCH/wQoREzjYLwSE5/P5bT4DulnTHWTxu3GYOPEq1DWJOLqOahchTzGs0PR7x5ur9/almQnlHLCWhz2v8YLw3tar11fxsvpRmckGTxlyH6tyxK8rMei9myqjEsYXjDu3vp1EO8VJRd41NGl3nXUZWCShOFrXZx04zL7PH6kmQ4YhXX5knLpHvf2SXUqW32HgbO/jBE4zkpj76JlVKslWggAAIgAALJEYAgTI4XjlYJ3M1PuRd9oSbQUF3lnCYaCnWy4xV77tIulhTFKS2VLKOyAZ7yTohmvhcksZDHa1J78Z6zSuiIvbK3MU52TiRp0JkcQynCTN+uO6WIeh9hjUlOrr2cE+y8/VWIPuQHDAb3yDhxHeZfaSJRvvqKXJykyk0XHFtErZu5lEy3dm1bOORNksloxd4l7lqxDrJ1tn1LewxM+tufa89KDVp9j4t56bw4vJQk3jgb7SGt5JGyeGIraFCnIrroeGvWcDbGgHuAAAiAQL4QgCDMl5mwUT/EXa7LyMrsbpqdRbKLHoPsojaayfhdnbs6RA8uND5573moh248rXAFoWQyvOq5clr9c6TSRVTFp22KG9Ry0dQhPtolSxviVBfa1BUhFrbG+ZXNvCQNqptGmKi8D0iM2av/F6a/2S1UmJljKiv6XEUBKvv5yj+r5+qth4o45CVYu9hFHVp76GoWsJLQxE5NstBqbo4am/q8bhZelwb4HADQxlExv+qHQG0exmMX+Gif5pkXtxc+4acf1lda+WV9/LdXMZ1ykIPMyTmYW9wSBECgMAlAEDp83n/lpC8PvxGgL36LUNtd3XQDb+olQUg67WVOpDGWn87qm4cvuZjLEjjJtSsdRnY+d+Z7IZq4xDi/53X00uUnWO9OmCtOyVgIRdg8sCBACz42xn1J3zXBcsy+Hrr37GIqyl/DoIJarIOnP1xGkthEaarwOpfLBkj5gFTblxx3evecAP3OcYCVqo6/q+atpsLdMM4hNf5NJzIla+ttLABOaG8fAXDdzABbTGNpOsU6KK3XYV6lmLqdmszRyZxxVEoPmbV9o9oumndt5gVuvBqE93A23y6oQWinpYS+ggAI5AkBCMI8mYhMdePiJ8vp2z8rC2Xv1tBNs69IL1bl+lkBev87o89ciwYueoHrZ6HZn8DkpUGatjJWhFprgzoX0cDjnOOKlagg1MTgwk/i+4g2rE10R+/8dhHVz2OFINF+ybt5D+upl68Sy2byD4pECD69PKi4hSbavJ4otW/hVayRzeoT1St1cQmQKFsViUpLorRlh4u+WRemHRJrqLcayg1MVkcR5Afu7qarObOxPPDK99Z9tJ/HpRPN3OHrehRT78PtI2o1xpIY6B4OHYhnBR5zXglnrs3sfMSrQThzWCk/8Mz3VYD+gQAIgED+EYAgzL85saxHId6jdWbXTn2TrcjyW0vTqol2+tgy2sS11/TtqpOK6OyjnCMYLJsEG15o7BtBevl/RkF4Nc9vHwfNbyKF6UUMXsvJdf7vx5jY0bbxmkZpVt/FmVd9WYuZsmIpdR3l5xIZRkHSdX8310lM7iFRskKwIbtF7sH19c5ga9gJB3h2Ggcolswxr8WycVbXzJYpcRUc0q0oJWFrBdtEriHvx/K+XNF4EI9d6KNDWiUvxhO5X6aPeZ4TzEzgBDPmJgK9D5cgylSTxE5n8OeQvkls6fL/onZKppjjuiAAAs4mAEHo4PkdNT9A8Swb77Ag9Kb48PbrPyJ06VPGbBRyrYUjSpXU9Wj2JyCuf+aN+K1nOCs2Z2eF6f9ii9WIGQH6aYPR8qVlVGy7m5seH1hiOxfpeILwFp7bHgnGXYnbrGQolRhBRZDV4BJayl6Qpx3qpa6ckOjAPdwpFQuXJCxPcrzjn1si9M0fUdrMZSlqaiIKxGI4hjO8yv3zrUmpHn1CIllPIggPtakgFL6SbXoFZ52ueGLCvzuurYfuPydzAZ6f/RqhYc8aP4f2buqiaRzDiwYCIAACIJA8AQjC5JnZ5ozTHvLT5h2SBKNy1yZuWq9fn/pT1CfYnXC6yZ3wP1x38CHegKE5g8CN7BL8rskleBRv7o7bz35ubdXNSHV1CMVS89BrQZrPiXXEkhNP8HRmgXPXmflZbH5nK/CyqQH6/Dej1e1WTtN/yk6KiotFcMzrAZJi4FoTSah/b9F+v3cTN0nM6cl8TavtXt/y/cctCtCnv6jJfaq5QR1+n1twXeoPvnbGMdW/y7qriN9Uo+8kCYudBeEqTrR05fRyw1wXsVvw0ltqpYppp+fJg0554KlvnViEjuQ4XjQQAAEQAIHkCUAQJs/MNmd0482HX5c8Qj6xJQGDbGZTbWc+4qe/tkggD19B3RvecFqR4gqG5gwCl/OT90/5Cby+SbFnKfrslBZPED4ywEeTFgcqirWb6+PJ2I/Yy8MPP+wpBqX/4xYF6aWPEo8P/WZdlCYvlUQoNccIyttBV35vGXhcUVaK24swVYShaZ3q12dHLlXxYN/8elB1Mpec2Oav7KW8hT431JcVZpl67QZ4OUltRXN7IINZp+XBpBLnrPMb7n+0ly5jl2E0EAABEACB5AlAECbPzDZn9H2snH7bbEyTfxC7U01iV7dU2hreHA6aotvNqJpwHqerz1btqVT6jXOSIzBwsp++/8vomvf0pT7aNwup5JPraepHmwvTS7xg+xZu+up3fr2oVifNPVQzQrVs5OLi4b604m9T77E1Z858nzPILjbGfMnDnHhZLpd/E6bbXgpQuCYtyNy6cUxgtoSgmcLSr8P0GBcnFxdfc5PfSG3FMy2qrWjFDFQ8pNN11+4uo8JFaiv+yx8NyrBUkdbrcF5XPTIj0AY/XU5ita54rfJtb+IM2lIeBw0EQAAEQCB5AhCEyTOzzRmPLw3R9BXBCmOebGy9bMh755bUXEbv4oxyb2nF6FUKkiHwtRGI27DNokigo33G+zlmy7jBnn2Fj3ZraLUDYAKdydAh+iyjWr08zeitH6VQKOY9ZldOZS81zvKegIi3Ggy5i78M052vGF3tJBukZIU0t7Mf9dO6f+LH7MlvpXzNfWeX5Ny6FWAP2Ec4EdKcVSGDmBexIPM1kR+ASVxhPrTqXJXt7DIqXMdwGaJX1URUmkgr8bpoyc2Z+WyIl631Xl6Lndvmxzznw1pDH0AABEAgGQIQhMnQstmxUiOq+wPsyqPtYtWU7a9e7aMmdZPf2kr9so3bYxC0sxG3YbNFkUB3T+Gn/VuNhmAlaVD91J4jJHDH7B+iCULFCqg22ciaM4mKCBZBkUpJhuyPaud3/IzrkQ6bakzG0ZqTcTwbJxnHFdPK6ROO1dM3ed3vy+UdxDXviL3ya/M9mR+ATeMHYFp9P+09qpgfgj09yEd7Nkn+PW/nRJM7Qt5DN6nvoXKmE1xGZRwSRtCbHyS59M8PGPfki3zUvqX13CtiMXUuo5Lxt30L6++V3AzjaBAAARCwJwEIQnvOW8K97jXOTxu26j6l+dsrOSX4OUmWEFjCloXb2bJQoS3VS87lAsRO2SwnDNXhBx53T5k+YaAyWknnLhkcndKqE4Ta+GR5788upJJJVAqgO6WJ5VcswHrXPkk09UacRFPiNjxsKtfNY4NitmMEU+V982zOeMmuruZW18eeDNf7cm7h7f+4n376m+nr3pKfYzfkvfJArKbKXDuvE5fU0LsXS9Khcf18dOTe1r+Aeowp43qVlUmfnCKs050DnA8CIAACqRKAIEyVnE3Ou6nKBinKrl4een5YcnGE503w02+bjO5j+7Gl4KlByV3HJtgKtpuy+VesyrpWwhaWJTc7yDzIY9MLQsUyqFoaNM0r7pDTOdmHk8SgTKls2KWgtzR9/NWSm0rJFyfcSx4mreSSAkfv46Gm9fL/iYCsX4lz/nWj8b1K5veybl7qf0xmYtqqvGFU47orSbnWm+IdZZ05URAKk7vOKqZu7G5tdXOq663VnHA9EAABEEiUAARhoqRsety0lUHOEmjMKiib3Ld5g5/oZlfS73fl+lkSa6Vvg7t46YJjs7TBsil/u3X7bxYAvdmqrG+SMGguJw5yUlMK06/nsgk6MaiNryFny5/D4021Vme+c+rMr+WQyYj2hIPc7X7fHCV5gKV/vxJBKHVSZw8vpQaZq4aw06l3spA5eTRnUGVvZL31WRL6SGIfq1s8l1G7l++wmhGuBwIgAALJEIAgTIaWDY+VshPy4ak1LeRiXP+ShGOAPuCU8yNmGuOOZCP9NienKbLeGyijlHeScyOj97bDxcWdTcSSvom1bOawzCSHyBUTKUz/179qLKzO8OVja+iiG50rBoX3iWwBLjPmlaHHOdbrgAzEeuVqfqcsC9EzyzihlhYXqsZPn8ZZKCUbZa6akwXhjVygfqXqrpvpxDIiPiXOWW/ltnv5jlytSdwXBEAABIQABGEBrINrZ3AdsR/ZJKBa+ORD9KwjvXQNxxIm0kYvDNC81UaTwvFcBPg+FAFOBJ+tjvmCU7kPfcYo/iWWbvLFznIN1iwMunKayutj4PFFdGlnZ9fU7C1ui/paogzBiZvpwU9xaQIuIyKBg3pn1we5Pl5HdoHNRXNqUhlhKfGpZ3F8qtL0yV4ykFgGFsJcrF7cEwRAwMkEIAidPLvq2OKlmk/UDVA+10/lAP5/TXWH7+1TTJ3bVb+p+o4TUox5LUDruA7iYXt66M4zc/dUvgCm2LIhxrMGS1KIsf0cKAglWYpOKchaH8fjzEQSDMsmyIIL9XzYT5u3G/2/nRLHpscjcYQDJvkpbHJ1r8MJZt7gBDO5aE5OKiM8xR05yBEKestdJl5Tcp+A3EduqlqBJ1zgI7uX78jFmsQ9QQAEQEB5K41yAwpnE5DyE1JKwBwD+CQnhGnHiWFqaqt+jtCV07XAkNiHr7iJiludJBsxN1lM188M0Ps/hA1P5c/5j5eu7J6YRdLZs5Hfo5NssneY6tR1YeF/Dz8AcFKTwvQSLykbSv3mVerxdeS6fE5uXWTTrjP4y2vWqfFXT7wdpOnvGmOoZW5H9y3hRDnZn2cnJ5URrl1HxYSavj2aAaEmiZEkth2C0MnvVBgbCIBANglAEGaTdg7vJbXHpAaZvh3GdcTGcyxhTU3E4GoWhYbz2OI3fkBVgSDXv35WOW031bCTRw4+PlwyGaLlN4G5q0P04EIOPNW1nhx3dWMO464yQez8iX76RTJR6lzb5D4zhpZyvbpM3DF/rhmvqPfNpxfTqQfnxo0yk2QkhvqUB/0sgI3PPS8+3ksXd8r+AyonxxDKPGZrfMdyaRx5wKkXhPed7ePC9PmfCTeT6x3XBgEQAIFUCUAQpkrOZuc9sCBA8z82xgFKFkUpJ1BTttF4m8f+R3tpKBem1tovG6L0yJtB+oitgnEbf3DXYg+tN2+AIMz3ZTPzvRBNXGIUhOd19NLlJ2R/85xJVmIxl6QU+lbkcdHSW3LjSpjJsZqvfRk/HPrc9HDogmO9NLiLs+ZYG/fdcwK06DP2WKgoosqWrPYeuptLImS7ZUswJTsu03ORZE+vOF4s7xu3Zd4d+RiplQpBmPI84UQQAAEQMBOAICyQNfHLBqJ+k4yBgPKBKq6AXWuoE3Ucu+boXU1lT/XMEB/t09RFa/6I0MNvBOlLTkRizuanxyr3uf7UIup1uLOTdThhKU1eGqRpK40+X4M6F9HA45w1d8eJhUGbMHX/2mEfLz10njNFkX5tzv8kTPfP5wBK3b79cPEWGOCsOFFtzIrb+zQ1UZKaYKZRbaJ512b/AZWTk8oIb6WcC2cq1lveM5GwCILQCZ82GAMIgEA+EYAgzKfZyHBfLn0qQF/9HntSrtWKOnxP3gheEH8juJYL0fflel76fXMx64JTD/bS21+FacuO2I7SnJhD77QjYvAKjh08r4OzBEWGpypnlx/LAv/l/xkF4dUnFVGfo5w1f7KhNDuX9T6iiGumOWuc8RbS95zw6cLJfsP4Pe4oLbs1hwX6MrjiJabtRC69Y04uM+MyH7XaJbsuhvGSyoxjIX4kC3InNCnnsl7KuahY5RMiU4JQHlRWUOP73dbbRycfkN35dMKcYQwgAAIgoOzlU04qY5WPCeYhawTe/55j/J43lhSQm8/gGnOtuNacuT3B1qLpOmuRTLlbK+StO1hx3dFtAJRU/vJhzZ/WUtpCihOj2YOAuNe9+bnR9ffWM4rplIOcE1+2hQ3lPdhlVP8gQ56QPNDXR8fs6/wNpWykJSmHuY05v4Q6tHaGMDGPbdizHEP9qzEWekSP7HstiAVNan3qm/TqSH4wd+ohXsWVVVz57dqyVQ5CHuhoVkjt88bLb1EzLiullo3sSg/9BgEQAIHcEUhdEOauz7hzigRkG3KW1CD717ghaVbPRdP5aXktU0jNVc8F6P9+CsdiNXQF2wwbaVX8VQhC9dKnH+alEewmymFZaDYiMELNEKt0WZ3L+88tpuP2c44gfOuLMN35asBgIZM1/hy/BvZqUhgLVgp7b5NnQ+Ldp762RZDccrozXWanvBOkqSuMlu+juRbhaK5JmM1WnSB0qe+xLRu5uOanj+pl35vVEgxVy05EOINtLcvLQRzLDzSioqS1GpOql6qIwheuKKXm9S0ZDi4CAiAAAgVDAIKwYKY6NtBR84O08BPjxkj2/XvzRvghthA0ZXGotVPH+OkftV6ZS31qrRQpMRV61oSDZkF8kFP3d3B46n6nLptz2UX4d3YV1prM96MXltBhrWxstjBN1nCOJ/v4l4guhC7KDz1cNOHCwqljNmpBkBZwRln9a1nKyEiSKSc2iSO8Ssrn6FoRi4elt2R3vDsThNI9Se4jSX7s2EQQhky5xTJRdqIruwAHOPeVVjRL/5CyNteZXHidz9aWVjvOPfoMAiBgbwIQhPaev6R7//smonMnmNzFVJFXwsaBNk091Lgu0fotUfqKk8Yoddr4n3KI5haqdxHVtAP/TayBEo94yB7OEQ9JA7b5Cd14o1VuTDJKD/ODgqMc5Ep44gN+KguY3Pb4x0IShH/x61u8BcyBlLexe/BJDnIP1l6OEkcoNfLMbcogH7XdNXtW4eoEoWQ4Ehd7aZKA6wz2sLBjy1YW1ZtnB2j5N6w85bNIQJmm8Fj2aLj/nOxaf+04X+gzCIAACGgEIAgLcC08/HoscYj2QaoPB9XpO4WM5i6q/F4VgpqVUIkTVBPUNK/nVixJuzUoQKAOGvLxIzn7pjHUimZd7uO4nOxtmjONUzLnapaF2CInJZOuxNIWisuoDLvCbVQHfHeOJZZkK/K6dlo7id1kt5tCqLMtvuIVpldebqog3IP5T+UszsU29dCWshMbpOyE7kMlE0llhJlYuGe8H6K1XE/UHMYgSIdxaaTzuUQSGgiAAAiAwM4JQBDunJEjj/jwhwjdMrucyo3eo0YRqBOA+sykmkjUPoQPaMlikC2D4oKFZl8CUpdP6vPpm+iC5beVVsnIaddRyhhPloQyugHIepY4ugkXFI7LqAx/Hm+oRy80mYP59zf35CL1hzjvxSxWpRViVeKmPeC6kMupZLP+YjwLmmQ/7XNkEbVpxtlQD/BWieW202stW1lG9UzuejXIibD4AWechxgPcIzoMRwrigYCIAACIFAzgYQEoTyNgxOg85aSpJ+/+jmOE9xhGpv6dLfCOqj+LFYU+dCVtaDEC/I/2TjexBtINPsT+O7PKF30pLFa+64NXPTicOcUa9fGqIuS5LXsUgTiYwUmCGXFSuKoVZw4St8acPWJV64qJSkx46S2gOsvjtLqL6px0OIKLS7R2WrxBKG8r953jo86t7W/WTZbWUbN8yX1cF8xlcuRY0o5DGLyJYVl+c/WWsZ9QAAEnEUgIUHorCFjNHoC4t5zzqN+khibiqZaTJTtibjTqV+1GBf5Ub4f399Hh7Sy/yYGKyJGQGJybmErir5JMpnq6lTakVu8MWrubZlIfpHvjH7jBEL9JvoVl1l9G9SpiAYe7yxFKA/ABnL9RX0T19hl/82eBTxeYXp5B733bGcIwqpZRrP3oOX+BQFa8LHu4Yb6OVabn1c+f3kpNa6T769G9A8EQAAEckcAgjB37PPmzv+wl+CENwO0+ueoku7cy/vAr9ZGFCEom5WKeCJ103gYF1G+p08J1c9ugr684eXUjsz+METj3zS6EPY42MOlCJxjAY43Rs0SXoiCUNbyWLauSEyxvknG0ZeuLKWGtZ2z2kX0dpL4UdOQJg700UG7Z+fBVrzC9PIm6xTrtCIIRZPpYgizNTZxvb1uRjmXSqrMIKzNapO6Lnr1aud4OjjnVYmRgAAI5AsBCMJ8mYk868dNL5TTym/5g1X3wb4nl6YY17+EmtTJzuYpz5A4vjuPLArS7I9YGOjmXCxFFznIUiRjfFHGqGuaQMhE8gs7LJp/+YFQn/FltMNoHKbTD/PQDac652HAFh7nqRIja3r7mjrYx/F7FrynJRBbES/LqKw/p6y9XFoI5bUmSYPECvzH5qqJZi5x2HuZHd5b0EcQAAH7EIAgtM9cZbWnsjm84+UAff17hGr5ojTgmGLqeSiC87M6CVm+2SVTymmNlBrRyovw/f/LZQhOcVAZgkEyxnXGNKqFLghlmc14L0STlgQrngVoVtOnL/XRvs0tEEtZXsvxbrdsDbtEvxgw6MFs116MJwilr06xTufSQqjN+a+cdbTfJL8xkzD/UcoiPX5xCbXbDRkR8uDliC6AAAjkGQEIwjybEHQHBHJFIF59vpFnl1Cnts7ZQHXnGoQ7zDUI1ZT/TtmUp7J+Auzm1/cxP/31r6TYqWySlOOF4aXUyAGuo5prrL6UTi+u9yelJ7LV4pWdSEsQ6qz52RpDTfcRQSjx6PqSRrnI3vvkOyF6dkXM/V1DJPNel4vWPzvUR83q5QMt9AEEQAAE8ocABGH+zAV6AgI5JRAvA+LjF/nogJbOsBAJXPMYlZIT/HuximYr1imnk1zDzd/6Ikx3vsIWNNN079bQRZM4zs7uSTkueMJPP643RhDeeWYxndA+e54P1WUZldqPTqiBeTzHaIb4AUuuBaEs85HzgvT6pyG9B7yy+uUhx6wrkGQmX9+H0C8QAIHcEIAgzA133BUE8o5A73F++ntrtMLVSjZ10x2yUdVgn/lIGVvBKsPI9NYip8RxpbOwTnnQT1v95rQrRFIw/bELfba1FEqcZI8xxhqbwmnuNdkVBk4XhMfcw0l71PJEwldW0n05yqAqwnTo0+X0tc4NXntt7MbldCbxwy67P+RI57WOc0EABEBATwCCEOsBBEBAIdBrrJ+kDInWZGMngnBvTibklCYue39tiSWcUBImcdMsYoXsMqrN75Ivw3QHWwnjNTuLQokfvJXjB/VNxjNzWHYzT1ZXdsIJa+/tr8J020tGC7O8xEbmSBDKXK/7J0p9J/gpbAwbVpaBzL9whyh0yrs7xgECIJAOAQjCdOjhXBBwEIEuWsp43ZhGn1dCR7dxTgxhPAtNoZedMC/hFz8K0yOLnCUKr58VoPe/09Wo40GfkeX4QeEcr+yEPJBwgiC8Ylo5ffJLVeWV6xqLsz4I0WNvVZbT0ccUNqjloicu9lHLRg56I8dQQAAEQCAFAhCEKUDDKSDgNAJKSv44LnXPDS2lPZs4Z7Q1CcLpnGzCCXFcVszW65+FaeRcZ4hCsRKdywlzpA6hvl3apYguPJYLLmaxObnsRHWC8JnBpbRPsyxCjnOrZ5aH6KllxiQz2mGIKczt3ODuIAAC+UEAgjA/5gG9AIGcEtBS8uszMEhK/rdvLs1pv6y+eTyXPe0eiCE00o4nChVNxf+TgvVP80a/aV2rZ8ja61UbR8ZjEMtQ+ywnTHKyIJz9YYjGv1lpiZOZ9BW7aPGN2XXLrW4FLfwkTPfPDygPBhSXcT5QnOGV7KOlLppySWYshZKsSdiEJJNvRy91P9BjLoVp7aLH1UAABEAgBQIQhClAwykg4DQC184spw+/N9YgPO0QL93cM3sp+bPBtDqXPScVB7eSY02Wwjqcwn/W5T5qUMvKO1p7LcmaupjjIs3VGVpw5tQXrsi+UHFyHUJh/MXaCC1mAbR2U5T229VFZx5ZRLvUsXZO07naAhaFo+bF4hwrBKF6wWJONivZR9MtSbGtnOilj0Kc4TRMG7ZGyM8aWZ+5t3M7D93bpzidYeBcEAABELCcAASh5UhxQRCwH4Huo/20vVyrwRDr/4gexdT78Oyl5M8GtXh14JQYQr75o5xF89BWzkmgYxXP13hjex9vouOVvNuljovG9i/JO1fbMHf23jkBEuuM1jSP0YYsYJ8bVkoNcmD8drIgtGq9Zfo6T74TpKnsQqo0frkrVsLYt/zPRcfs66bbexdTrSQ021YWgU8tDdLSr0K0cVvsepoZMN47Sraz22aaKa4PAiBgfwIQhPafQ4wABNIm0Gkk1w/jvbP2JFs2NBNZIB28h7MEUnUxhAJQBOFhEIRx15JYCkVgmWsUysESg/VA3xI6bM/8SD4kG/K7Xi2n1T9XTXDi4eX8+MUl1G633PQ17gMJZgh35bTfwpK6wKOLQ/TC+0GDlVBzH5U1XsTPwcb1r/r+t/7fKL3xeZiWcUZVL7vUy0OFXzZEae1mXXZm6YnJLdXcOQjCpKYLB4MACGSBAARhFiDjFiCQ7wS6jCqjgDw015mBnFiovaakMk7LqGr1mpvxfogmLg7GjX+SzfQNpxVTz0Nza1F+nvsoFiBZy/Esmn2O9NLVJ+fODdrpdQitXnOZvJ4/zGEAAAAgAElEQVRmKYxXgkbVdNS4touacJxsOOqiTdujtJHrtErTu5xqx2qPzjRpWN2jtP1buGkyP5RAAwEQAIF8IgBBmE+zgb6AQI4IdOaSE7KJVjYxanzNBK7R5TQXyurqwMmwnZZRNRNLac7qMKfwD5A/fgJSOv9oL13WrSjrSTN+ZivNHS+X0/frucakOnClzqTqEii/al7fRS9e6ct63/TzUJ0gnAB35Uws151e85YXg7Ts61BFXdIKDwmdqtMLO/1Dhuq+VwSi6Y++IpfysOSIvd1sSfck5Y6600HgABAAARCwgAAEoQUQcQkQsDuB4+9ll1H2sHO6IOzNhenF7SsW5KM2HrQTM6pmak3+zVaSEZyE6AcWX+Ymv2nT1E0TLiyhOlnI2fIvl0uZzLFbc1eFKrJH6vukxIeyd2jX/d10R+8SEpfRXLaTHyyjbf7KHmgEc2eNF7fa3LjP5nIe9Pde8W2EYwoDtGad7mECHxBvqVQrCFUXUUUM8j9JUNO6mYu/uuhUFoJd2nkhAvNlwtEPEACBuAQgCLEwQAAE6Nh7ymIbamGh7oSkoHSXtjneQVs8N9VZaHoe6ryMqhajM1xOMifeMrucPvqxapyeHFjK5QZuOq2IurXPjAtpmG/7yv+F6GmuLbdVJ7DMY67HMV53n1VCR+yVH6Kn2/1lStZJ/QMJERCwEGZytSZ27QdfC9IcXlMGd9B4fsfq5ZSHDbq3Rzd/L+6gpxzsodMP8+bUEp3YiHEUCIAACFQSgCDEagABEKBjWBBqiRA0HO1beuiJi5JItWcDjhIrGVQTDGrdFSF8/anOy6ia6ekQbuPeCCrCrLp98wEt3UrMXttdrRFkO9hVdcrSEM37OBgTVrpmjt1qxBlQn7nUR43zqOxBvPUnGVElgZPT3LMzvf4ycf0lX0Vo/uogfbMuojxoMK9rEYAH7e6mulxypRm7IEdYFf66gejwvVx01lFFVNtZb5eZQIxrggAI5CkBCMI8nRh0y14EaniQbIuBHMsuowY3SrXXTsuG11myqeqMWjJv8qR/0kDnZVTN1sJ7kWuuPcLCsCaTyCkHeWgIxxZKmYpU2po/IjR3dYje4GynwcpKElUuJXPZpJ6LehzspUGdvSRWm3xq8dafCGsIwnyapdhb4bKvwyTF7JX3CP73H47/68G1WesgH0x+TRZ6AwKWELD7Li59CBCE6TPEFUDA9gS6sitbwGRxkUE5ThBqFkJT+NtjsNCktYYfeytEsziNfzxRqCXYEBvhf1p7qN+xXmrHFkNfNck+JS5Q4jz/4ljFt78I0XvfhSvdQmv4zG5Um2hot2LFZS/PdGAF285x1p88nxh1jo86O8w9O60FhZNBAARAAASySgCCMKu4cTMQyE8CN88O0IpvjKYXJ6ZH78SWUHHR05pmIUQMV/rr8ue/WdgsKKcv15riCuOIOBFsTdmSV5sTz/i8LqWm2+ZtUUUIlqsuveYYLelhlP+T4uH65uUwxfM7emnAsUVKTcR8btWtv/sgCPN52tA3EACBrBBAkqusYK7mJhCEuaSPe4NAnhCQt+EF7JL3Lmfcq8UuUcfu56GObZyXHl1cYxWLlV4U8vf3n1tCx7e1Js4tT6Y0Z9347s8ojVsUoE9/jQnDeEa9RJxzqjtPrqlJwsbsgiqF5nfleC47tHjrT/o9EoLQDtOHPoIACIBAxggk8rmYsZvL52qUWyZvgGuDAAiAQL4QkGyq+qZoQ9Ytz19eSq12yZdeOqMfSzkG67E3g/Tnv5EqVr1EPvhqOmavJm6l5qHEJtqpdWWXUan3qTXlw5f/N3VIKe3TzE4jQV9BAARAAAScRACC0EmzibGAAAjUSEDJpqpuwrUvtUtc9NaNWSiaV4BzE2Av5DteYnfkb43uyPHcQc14lGPkl6rxT0pZ9GMRKCVC8ilzaDLTKq7Zy8U1W30MK19q8fpbjPWXDEYcCwIgAAIgYDEBCEKLgeJyIAAC+Uugk5ZlVLchf7ifjzq0tofLYf6Srblnf/xDNPuDIP3FMYL+YJS+4DjDMi4hoW9SzFsyhDbjf8pXdgOV+MA/NhMdyXUETzzQk3dZQ5OdD3Ginc+u2Ys4W2oZ5+A5nMfVt4NkX032SjgeBEAABEAABKwjAEFoHUtcCQRAIM8J3L8gSPM/Zp89VRA2YdEx5ypYB3Mxbe99F6F3vg5Rm+Zu6rq/F6IoF5OAe4IACIAACIAAE4AgxDIAARAoGAKiAz/5RYpPh2jvZi4684giqoVi0gUz/xgoCIAACIAACIBAVQIQhFgVIAACIAACIGAHAsjKbodZQh9BAARAwHYEIAhtN2XoMAiAAAiAAAiAAAiAAAiAAAhYQwCC0BqOuAoIgAAIgAAIgAAIgAAIgAAI2I4ABKHtpgwdBgEQAAEQAAEQAAEQAAEQAAFrCEAQWsMRVwEBEAABEAABEAABEAABEAAB2xGAILTdlKHDIAACIAACIAACIAACIAACIGANAQhCazjiKiAAAiAAAiAAAiAAAiAAAiBgOwIQhLabMnQYBEAABEAABEAABEAABEAABKwhAEFoDUdcBQRAAARAAARAAARAAARAAARsRwCC0HZThg6DAAiAAAiAAAiAAAiAAAiAgDUEIAjT5RjlC7jSvQjOBwEQAAEQAAEQAAEQAAEQAIHsE4AgzD5z3BEEQAAE7EEAD7zsMU/oJQiAAAiAAAikQQCCMA14OBUEQAAEQAAEQAAEQAAEQAAE7EwAgtDOs4e+gwAIgAAIgAAIgAAIgAAIgEAaBCAI04CHU0EABEAABEAABEAABEAABEDAzgQgCO08e+g7CIAACIAACIAACIAACIAACKRBAIIwDXg4FQRAAARAAARAAARAAARAAATsTACC0M6zh76DgFMIIJulU2YS4wABEAABEAABELAZAQhCm00YugsCIAACIAACIAACIAACIAACVhGAILSKJK4DAiAAAiAAAiAAAgVGAA4eBTbhGK4jCUAQOnJaMaiUCUT4THfKZ+NEEAABEAABEAABEAABELAVAQhCW00XOgsCIAACIAACBU4AD+4KfAFg+CAAAlYTgCC0miiuBwIgAAIgAAIgAAIgAAIgAAI2IQBBaJOJQjdBAARAAARAAARAAARAAARAwGoCEIRWE8X1QAAEQAAEQAAEQAAEQAAEQMAmBCAIbTJR6CYIgAAIgAAIgAAIgAAIgAAIWE0AgtBqorgeCIAACIAACIAACIAACIAACNiEAAShTSYK3QQBEAABEAABEAABEAABEAABqwlAEFpNFNcDARAAARAAARAAARAAARAAAZsQgCC0yUShmyAAAiAAAiAAAiAAAlkiEOX7uLJ0L9wGBHJMAIIwxxOA24MACIAACIAACIAACIAACIBArgjYVxDiyU2u1gzuCwIgAAIgAAIgAAIgAAIg4BAC9hWEDpkADAMEQAAEQAAEQAAEQAAEQAAEckUAgjBH5LeUEW0ti1LLRnBQz9EU4LYgAAIgAAIgAAIgAAIgUPAEIAhzsAQWfhKm++cHSLxez+3gpeEnFuWgF7glCIAACIAACIAACIAACIBAoROAIMzyCnjhwzCNXxQgl84wOH5ACR22pzvLPcHtQAAEQAAEnEkAQfbOnFeMCgRAAAQyQwCCMDNc4171gQVBmrc6pIjBqNgHoy7l++4Heuj2XsVZ7AluBQIgAAIgAAIgAAIgAAIgAAJcYSXKDSAyT2DTdqIzHi5T3EQrmvoQ9+F+JXTU3rAQZn4WcAcQAAEQAAEQAAEQAAEQAAE9AQjCLK2Hp5eF6KllwViRU1UIyrewDmZpAnAbEAABEEiRABwwUwSH00CgAAng/aIAJ90BQ4YgzNIk9p/kp583VNoHxS7bgjOMvnCFT9GIaCAAAiAAAiAAAiAAAiAAAiCQbQIQhFki3uneMgqbnHNvPaOYTjnIk6Ue4DYgAAIgAAIgAAIgAAIgAAIgYCQAQZiFFbGtnOik0Tv4TjpbIIvDRTeWUp2SLHQAtwABEAABEAABEAABEAABEACBOAQgCLOwLJZ+HaH/vlReIQfFUNisvoteudKXhbvjFiAAAiAAAiAAAiAAAiAAAiAQn0AKghDhsskuphtnBejd78KG09ru5qYpl8A8mCxLHA8CIAACIAACIAACIAACIGAdgRQEoXU3L5QrXfRkOX33Z8Qw3G7tPXTXmag9WChrAOMEARAAARAAARAAARAAgXwkAEGYhVmJJwhHnVtCx+2L2oNZwI9bgAAI2IjAqlWraOTIkbRmzRraa6+9aPDgwXTGGWfYaAToKgiAAAiAAAjYiwAEYRbm67SHyugfySmja1JuokVDFJzIAn7cAgRAwCYE1q5dq4jAUChk6HGLFi3osssuU8RhkyZNbDIadBMEQAAEQAAE7EEAgjDD87QjwMXnHygz3MXNOnDpraXkgR7MMH1cHgRAwE4EOnbsSB988EG1Xa5VqxaNHTtWEYZoIAACIAACIAAC1hCAILSGY7VXWbMuQoOmcN0JXWvJBelnXV4YGUbn/F+Ixi8OUXkgQo3rumnM+cW0b7P/Z+9M4GUq3zj+zMxdbWkhJSlJiKRotWWpRMlSIkIlqYgUKtW/VCghZSml0C4t0iYJaVUKJRHaEck+c+fO8n+eM+fMPTP3zL2znbln5v7e/6f/HTPnvOd9v++ZM+/vfZ73eeAqa/Jth+pBIC0JVK5cmQ4cOFBq21esWEEtW7Ys9TgcAAIgAAIgAAIgUDoBCMLSGSV0xMc/eum+N9hMqCvn1GVh1CvzI4y62eur7Ti2jqqBaf3897B8G713R/kQwwndODg58wggQHOpY+pwOMjnCw3AZXTSnXfeSQ8//HCp9eEAEAABEAABEACB0glAEJbOKKEjnv/UQ898UqhpIiU3fY+zsmjYRdkJ1ZsOJ6/+zUdD5rB1VFxjdZPhz+7JT4fmo40gAAIpJhCtIJw6dSoNGTIkxa3D5UAABEAABEAgMwlAEJo8riNeKqAvf/GRTd0vKLrotouzqXvzLJOvXPbVz/vMQzM/LlQEoaYJRRh+di8EYdmPDloAAtYisG3bNjr22GNLbVT16tXpp59+oiOOOKLUY3EACIAACIAACGQ+AfGsSWw7FgShyXdJp4ku2usUGRgo8urhK3Kpdf3EBs7kZiel+rdWe+nRRe6gGNb6DwthUvCiEhDIKAJz5syh/v37l9in3NxcevXVV5GGIqNGHp0BARAAARAoawIQhCaPQKsHneQr0oPK1WZdl0cNjs38EKMPvFVIi9eFho+X/q+Ey6jJdx2qB4H0I9CiRQv67LPPDBteu3ZtGjFiBPXt25eqVq2afp1Di0EABEAABEDAwgQgCE0cHC9bcFs/FJpyQrShCKLMl4NEl05y0X8HQ9VwHm+dXDIaLqMm3naoGgTSkkClSpXo4MGDhm2XADISSAYFBEAABEAABEAg+QQgCJPPNFjj7//6qfd0V8gVjqpso7eGGUfZlKic97/pppUbveRhMVmFdVOb+llUjc/pxnsOq1YwsbEmVN2KxbDXyxWrGwhlH+VptRw0vX+OCVdDlSAAAulKwOl0kuQYjFS++eYbOvPMM9O1e2g3CIBAuSWA8NLldujTrOMQhCYO2KotPhr2QoGyh05SLogwanK8nab3C005IR9N/bCQ3vzWQ4UsCvUBaKR5mjXxosYOuufydBBTgc5qglDrj2yg7HluFg3pkPkRVk28rVA1CGQcgeXLl1ObNm0M+yX7Bl2u0IW1jAOADoEACIAACIBAGRKAIDQR/utfe2nKB5yDUBdhtOUpdhp/ZUAQimxayIFXnv7ETXsPBUSjXgzatPx9ujZW5lNnXZ9HtTi5vZnFzZa9cQvdtHyDjxzckPPqOejUmnYOhuOgow+L7totHpROhR7b+7xsuqld5kdYNXNsUDcIZBqB8ePHR3QJbd++PX300UeZ1mX0BwRAAARAAAQsQwCC0MShuP1lN6ecEJ/JonL2SXZ6rHcu/ctbZfrN5D12h/xBC6DesSBEHOqEotRUiUXh+yPN24e45nc/jZlfQLt5/19QoKpbAXNZyz0/KI+OP7J0UXj+A86QCKPS9mtbZdO1rSEITbztUDUIpB2BLl260MKFCw3bPW7cOBo9enTa9QkNBgEQAAEQAIF0IQBBaOJIDZjlok3bQ4OqdDnTQbdemENdH+d0FCwGFREY5mKuicHwv/qmDr0wm648O/nC6s1vvTTxPU4VoV1M1zbt5bCLsqnHWaVf20gQzh+aT8ccZiJ0VA0CIBAkkC67V6pVq0a7du0yHLlly5ZR69atMaogAAIgAAIgAAImEYAgNAmsVHv9MwW0YZskiywqD/XI5b2ChbRqq5dFV0B2hU/ajjncRtezJW2fy08Lv/PQ1h1iIiyqQ44/vCLRG7fmU44jeR34bZef+rDVUtnvqBZt72MgLoxYM230v2451P7Uki/8526iq6aFRliVjq5EUvrkDRhqMpFAukgpExGkqOrNmzdT3bp1Da9mt9vpwIEDlJ+PyMQpGg5cBgRAAARAoBwSgCA0cdB7Pumiv/7TqysOKlPbTmt+9xXbLyjNqMzBR3ufk03XtAy1vj3/aSE9syw0n5/U2uJkB024KjlBZsSSedMcFx3iLY8i3PSBYHysBsWKKe9VZHfVd0aULkQ/Xu+l+xZIZUUlizXksrswsTPxlkPVIJB2BCZNmqTkGDQqZ5xxBn377bdp1yc0GARAAARAAATSiQAEoUmjJYKtNSell1yEUhRRxX/tuutpUlHev+yMLBrRMZsc+gN0xw6dW0Df/uortifvg1H5VClBTbi/gHMGTnQqqS6kaBZCEYAOFnG9zs6miixWD69goxanOKJKf/HUJx6ax0I2GFOGO1spz0YfjjROuWHSMKBaEAABixM47bTTaN26dYatHDRoEM2cOdPiPUDzQAAEQCBBAjL/ijD/S7BmnA4CURGAIIwKU+wHbd9L1P3xQFAVvcAKr0nEoLhgtivVBdNPYnEMWu7Uiu7vyuc2Ssxv9PaXCzj4Tahrq1gJq3BasGcHxrfnb8DTLtrIVkd9e/NzbPTRKAjC2O8mnAECmUugYsWKdOgQRyQ2KJMnT6Zhw4ZlbufRMxAAARAAARCwAAEIQpMGYckPPvrfGwUkMsum7hIMF3Ny6dGX5lDn06MTdL2mFdDvu9lKyOdp1kUJUHPl2dGdb9TVAvZEveRRJ8lffTmMxeBLN+XTYXF6eHaY4CKnOzSgzmFsYXx3BAShSbccqgWBtCPg9XopOzubF81CnxVaR1atWkXNmjVLu36hwSAAAiAAAiCQTgQgCE0aLWUP3evugBSMkKFhCEcK7RlDpNBnlxfSc8slc31Ro0+qbqc5g0IT3cfSpVe+9NCTHxUWO0VSS9StXnpqiUjXasXusj7uvN46en49O03oGX9bY+kXjgUBELA+gQ0bNlCDBg0MG+pgf3WPJ2ylyvpdQgvTnAA899J8ANOs+QhflmYDlsHNhSA0aXAXfe+hhxcWkj2YlJ7dJ2VDnfrvCxo4aGyP2Db/LVztoUfeDRVvlXJt9EGc+/IKOUXiFVNdtOtA6Or85Wdm0e2XZMdNRgLpXPmESzlfEcMiDPnPtH65dDoH1UEBARAAASGwYMEC6tGjhyGMxo0b09q1awEKBEAABEAABEDAZAIQhArg5K8JSlCVORxURROEchUthUOP5lk0/OLYBdf7a7300NuhkTsrsQfmB3fE59c5Z6WHnv6EBaaqB0W7SSTQt4bnRxU4JtK9+dqXXnp8MecyDEuV8cmdHJ209PSFJt/yqB4EQMAqBO69914aO3asYXMGDBhAs2fPtkpT0Q4QAAEQAAEQyFgCEIQmDK24SrZ9OBC1U0sur13m4tMcNKZLbJZB7dyXvvDQ9CWhFsKmJ9jpib6xu2FKG9uNd1Ghp8g6KK+6JmgdlLbewhFRv/8tNEiNRE9dfnd8wtWEIUKVIAACFiAg+wMjpZV45JFH6I477rBAK9EEEAABEAABEMhsAhCESRzfP3b7af5XHlq+wUs79/sV66BeEFavYudk8rGLN62JE98r5KT2noDXqeqGeVP7bLr6vNjNbnM166Cu/9LW14bkUc3D4987KNV1nuSiPQdD3VCPPdxOr90Sf9+TOEyoCgRAwCIEKlWqRAcPHjRszaxZs+j666+3SEvRDBAAARAAARDIXAIQhEkaW0no3nWKkw5yTr9g0XYL81+xl4nYOi4BsdV7uot+/1dn0eOX93PKivYxpp2QGjo+6qL9Tsk2HxCX4t5Z8wgbvXpzYlFAZT9il8mB/YNakUt0P4vdZC+K3U02ScODakAABCxGwOl0UoUKHM44QlmzZg1JjkIUEAABEAABEAABcwlAECaJ79dbfHTbi3o1qO4ZFLHF7pIV2Di2eGT8LpNO9hS9cLwzmG5Ca/bDV+RSq/qxBWp5liOVPreiyPVU0a38f5P65NFZdRKzDorlcebSQkVn6gPKjOycTV3OiN2SmaThQTUgAAIWI7B8+XJq06aNYauysrKosLB49GOLdQHNAQEQAAEQAIGMIABBmKRhlCAy81aGTmC0IDKi4i7jvXmjOsVvIXtGSzkh7WX1ZlPDlX7AIrNSjJ6Y3R930Y59oS6d4ib66i2JWQeladfMdNEvO9ldVsdVODzSK5fOPzk24ZqkoUE1IAACFiQwfvx4uvPOOw1bdv7559PKlSst2Go0CQRAAARAAAQyjwAEYZLG9O89xKkWnCG1afsHNenVlFMu3N8tl46sFNtFZT9i98c5yb0uebO8rH2UjZPHxybixLX1Yk5E7wuN+UJDOnBOxHMSs+DtZ09RSXIvVYfbGSdfnUfNE7Q+xkYNR4MACFiZQJcuXWjhwoWGTRw3bhyNHj3ays1H20Ag4wkgR17GDzE6CAJBAhCESbwZ7nvDTUt+8CqukjrtpqgjLRCMfHYRRxq9+rxsOrFa6e6Z6/7w04iXXYG9iepeP2myPKhFDNY+svQ69F38eL2X7n09kBJCe9hLKoiPOSVEbDUVBzf1w0J69WsP+VkR2jVjoAS/YYvmS4PzFQFrtbLmdz/NXu6mTTv8iuCWFlbKs9GRlW20i4X4AZfSAe6Qn4W8nZocb6cTmHnLUxx0TFXr9cdqfNEeEIhEoFq1arRr1y7Dj5ctW0atW7cGPBAAARAAARAAgRQQgCBMMuRrnymgjduKzG/BuDKqmNOvuDWuZacW9ezU6fTskLx/Xj5dIpW++Y2HvtOlb9BcUEWGiJicd2Ns1kHp6lXTXPQnR0PVitR5ebMsuiOBRPRS149/+ejG5woUISwpLcLzL74wOC8qAZzk4TCsbg2L7AfeLKDtewJBdUJkXYQlUV18IOX4LBa8T1+XR/VqQBSmYsxwjcwisHnzZqpbt65hp+y8mnTgwAHKz49/z3Vm0UJvQAAEQAAEQMBcAkkShLrE7uXcx0C6L4FV3mIx9w/v09MscUFzHH9eTELwSRV5H2DtanYq9PrpLxZsYhHUJ3YPuQ24gnmD8llgxX5ztBjLgWnC1M393TlSaUPOSB9n+XKzj0a/UkCFfBuoQUuL9XHK1bnUrE7Z7iGUbo962U2fbVKtuNJflYU2JuHCLyic1XHTi/K+52fRoLbx7wuVusUdeNlPXqpT3U7iUqwX0nEOB04DAcsTmDRpEo0YMcKwnWeccUbE3ISW7xgaCAIgAAIgAAJpSCBJgjANe56CJu/m9FrD5nGQFXZHlEijepfPYpcPE9Kay2m4KBRXzGfZMnVynJapVg86SSyQWr1ynetaZ9O1rWPfPyhNnqfLZ+jnDkqwG33uRa2fz16fR6ccU3bWtI08BrfMKaBDBaHBdDRBGNzvqbnlGoyH5gqssbudraqXc7CgeMs+3nJ67SwXbd8baJO4oz7KwXcq5MRbI84DgfQgIOkk1q1bZ9jYQYMG0cyZM9OjI2glCIAACIAACGQAAQjCFAziAbb2ifvna18V0n/GOZgNRZSRsBrVOYcubRq/Ne8Gdutc/ycrQnVrnPyV/XILh8fmfvrzdj/d/lIB7eYE9HrrmlKvJqqErbhk8r9flP2OZbSHcBO39bpnXIorq1aCbZT2qm/qRbLelVQvIbW+Hl5R9nDmU+XYsIXcbZM/KKQFqzwh74k4H9AqfpGZgtsZlwCBhAlUrFiRDh06ZFjP5MmTadiwYQlfAxWAAAiAAAiAQGYS0HlmJqmDEIRJAhlNNR4evw/Xemk25wDcoVqF5DxFcOhFVFC1BARVZQ5ycmpNO93cIScuN1F92z7+0Uf3LeC9frq9cyKOPhqdH5VlaiunlJAchh+v9wSsgYEmllgUS+KgPHaLLO3IaCjGdszfvE/wet7Xuc8ZahkMtptf1Ge2TWs7qOYR3COGUeNwO2Wz5nazVvtnr48kB6S4cuZl22g/1yMCui272Mox8ZY/2C24z3QXsYdwSBEXVHFFRQGBTCXg9XopOzubF47Cbn61w6tWraJmzZplavfRLxAAARAAARCwHAEIwjIaErEOLf3RS3vYbdDHpqtw19Bsdg3t1DSLLuaIpI2OS+7eO3EbDbeW1eU9bLMG5lJOmMgp9BK9+52Hft3lpy82e5X9jYp+VQVs0LqmchSRJCktPPq5Hr+eyK6Q56Y4D+FPf/sUN1GXmh5SkaOqJpX2t67voPu65VBuGeivu+e7lcBB+iLteH1oPon1EQUEMpXAhg0bqEGDBobdczgc5PGEWs0zlUPq+hXNsl3qWoMrgQAIgAAIWI8ABKEFxkQEy6+7fLTyZx/98IePGrIAFLfBRCxQJXXr2qc5EuqOQCRU/d65fN67dtZJDsW1c8s/fqVNf//HOwNVt0q9fU8/xdC0X43DbDRjQB5d8TjvUwxzz3zuhugjcopl7ksWn3/+66czTrBT/WNjF8R7WWj3eMJFzvA9g9xnsfY91juX8yLGXm8ybpd1PMaDn5c8IqFFxlxcRlFSRADz5FskOzUAACAASURBVBSBDr3MggULqEePHobXbty4Ma1du7ZM2oWLggAIgAAIgEB5JQBBWA5H/se//DToWVfA3VPyEaoT4xIjbRpMnvXWQQmuIkFWpLR+yEniHqv3J73rshzq1KRkH0s3G8yeWlpIb/C+OrFMSnFwo564JpdO44Ar0ZZ/eZ9mzyecimUwPDhPPjfxyX5lG+Cm6xQn/cPRRRVzpWpprVqBaD5bB6V9KCCQyQSGDx9OU6ZMMezigAEDaPbs2ZncffQNBEAABEAABCxHAILQckOSmga9+pWHpi4uLLb/Tx8QJtwKGL4DMI/FS/fmWdTn/OyQ4Co9prpoG++R1B9/Ilsd53EuQqOydL2XXvnSQxu3+8gT6kWpHH4WW/ImcdqKaEvfmS6SvY5a0foh4nI2WypPKoO9jFpbXviskGYuLXKJ0/aPSrCgy85IYFNitHBwHAiUMYF69erRpk2bDFsxYcIEGjlyZBm3EJcHARAAARAAgfJFAIKwfI13SG+fYEEowlBf9NZCRRzKhwFDli7wjZ/dOB00ta9xioQnlxTSK1/oRI+qzVrInr3Lc5T8jN//5uX/2E12oze4x88oqqpctnEtO83oH50g/P73wL7B8CJ1P3hFLl3QIHpLoxm3xiUTXcUC3BxR0UZvcZTXWHMQihVWopS+/rVHCQh052W5VL8MU3uYwQt1Zh6BChUqkNPJPt0G5bnnnqP+/ftnXqfRIxAAARAAARCwMAEIQgsPTiqa9ui7hbSQg8b4xcVTC7hS9DKQnoL/XZEFx+knOKhNAwe1O9VRYiCWnfuJxC1S0ZDB4DNSUeACwfQOagfDXVX1/XawfpOANNHs95N29n86kPdRuU6wIj89enUenVtGewa1ZogAvmVucbE6/OIctrSWbh38ZquPJr1fSH/861PGJDx3ouw5/XBUfrHAQKm4j3ANEIiGQGkRRr///ntq0qRJNFXhGBAAARAAARCwDoE0j0sAQWidW6lMW7KRc/XNZ2vhXqePjuW0C9s4XUNBoZ8a1HTQFWdl0RExRr588G03vb/GG9ijGCb8tI6Gvx/+76psOXuMxWC0Ce2fW+6hZ1a4A+kwdPsiu7Ar5h2dyj7be7+nXLSZg/XI/0SuimCVFBZvDyvuSivWvzmfFtJ3v/rpIAfG2X3QR7tYaOuj0YZE7VfTiPRrkU0DLyiDsKllevfi4ulCoKQIo3a7nUQwooAACIAACIAACKSWAARhanmXq6tprqMigALyx6CEraiI26Skg7iwcRa1PCV6906JairBbMTSKVdSjJH8nkRMffGmvFJzJZo9MCs2+Oiu19g6qEt7Idec0qe49VPyVD7P4laL1BoU1aq1Vd9WDZ/2VwL7SIAflHQmkObLjCWgLynCaMOGDenHH39M54FD20EABEAABEAgLQlAEKblsKVPowc9V0A//OnjhO/cZgNNKG9X4u2BuRzxpRmnvBh6YTZJxM1Yy7QlHnr5CzXhoGhB1dX1qWtzqXGS8zjG2jY5/tJJLvrvYFGgG3nvmKocWXRIfrC6LRwI58ZnC+igmyU0A7OJqlUtf9pB4fss9W6jedk2en9kHlxG4xkgnJMSArfccgtNmzbN8FqIMJqSIcBFQAAEQAAEQKAYAQhC3BSmE3j3ew8996mHtrMbqhSxArY8xUHnnexQAsYcf2QE62EMLbvoURcdcKpRcFRL2hGViBYOLxJcMVSX1EPf/MZDj/Hev/DSr2UWDWxTlGei/QQnHWIjomYXDVr/VDyK0VOzEqraUvnDHxzG3Zx7Yz4dxX1GAQGrEjj55JPpl19+MWzeuHHjaPTo0VZtOtoFAiAAAiAAAhlLAIIwY4fWeh2ThPM//e2jRmyxk2AxySpbdxL1meEstr/uwR4cVbRhEi8UR4N3cr7BXtNc5GQ9qJe9lfJs9MEdRXsHV//qo6Hz1IAzWvwd1cqpnSd/JfaPCOrA/kE/Vci10VXnZHNCe7iJxjE8OCXFBCpVqkQHD3KiUIMyd+5c6tu3b4pbhMuBAAiAAAiAAAhAEOIeSHsCT37EaS44j6G+ZLEL6rK7jPMextLhP3f76ZutXvKxAOvQKCsk32I09Vw9vYB+3cUus7rUHVkcDXRG/zxqWLNIIg7h6KOrORWHfq+lEklUF/1Vrif1ZLHG7Xw6u9delFNitNdo2odjQCCVBLKysiIGjlm9ejU1bdo0lc3BtUAABEAABEAABGR+6ecCEiCQzgQkFYPk4wsW3n9X72gHPXdDdLkLjfq+fS/RqFcLOIUFizn1gPrH2mnmgFxFkEVTJGrr45zrUV/k2yZuov1bFVn0JC9jbxaOLo7qqi8iQqXo8xMeVclGT12XS0dXSdzNNpo+4BgQSBYByT0oOQiNio1XOiTCqPxFAQEQAAEQAAEQSC0BCMLU8sbVTCDwzCe8R3ElCy91052ILslb+DhH8Iy17NhHNHWxm1b85A2my9DXMeGqHDqf9z5GUy5/3EW7WOzp4+lUybfRO7flKS6z4kY6j9v98hceKmA9G56YXkudIRXkc1dk3+Xdl+cQnEOjoY9jrEZg7dq1EXMM1qxZk/7880+rNRntAQEQAAEQAIFyQQCCsFwMc2Z3Ust5qI/IKW6Zy+4qPaCMWOG+2OSjuZ8X0pZ/fEpQFxFgkQwV93XNYdfR0gXh+2u99OBbnBMxzOAxslM2dW6aRVM+KKRF33nIraZdk3ZoglDdHqikzqhfw053XZZDdY+G5SSz7+LM793ChQupS5cuhh1t164dLVmyJPMhoIcgAAIgAAIgYEECEIQWHBQ0KTYC767x0MNvFwbElxqIRcTh/9ia1qFxcfG230X04Tovu4N6aTlbAuXfUvQpHYyyZIjL6PT+uVGldegwwcXiUo16ynVL046oaKMHuufQ3fMLaK8ztI8iCBXJF5Zm4uLTHDSmS05sQHA0CFiQwNSpU+nWW281bNl1111HzzzzjAVbjSaBAAiAAAiAQOYTgCDM/DHO+B6KeGv9oFNJ5K6IOrXHJx1tp7mDitxGN//jp4nvu2nd7xKpRRWBqlgLKMKif2hWOs3C1/5UB93JlrrcKPw1P/rBS/97I9Q6KIJPrHxbdugaGDYy4TkG5WOxGr5ycx4dezgshBl/I2d4B2+66SaaMWOGYS/Hjh1LY8aMyXAC6B4IgAAIgAAIWJMABKE1xwWtipGABG95TSKNSkJ3/p8m6LJZwFXkFA9ej5/2G7iD6i2ByuswUdiuoYMGXpBDtY6IrkEu3hfY+TGXEiAmsAdQVGpRgvlwoanVWoGNgB2bOOj1ryWwRpGwlVOr8r7DN4cj4Xx0I4CjrEqgbt26tHnzZsPmzZs3j/r06WPVpqNdIAACIAACIJDRBCAIM3p4y0/n/t5DdMXUolyEmq4zsrrpqWgxdjVLoPy7SgUbNallp+s5Gmise/ckl+C3W0MtkOHBYjS3Vs3F9cwTHTS2Rw5V4S2PA58tUHI1hrusNjneTtP6xR4kp/zcAeip1QlUqVKF9u/fb9jMt956K+L+Qqv3C+0DgfJFwGhDRfkigN6CQCYSgCDMxFEtp33qxlE9JYVDiNWvhAAxGqY8ts6deJSdmp5gpx7Ns6l6lfgBtnnISYVqoBjFdzXC9aWNNdkN9I5OOdT8xKI8FhJttDv3Y88hxZYYUh65KpfOOznKnBfxdwFngoApBCTlhKSeMCqff/45nXvuuaZc11KVYi5tqeFAY0AABEAABAIEIAhxJ2QMgY07iK572hmSLiLcQqjJrLxsogYcJKb3udl01kn2qHMLlgRr604/9ZnpCuhAVQgazf8O5+Aywy7Kpna8L9Go/PCXjwaxpTA8QmkFbvPcwXlU47B49xNiNpoxN3saduTII4+k3bt3G9/zP/xAp556ahr2Ck0GARAAARAAgfQnECYIMWFM/yEt3z3YdYDo0XcLaNUWH7nZ2qbl8tMkVD6Lqvu7saWtXvItbUr6C043oVwrbC+idn2xQj7WiyOVlhKcZtQrbvpsU8DUqIlYqaNiro1euSWPDjfO712+Bx+9tzSBOnXq0NatWyEILT1KaBwIgAAIgEB5JAALYXkc9XLS5992EX33m4cjdNrpj90+Opmjjp7GewPNKpM5t+DrqzxBQajGkglaCx/okUttG0R//cHPuWntH4EgM/oirqZzBuWRWDlRQCBdCJRkIfzuu+/o9NNPT5euoJ0gAAIgAAIgkFEEIAgzajjRmbIkIPv/Ln7EqSSb17uNnlTdxlbJPDqhWmytO+Qm6jHVRfucxfcTniGWxt65lG3sdRrbhXA0CKSAQEl7CD/88EO68MILU9AKXAIEQAAEQAAEQCCcAAQh7gkQSCKBA5za4okP3PTXHj91bZZNbU+1B/MixnOZ9X/76YZnXYannlPXThM40Iwj3i2F8TQI54BAnASysrLI69UiLoVW8u2339IZZ5wRZ804DQRAAARAAARAIBECEISJ0MO5IJACAm9+66XH3mNzYVgRu2GrUxz00BU5SgJ7FBCwKoGdO3dS9erVIzbPr+V/sWoH0C4QAAEQAAEQyGACEIQZPLjoWuYQWLreS/cuCIhCLd+9ltaiwXF2mnUtchRmzmhnXk+++OILOu+88ww7VqNGDdq2bVvmdRo9AgEQAAEQAIE0IQBBmCYDhWaCwAccwVQimRrFAu5+VhYN51QWKCBgRQJz586lfv36GTatU6dOtGjRIis2G20CARAAARAAgXJBAIKwXAwzOpkpBOZ/7aEpHM00PPKo9O+2jtnUrVkp+SwyBQT6kVYE7rrrLho3bpxhm4cNG0aTJ09Oq/6gsSAAAiCQvgSQYi59x868lkMQmscWNYOAKQQeWlhI76/hkKZqCW6/4n2EN7bNor7nw1JoCnhUGjeBJk2a0Nq1aw3PFzEoohAFBEAABEAABECgbAhAEJYNd1wVBBIiMOzFAvpmi0+pQwSh3mLYv2UWXd8GojAhwOXsZJfLRYMHD6Yvv/ySDjvsMOrVqxf17NmTZH9fMkpeXh4VFHAIXoPy1FNP0Q033JCMy6AOEAABEAABEACBOAhAEMYBDaeAgBUITGbX0dfZhdTIfbT3eVl0UzuIQiuMk9Xb8MsvvygpH/bv3x/S1Pz8fFq4cCG1b98+oS78+uuvdOKJJ0as48cff6SGDRsmdA2cDAIgAAIgAAIgED8BCML42eFMEChzAnfPd9Oyn7yGovCCBg76X/cc5Cks81GydgPOPPNMWr16tWEjq1WrRv/8809CHZg1a1ZEC2B2dja53cVTqiR0QZwMAiAAAiAAAiAQEwEIwphw4WAQsBYB2RreZ4aLftslr3RF/Wed6jaacW0eVcyxVrvRGmsQ8Pl8lJubSx5P0Z7U8Jb9/PPPVK9evbgbXJLgFOvjRx99pNS9a9cuuvzyy2njxo0kSezPPfdcuu++++i0006L+9o4EQRAAARAAARAoHQCEISlM8IRIGBpAl4WfyNkT+FWdU+h2lotV32VfKK3hudTjsPS3UDjyoBANIJQBN0333wTd+tEcEayAo4dO5bGjBlDr7zyirJv0ahMmDCBRo4cGff1cSIIgAAIgAAIgEDJBCAIcYeEEUA44nS9JWYuLaQXPvMUCzIj/alTzUbPDMyDKEzXwTWx3WeffTZ9/fXXJV5h5syZNGjQoJhbUdr+QYk8evjhh1OtWrUi1u1wOEq0YMbcKJwAAiAAAiAAAiAQQgCCEDcECGQQgTe/8dBj7xVy2NHinWp2op2m9MnNoN6iK8kgsGXLFqpfvz4VFvJ9E6HIXj8JOiPWvljKk08+SUOGDDE8pWLFinTgwAHFJXTdunUlVrtmzRq4jsYCHseCAAiAAAiAQAwEIAhjgGXVQ3/Z4adH33PTX7t91O7ULBp4QTZVim3eZtWuoV1xEPhgnZcefMs4UMfjfXPpzBPscdSKUzKZwM6dO6l69eoldnHq1KkRxV2kEyV66E8//WT4cbdu3eiBBx6gRo0alYoWgrBURDgABEAABEAABOImAEEYNzprnCj7x/o/5aKtO4uCirQ71UH3d0MUEWuMUNm04uP1Xrr/DTf5wmLN3Nw+m3qdm1U2jcJVLU2gY8eO9MEHH0RsY4cOHWjx4sUx9UGsgIcOHTI8Z9y4cSR7CCN9rj/JL8k2UUAABEAABEAABEwhAEFoCtbUVfrdbz4aMjc04fPRh9lowdC81DUCV7IkgS83+2jkywVBUViZb4k3huVTPtITWnK8rNAoSTMh0T6Nit1uV1w8JT9htEX2/0ngGqNSoUKFqMRgnz59aN68edFeEseBAAiAAAiAAAjESACCMEZgVjt8yoeB5OT6cvZJdnqsN3xGrTZWZdGeL37x0cR33VSRxeCYLrlUr4bB5sKyaBiuaUkCkmJC9hNGKp06daJFixZF3XZJH+H1eqM+PvzABg0a0Pr16+M+HyeCAAiAAAiAAAiUTgCCsHRGlj7isklO2n0wtIm3X5JNl58Jt0BLDxwal/YEMjUeb0lpImTQnn76aRo4cGBU4yfBaErKcVhSJUg3ERViHAQCIAACIAACCROAIEwYYdlVsFrcReewu6gYfdTZqYNfv3t7Pol7IAoIgAAIxErglltuoWnTpkU8TUTevn37KC+v9IdMvBbCa665hubMmRNr03E8CIBAuScgLuoInFbubwMAiJkABGHMyKxzwrAXipKRa62SCJISSRIFBEAABOIlUKNGDdqxY0fE0++44w565JFHSq2+pD2EkU6WQDS7d++mnBwExioVMA4AARAAARAAgSQQgCBMAsSyqqLDBBc53aHR927glBPXtIC7aFmNCa4LAplA4Pfff6cTTjiBIkX3lGTyf//9d6lWQpsttj2r4q66ceNGOv744zMBI/qgEMhU52oMLwiAAAhkDgEIwjQey9YPuzhgQ6ggnH1DHtU7OrZJWBojSMOmw51FGzRME619+3bv3p3eeOONiI2cPHkyDRs2LOLnmzdvprp160bdSXFBFSEqkU5RQAAEQAAEQAAEUkcAgjB1rJN+pRZjncXqXHZ3PmXBfT7prFEhCJQ3Ai6XSxFnkmrCqEgi+99++y2ilVAihG7YsCEqbGJJXL16NZ1++ulRHY+DQAAEQAAEQAAEkkcAgjB5LFNa0z7WgpdMDBWEeZxfbsno6HOEpbTBuBgIgEDaEZgyZQoNHz48YrsHDx5M06dPL/b5jz/+SI0aNYq6vwsWLKBu3bpFfTwOBAEQAAEQAAEQSB4BCMLksUxpTb/t8tPVM1wh1zy2qo1eG1J65L+UNhQXAwEQSFsCYiU88cQTafv27YZ9kKAxYkHUIo7K6969e9M777wTdZ979epFL730UtTH40AQAAEQAAEQAIHkEoAgTC7PlNX2naScmMspJ3Tl1OPs9NQARBhN2SDgQiBQDgg8/vjjJe4VXLJkCbVr1442bdpEzZo1U1JSRFuqVKlCu3btIkllgQICIAACIAACIFA2BCAIy4Z7wlddut5L9yxwB+uxcYSOFqc4aHxPhGpPGC4qAAEQCBIQK2GFChUiRhzt37+/koLipJNOov3790dNTvYNfvXVV9S8efOoz8GB6UwAYaTSefTQdhAAgcwmAEGYpuM76YNCemOVJ6T1zevYafLVsBCm6ZCi2SBgSQI+n48kwXykFBTxNnrUqFE0fvz4eE/HeSAAAiAAAiAAAkkiAEGYJJCprsYoKf3pte305DUQhKkeC1wPBDKZgAhCyQ/o8YQuQCXSZ3EV3bt3byJV4FwQAAEQAAEQAIEkEYAgTBLIVFdz3xtu+vhHb8hlO5/hoNGd4DKa6rHA9UAg0wmcddZZtGrVqqR1U4LISDAZFBAAARAAARAAgbInAEFY9mMQVwueXe6h2SsKibRtGfx3QOssur41gjPEBRQngQAIRCSwZcsWOuWUU5JiJZRk9Rs3biTZQ4gCAiAAAiAAAiBQVgSK9nZDEJbVGCR43ZlLPTRvZSFPqgIVyZBefqaD7rgEFsIE0eJ0EAABAwKHDh2imjVr0p49exLiM3bsWBozZkxCdeBkEAABEAABEACB5BGAIEwey5TWdMfLbvril1CX0TNOsNPUvthDmNKBwMVAoJwRqFq1atz7/3JycpS0FLInEQUEQAAEQAAEQMAaBCAIrTEOMbfipjkFtPZ3X8h57Rs56H9dYSGMGSZOAAEQiJqAuI/Wr1+fCgvZZT3GMnXqVBoyZEiMZ+FwEAABEAABEAABMwlAEJpJ18S6u0xx0q79Ad9fyUHoZ9fRx3rl0jl17SZeFVWDAAiAAJG4j0rC+tdff12xFkpi+Q0bNpSIxm63k9PpJLESooAACIAACIAACFiHAAShdcYi6pa4eGG+3ThncP+gduKS0fmUh5gyUXPEgSAAAskjIG6gbrc7YoUjR46kCRMmJO+CqAkEQAAEQAAEQCApBCAIk4IxtZWs/NlHo18rCLlotsNGn9yVl9qG4GogkAkExPMahvWER1LcSH/++eeI9SQ7sX3CDUYFIAACIAACIAACCgEIwjS8EZau99G9C0IF4dFVbLTgVgjCNBxONBkEwgikp0JdtmwZXXDBBYajec0119CcOXMw0iAAAiAAAiAAAhYkAEFowUEprUlvfeuhie+FBnRo29BBD3TH3pzS2OFzEAAB8wjs2rVLcQtdunQpFRQUUOPGjWno0KF07rnnmndR1AwCIAACIAACIJAQAQjChPCVzcmzlhXSnE89IRfve34WDWqLDYRlMyK4KgiAAAiAAAiAAAiAAAikJwFTBGFR3vv0hJLqVouD2NZ//PTGKg/tdfqpA6ePaF3fEbEZY99204drvZyM3s8+vzYlKf1tHbOpe/OsVDcd1wMBEAABECgLAvihLQvquCYIgAAIZCQBUwRhRpIysVN7DhF1f9xJBTqj38QSUkj0eMJF2/fIbCBQ/PzyoStzqE0JItLE5qNqEAABEAABEAABEAABEACBNCUAQWiBgXvlSw89+VHonsBz6jpoYi/jPYFtOeWEO9RjlMaxIGx5SmSrogW6WT6bgFV8i457egZusShMNAsEQAAEQAAEQCCNCUAQWmDwxr1TSO9+H6rwDqtA9O6IfMPWtRvP1sRQ/UjPXJ9H9Y/h7PQoIAACIAACIAACIAACIAACIBAlAQjCKEGZedjyn3x09+uhaSTEfvEeC8KqLAzDS9cpLvpnX8Bl1KZqwJduyqPjj4QgNHOcUDcIgAAIgAAIgAAIgAAIZBoBCEKLjGirsU4SESj7AUXkyd/mdew0pU9ucUH4uIt2qoJQPhRp+DIEoUVGEs0AARAAARAAgWQQwJ6DZFBEHSAAAqUTgCAsnVFKjrj+2QLa8LdIwqJiJxutuKd4svkO413kLCwKKiNnzByQR42Og4UwJYOFi4AACIAACIAACIAACIBAhhCAILTIQP72r596T3exBAxY/LS/M/rn0mm17CGtbMnWxFA5SDSjfx41rgVBaJHhRDNAAARAAARAAARAAARAIC0IQBBaaJgumeiivYfEZ7RIEDY70U6P69xG/9jtp17TXCGtFhm4fEw+2aEHLTSaaAoIgAAIgAAIgAAIgAAIWJ8ABKGFxmjCu4W08FuONiqCkHWhWAEPq2Cj924vchtdut5L9y5wh7S64bF2evq64nsNLdQ1NAUEQAAEQAAEQAAEQAAEQMCCBCAILTQo/+wn6jrFqbiLakVeL7s7nxyq1+iMjwvpxc9DU1RcdU4W3dIh20I9QVNAAARAAARAAARAAAQykQAy+WbeqEIQWmxMu6kpJfy6zYQz+vE+wuMDinD4CwX09Rb+KqpWRPl7z+U5dFFjB/13iOiDNR6qfZSdzjs5dN+hxbqJ5oAACIAACIAACIAACIAACFiAAAShBQZB34QH33bTB2u9Ia0a1Dab+p6fpbzXdhwnpQ94lQYDy8wblEdPfOQOCEW15GbZ6LUheXRUJYt1EM0BARAAARAAARAAARAAARCwDAEIQssMRaAhC1d76ZF3Q/cInnCUjV4YnEd/cCTSXhyJVF9EGLZn6+Didd7AvkNVKcqfs09y0GNX51ish2gOCIBAdATglBMdJxwFAiAAAiAAAiCQCAEIwkTomXDulp1+umZmqOiT4DIfjcpXAs48saQwYB1UE9jL3kJPwINUMRmKIPTLv/nvERVt9M6I4nkMTWg2qgQBEAABEAABEAABEAABEEhDAhCEFhs0H4u6Vg86Q1ol4m9k5xz69GcPfflLkVuoHKvsFNRHodGshPx23ep2mjMI0UctNsRoDgiAAAiAQBkS0HL9lmETcGkQAAEQsBQBCEJLDUegMTfMdtH6v4pSz4sgrFvDTtv+89EhnTepYiXk4xU3UdGFOpdRsRZO5WA0Z56A4DIWHGI0CQRAAARAAARAoBwSwGaAcjjoadBlCEILDtKa33108/MFitALMf6pbqLSZK8iBv3sGho4QjtOZKS4jPY820G3Xoz9gxYc3rRs0k5OifL0J25a/6efjuRARbWr2agq58iUUjnPRg1r2qnRcVh8SMvBRaNBAARAAARAAATKNQEIQosOf/vxTnIVhjZOLILBdBTiLsrzb73ri7iQyjEPXZFLbRticm7RoU27Zv29x089n3AFo9pqHQh3u+rePIuGX4x8mGk3wGgwCIAACIAACIBAuSYAQWjR4b9rvptWbAhNPyEzcnE1CKYo1JsF2V9UxGCPs7LpNkzKLTqq6dmswWytXvdH0d5VvSCU13or9vT+nDOzFhYj0nOk0WoQAAEQAAEQAIHySACC0KKjLknmL5vkVESe/KfNuoOvVfdRLbqofD6EXUR7NndYtEdoVroSuOBhJxWGrU1EshIOuyibFyUCOTNRQAAEQAAEQAAEQAAErE8AgtDCY3TP625auj4wE1e3CgZSS2ht1lkIxSozYwAiilp4ONOyadvYXfQKdheNVLT0J9rnt3XMpm7NIAitNNhbd/nphc8KaeN2PzkLfFQx107HHm6jmvxffPFeLQAAIABJREFUDnv4/rXbR3sP2SiXX9vZ08DpDn2dz1uR5Vg7P2827vDRP3uJJDfqhadl0Xl17ZSD4bbScKMtIAACIAACIBAzAQjCmJGl7oQd+4i6Px6agiJEEKpNOZ0jiU67BmIwdSNTfq703hovPbxQF9pW13Wj0O1zBuXRSdX1TqTlh5WVerqfNfyk9930+SYvHShQNx+z2LPpHHwD3gaB9yK9DvZJq0I//uo+ZgkqVPdoO3U83UHtGjggEK10I6AtIAACIAACIBAFAQjCKCCV5SETFrlp4Xeqv54+qAw3SnZ1NT/RQVP75oTs4yrL9uLamUXgobfd9P7a6PxFB7bJpn4tYS4qqztA9N3Pf/tp1jI3fbU5sOdTs+CGW3L1n5X0WutLMfEfSSDyWkDlfLYgHmmnzmdm0cWNHYplESUeAsiWFw81nAMCIAACIBA7AQjC2Jml/IzLJrno34O8kq9zF5WpQsfTHHTP5UgtkfIBKUcX7D7VRTv2Bp2UQ3re4hQHnXy0TUk70eR4B51yDGb+qbw1ZFR++MNPC74ppLWcquY/fka4WbuHpKrhY4JBqMIap5cbkV5H6k+4VNFbGBWBqZ7o4IfWidUdNLJTNp3KqUlQQAAEQAAEQAAErEcAgtB6Y1KsRSs2+GjUawVk183CHPyPFWMqpEHr0cR0JSD7B3uwIAwqCrUj2n7W+UPy6JiqEIGpHN897EE+51MPrfzZSzv3+aiQDYHhI2Ak7oxsTYkIwvA+h9cln4e2y0/Xt86m/q2QliSV9wuuBQIgAAIgAALREIAgjIZSGR8jzl9tHnSST5dz4uImWTSmCyZXZTw0GX35hau9JC7LwYBGam9l8l/jMBstGJqX0f23Uud27g8EhnnjG29gvx+XcDdQTZSFiDM1GnHSXUbD4JQoLnWeDWMlR2oDWAqtdG+hLSAAAiAAAiAAQZgm98B2DjDzxteF9OduP7U6xU4iCFFAwEwC184q4MiUxvkHL+K9Yfemubuy1XdoeRn97BUe+pD3cG7f64soALV7ICgIVREYUI0B981iuUv1n6kfKseFv9bdYCW6laof6oWnJlzDFxR6nZNFN3fAYpaZ313UDQIgAAJWJiAzCywNWmuEIAitNR5oDQhYhkCbh5zkKa4HlfZdzwFk+iOAjCljtYdzkL78uYde5QUgjy6ej9G+Pb3YMrIMKrpPBCL/rXmEnQ6vSJSbZaMKHJRY3H0lZcTf//lonzPwmuONUoEn9LWknZBjK/I5+5x++us/UvY0b+EUFCJa9UUvAksS3GfXsdP9PXKpEoIjm3IPoVIQAAEQAAEQiIUABGEstHAsCJQTAqXlH0R6ieTfCJv/8dOrXxbSh+u8ihAs5qqrt/xpQi9sA6GRCGtd30F3XZajCLpkFrnWl7/46K1vPSQurVv/4T2N3G4j19XgdTWLJbe7Yq6NHuieQ2efhHXiZI4L6gIBEAABEACBWAlAEMZKDMeDQDkgUFL+wbxsGy0Zjf2DybgNPCyQZi8rpEWcWmY3W920YhgEJkwQyrHF9hGyxe74I21UrYqdGh9vV6y42Y5ktLT0OqTNS3/00Xy2bP68jSOecudCRK2IQRaC4UFwLm3qoFGdES25dMI4AgRAAARAAATMIQBBaA5X1AoCaU2gpPyDYnF66ApM4BMZYLGovfRFIb25iq2BBm65kdwtjQRgrWp2qlbZRufXs9PlZ2RRngW250n7+z1VQFvYahhJ5Orl71GV7DT+qhxqcAyshYncVzgXBEAABEAABOIhAEEYDzWcAwIZTqCk/IPifnhJkxSZnTKIc4GH6NllHvr4Rw/t2OcPulYaddEoKqgcF8j3R3R4BRu1a+SggZzKoZJFjbXS1Kunu+j3fwPSLzwojbyntxbK/sURHXPo8mYImJVBtz26AgIgAAIgkAYEIAjTYJDQRBBIJQEl/+ATrqL0g2Guisg/GNtoiBB8iYPEzFkZFiTGwAU0pOYwM6G4X7as56De52VRo+PSx5I29cNCmr/Ko6TN0VxIA13TYp+G8pw5II/7h/yWsd1lOBoEkkOgpGBQybkCagEBELAiAQhCK44K2gQCZUjg1S89NHVxYcj+Ly16ZA2ONon8g9ENzj4X0dQP3fTJT15yuQ2CxIRZyMJrlYmZ2GFrs0toCxaCV5+flbZROdf/5aNhLxTQIeYQKR2F1v8K7I08rV8enVwDojC6Ow1HgQAIgAAIgEBiBCAIE+OHs0Eg4wj01rn5hXdO8g/ek+b5B80esEOFRGPmu2nVFl0SeQPxF8ktVNpXmd1AxXWyG/8n+wMzoYhAvv4ZF/3FuVTFOFhSr6T/U/tCFGbCuKMPIAACIAAC1icAQWj9MUILQSClBNqNd1IBixqjMvTCHLrybOwfjDQgf+wmuo5Fz6GCopApcmxENywDt9AbOMdjz3OzKCdDMc/ifZQvfeGhQgmxGlaUd1RXWun/I73yqNmJmSGIU/olxsVAAARAAARAIAYCEIQxwMKhIFAeCLTmhPThCce1fs/on0uNa6XP/rVUjZeTBbREZl2xwUs+Ldee7uIRrYFqKoYjOWH8pRwhtF+LbCVBfKYXcR294dkC+nWXLgqpKo7D5d89XXLootMyVB1n+kCjfyAAAiAAAmlBAIIwLYYJjQSB1BFoMdYZ8WKLR+WT7PFCKSKwaz9Rz2lsVZX9caorpKFFMPxNPrZtAwdbXNMrSEwyx37cO4X07vccdYdLJCuqnTnNH5pPR1dJ5pVRFwiAAAiAAAiAgEYAghD3AgiAQJDAPtaCl0w0FoRZbBhcdnc+aIURkHx7v3C+PS1mpv6v/lBF8PD/Vc63UWsWgoPbZdNhwEmTPyikBRyFtKTohnWOttPzA3NJxCEKCIAACIAACIBAcglAECaXJ2oDgbQmIDnjJKiMUalexUZv3GrRpHdlSL3lg85gSoXwXHt6/ZLNXo83tcuhbs0d5IDXbciIiSh8/WtPaGRbOUIHtNuZDhpxCczTZXir49IgAAIgAAKGBGT7Q3r/sEMQ4tYGARAIElj7u49umlNgSKQepwGYPRCCMBxOK9lz6Q3PsVeUXkGOb3K8g6b0ySkX+wPj/ToNf4Ejs25lkGoxshiO7pxDnZtiP2G8jHEeCIAACIAACBgRgCA08b5I//UCE+GgaksSWM5BUe7mlAlG5aw6dpp0da4l212WjRrIwVHW/x1wGZUSzLMnr5U3iHKziZ67IY9qHwWfx0hjJcF4uk5x0b8H/ApDLYm9/ng7L8C+e3s+VcZtWJa3PK4NAiAAAiCQYQQgCDNsQNEdEEiEwFvfemjie8Y5J5CD0JjsX//56Wp2s/UUBcwMCkMRhNq+NwkeM/RCVoYoEQnsPkjUiwP0HDQ2UivntTrFQQ9fCddR3EYgAAIgAAIgkCwCEITJIol6QCADCDz/qYeeWWYsCHuek0VDOkDQGA2zpFG487UCTkbPqlAijaop9vRWri6cVuKOTuBX2tfk2199NHReQYmJ66f1y2U33PTer1EaB3wOAiAAAiAAAqkiAEGYKtK4DgikAYEpHxbS/K8CaQCUoqZRkJeD2mZT3/PLQZK8BMZJxLSIaqPy5DW5dHptiJho8I561U2fbSzaTxh+zjFVbTTvxjzKg76OBieOAQEQAAEQAIESCUAQ4gYBARAIErhngZuWrveGWGeUPXEsDO+8lAN6nI6AHqXdLu+t8dKk993k0hlaIaZLoxb6uewn7DLJRf8dUk2t8jG/lDyPgY2ZROeebKeJvbCZMDayODoWAiWlQomlHhwLAiAAAlYnAEFo9RFC+0AghQR6TXPRH7t1k3D12iIK7++eQ+1PhSCMZjh2cWAUsbTK/kLZe9mS972hxEbg7z1+6jPDRW42uGrBecIDzdzKezKv4L2ZKCAAAiAAAiAAAvETgCCMn136nYmwp+k3Zilu8QXjnFRo7PFIY7rk0MWnQdikeEjK9eXe/MZDj71vvKdVwOSwFvz4zvwS9xuWa4DoPAiAAAiAAAhEQQCCMApIOAQEygOB7Xv91GOqcVJ66f8rN+fTcUeUBxLoo5UIDJ1bQBJoRqyDQUshN9AvkXvYh/Tuy3LoErgyW2nI0BYQAAEQAIE0IwBBmGYDhuaCgFkESrLGZHEslGV355t1adQLAhEJ7FAXKrSsHvpMjuLK3JQD9TzJUUdRQAAEQAAEQAAE4iMAQRgfN5wFAhlHYNQrHNlxk3Fkxxb1HDS+J3K/Zdygp0mHRr/mpk83cLAjTQ2q21yVoB/8nriN5mIrYZqMJpoJAiAAAiBgNQIQhFYbEbQHBMqAgJt14MUTnFQgelAXU0abgCNlQhkMCi4ZJCCBjq7igEda0VsJ5b2LmzhoDLuOooAACIAACIAACMROAIIwdmY4AwQyjsDnm3x0x8ucDDxspi3aMI8tL4tH55MjfBaecRTQISsTaDfeRS63v9g9Km12sEvz4lGwElp5/NA2EAABEAAB6xKAILTu2KBlIJAyAoOfL6B1f2i7tIouK4JQUiaMvxLWl5QNBi5kSGD8O2565zud22jYUfd3y6V2p7IyRAEBEIiCAMKORwEJh4BAuSEAQVhuhhodBYHIBC54mNNNGG8fpGtbZdO1rbFBC/dP2RIo4HQo7cc7SQLJFHk1a6nD/dTzrGwaelF22TYSVwcBEACBmAloz7GYT8QJEQlgwSPWmwOCMFZiOB4EMozANk4AfsUTkdNNvHBjHp1QDf6iGTbsadmdm+cU0Pe/F1mylbtSFYgNj7XTrOsRbTQtBxaNVhY58JTFjQACIFBWBCAITSR/yE20YZuPjj/SRkdVwqPeRNSoOgEC763x0sML+WY1KHk5NloyKi+B2nEqCCSPwIqfvXTnq+q9ynkIbboptEyoR3bOoS5NHcm7IGoCARAAARAAgXJAAILQpEH+5CcvjX3TTRK9UXK43dcthy5ogImKSbhRbQIEHnrbTe+vNfYXbdvQQQ90x/7BBPDi1CQS2HOIqNNEp1JjeAAkeU+CyyzhAEjZMT5qYZ1J4iChKhAAARAAgbQjAEFowpC5ea9L1ylO2huYtyil1hE2evlmWFpMwI0qEyTQfaqLJPm3UbmLQ/lfwiH9UUDACgR8fJu24f2uXvYajeRzMfaKXLqgPoLLWGG80AYQAAEQAIH0IABBaMI4iXXwntdDXfDqVLfR3EEQhCbgRpUJEJD9gz1YECpFZtiqLtSsL/OH5NExVeHunABinJpkAvcscNMn671Fe67CktRjESPJwFEdCIAACIBAxhOAIDRhiO/lCctSnrDoS5czsuiOToiAZwJuVJkAgRe/8ND0JYUh1haJ4igS8GgWgguGYhEjAbw41SQCLR90ko9v1PA9hHK55wfm0ck1sIhhEnpUCwIgAAIgkIEEIAiTPKgSGr3jo04St1F9mXR1Lp1VB25MScaN6hIk0Hu6i37/19hd9KLGDrrncuwfTBAxTjeBQMdHXbTfVfy+lXckKu6JiIprAnVUGR8BhL+PjxvOAgEQSCUBCMIk0zZyF63Ac+r3R+aTA4vWSaaN6hIl0HZc8cULrc7B7bPp6nORfzBRxjg/+QQkH6GTvfIVL2eONsr/p1xEXJ2fuCaPmtbGwzb51FEjCIAACIBAphKAIEzyyBq5i3Y8zUF3d4GlJcmoUV2CBLw8j27NrneRyjPX5VH9Y1M4sUaoxwRHtPyc3o4XMgoKRQHq+qzqwichCMvPjYCeggAIgAAIJIUABGFSMAYqEXfRix5xkoe3D/qVbMm8w4UnLON75lCLeojUmETUqCoJBH7b5aerZxgnpBdr9vIx+VFfBVoualQ4MAkEIlq2+UZ8lvcQnnJMChcyktAfVAECIAACIAACZUkAgjCJ9Oev8tDjH8iydaDIJDmHdeDiUbHnxYqnWds5dcARFW2UAy+/ePCVu3OWcTTcu+drfnea+13gb90adg7OkVvumKDD1icgz9VWY13k56Ay4e6i0vr7OW9mO86fiQICIAACIAACIBAdAQjC6DhFddS1swpo43bZQF5UGh1np5kDzJ9YP/1JIc1d6aE8DmR6adMskv1fIkZRQCASgWeXe+i5FUULGMpxqttdJ849KOH7UUDAagRWbfHR8BcKDN1FZTHjxcH5VPsoq7Ua7TGLwPe/+ejd7z10iNe22jdy0AUN8MNnFmvUCwIgkLkEIAiTOLY9n3TRX/+FRr67onkW3XqxuekmVm700uhXQ/Me3n5JNl1+JkyFSRzejKvq2lkuXsAwiNTIb91wQTb1a4n7J+MGPQM6dMPsAlr/V+jCm7aYYWctsOLu6F2dMwBHue2CPLme/KiQXv0yNKT3nZfmUKfTIQrL7Y2BjiedALaEJB2pJSuEIEzisAyZW0Df8Wqlvozj/YMtTd4/OIAn9pvCJvZXnMVC9CJjIYovdxIHPY2rKinC6G0dc6hbM0yq0nh4M7Lp8uxq85CLvD4xZQe6qDzP1C2DTWrbado15ntkZCTcNOqUh39mx7C7uyyGhhfZ//z8oPROPeJijTv300LatM1PR1W2Ubezsunko9NogNBUEACBtCMAQZjEIbt5TgGt+T1UED7Bk5OmPEkxq6z82UejXmP3KXVmpE2MpvTJpWYnmndds/qDelND4O89frryCeOAMtKCuZzLrQ5yuaVmMHCVqAl8sclHI14uCAYXleedPHFFD8p/SkAZJKWPmmc6HvjfIaIhc120dWeRd0N4CKGSFkSt3uf129hD49lD5PepvVJXcAd3yKY+SANk9eFD+0AgbQlAECZx6Po/7aJfdoS64M3mCUo9EyconR5z0d5DRdeUV3K95/i6KCAQicBrX3lo6uKw/YPqwVl2Gy27G/dP5LsHNvay+mb1e6qAfvnHF55tQrESVmbD4Iec7xUlcwls20t01RNOkpQ5WlFe8v9pi6Hyzy5nZNEdnczdqmEG5TW/Ew2ec4jsHKFc6ZdOE/JjmVbGEPnZjPahThAAgcwlAEGYxLEVi4tYXvTl1VvyqObh5oRA/5VXSCVtgP6HUK7+8BU51Lo+3P2SOLQZV9Wt8wro218N9mFxT1tzUIaHeiCgTMYNegZ0qBXnzfSqt6089/TS/NKm2TSqM/a9ZsAwR+zCAA7ctikscJteGGq/tNP75dJpx6eXh8yv//qpz3SJnhsqbjXBK+Lw+RvyS3AdxUJVJt/76BsImE0AgjCJhDtNdNLesDzf79yWT4dXTOJFdFWJu+hozV1UfV9STnx8Z37ICro5V0et6UrAxYbBCyc4SbZhGZXJV+dS8zrpNZlK17FAu6Mn8CcH7JLAXWG56JUK5L0bObJyeXOp28Puk//s89MPf3pp6Xovbd9DVIWNpKfzNoXOHG261hE2ys6QtUF5XLXmBYFIzy3J/cuZf2lQ22zqe356LAy4ea/grOWF9NE6D+3kcZQ7Wb/AGxS76rP61oty6cqz8WyO/qmBI0EABKIlAEEYLakojms51qnFOQgevZTFmVl5AZXw6y+q+wfVK9bj/HGzkT8uitEqv4fIxPHeBaFRaTUauTyPWjw6nyQwAwoIWIlAr2kF9Me/PsPcgyISnhqQR41rZcaNK0FTdu3307/8384DflrDwcpkf/p+p5+y2ROykGOp7GIBIX8jFc3SVL2KjSqzB7j8DuVk2aiARchBl59qHmFXUhS1qm83bwFRrLlJ1C9Gv7Fa/8WlclTn9IgwKkLwFY6OOpvFoIx1uPAzEoVyzP3d8znHppW+lWgLCIBAphCAIEzSSMoP8wUPh5oHZWry6T3m7Wn56Acv3f9m6MS+LSdkfoATM6PESyDz3W4eeMtNi9cZzyTbsLvog3AXjffmwXkmERDr4FUSBCnMPMhbrZS37KwGVqTBvtetu/z0wmeF9AtHhZZIqfm5NsplC54IWhE0+1ioiRDcF+ZpEo41mqdUuOthiOhQuUk9h1ewKWkaOjbJohOOsragvmiCiw66jV0bHkqDrRIiBN/61qPcA7sPRviyqAF0w0Whj2/2z+/F3m6THjGoFgTKPQEIwiTdAuK60/mx0F9xcd1573bzBOH8rz30+IehgUG6Ncui2zqm32b6JA0DqimFgEyl2o9zUgHfNn6bzDwCE0Bt8nF3lxzqeFqG+JjhbsgYAiXlHpRgjBdxQvL7ulpzIczJ37VHFrnpM46QerAgMNsPmeyr6k6TOdFIskhir7hwDLhRFntfvaZ8oheXdY+2UbtTsxTLYdUK1rt9LuFtGZHE8qIR+Qm0OcmmzDB0e3kt4/EP3LSMvTPEQqt/5kZDWcbo2Kp2mj8EKVWi4YVjQAAEYicAQRg7M8Mz/uYV7Ct5f4u+HFPVxg/wBFf0SlgKnrWskOZ8GpqUd0CrLLquNQRhkoY146pR3IxfYDfjCJaWxCZVGYcLHbIAAWXv2FjOPSgqSF280D8Ws9gV8hOL7pv+arOPRr5SEAyEo+GMaL2T/kXJPCpRWMLvh/788LrEdXwo57GVaJ1WKu3HO0n2QBuVxaPyqYLF1gTEHfTFzwOuoVowJGl7aWMXPmyt6tnp4Z4Qg1a6F9EWEMg0AhCESRpRSQwvaScCM5bAn5M4j5vkczOrPPpuIb29OlQQDr84m7o3t9aPuFn9R72xE7jx+QL64Q+D6KI8A2l4nJ2evrbkSYe4Rm/Y5qMP13po/V9+KuD471Xyxe3NRvk8GZNFkH8P+DgVCr/H6xJ2tkLud9poD+99KuRb9aTqNrrwtCw6r67dtL21sVPBGVYmIIsYw3ivdKRgMrd1zKFuzaxl1S7g78n9vE93+c+qa7ZB5MgQ4adTAKWJhdJEZfBz9UUkgVmSINTqmMbROptYKFpnC96nH6msNHF7RqzfDxnOJbyl4+lPCmlbWOTxaMZPGRs+sMUpDrqZ8w9KcCAUEAABEDCTgGmCMJo9DmZ2LNV1f8eb/m+ZGzppOZo38y+41TxBOPIVN32+0Rtw+VF9f/7H+wfbn2qtyVGqxwLXMyYg98kFD7k4iIHxHpyuPKkewZNrfdnPaxyz2RL95RYvR9D10wF2jZY7TtzQFIMNCz7NJU3/7+Bryael7lfST4Rkv5QIyQbH2qknJ1tufmISI0/gBsgoAr2mczCZXcbBZCSC5tK7rBVVec3vfrrtRVfQNTCSAIgkyKIRhKW5l2qCIhpzY0m/1X1bZNGgC6zhcWK0T19jK0GwllskR99qngtM+8hNP28zfs7qv5zFUkyIRzH/J/f1Gxyh/EgLuu1m1MMFnQEBEAgSME0QljfGr3zhoSeXhPqyHFnJRm8PN08QdpnsYmtM0Y+OvBrPbiUt2b0EBQTCCazlKIU3zQmNSqs/ZiZHaWx0XGAl+hDfyv9jC8fnm8QCXbQ6XZJVweiz8MlmyEQ2sJ1Kqf1oztU5tlsuNayJlXDcuUUESgsm075RFv2vq0UECxve75nvppVsFVS35hazaoZbOZV/a98D/ke0C6myACgLjkcfZqNqlW1Ugy3zWfzYl/Pd/N09yLHGtu3xkeSqlbQU4blq5bLa/kHttdF9ZyWPk4P86LroEWMLobiKistoWZZfOWDQkywEv/zFOL+rUdu08Vaei3If8KDk8e08Z2A+1TqyLHuDa4MACJQ3AhCESRrxeZ956KmloYKwPls/nrnOPL//dryfQoKD6MsD3XOpbUMIwiQNa0ZVM4UDEL3OgYiMikxClnC6CSnf/eanES+zhYPvrXB5pp+wGok97fhIE9ugaFQnP+H19zwni4awixQKCAiB0oLJTO2TS80sYF3euZ+o7wwnHdCtt6hbHkPFmM51VG8/0gd3OYLz1h7JIu8oXlCUv/Lff7zwJ4b9M2s7qMkJDqpeOfr7Q9okLt6yICQBbiryGuV23vP+GydC33dI9U00qE6Cyrx8c76SssIKRaJyXjbJWBBKW2X/c1kUiQorrqHvrwl460Rb5P7QvCe05+U5J9npnq65VLVsuhJt03EcCIBABhKAIEzSoBoJQrMjfnZ81Eni0qcvswfmUb0asLIkaVgzphqZcHTi+0Ui9BlFF+12JruGcWLvhzglxQp135OR61qyBGEky6Eskx9VyU7jr8qhBsdgYSNjbsA4OiL3SCsOJuPnG9Honq3Aa22LR1pj5tx1iot2sjAIL5rlR7PQyb/lrq7FOQBPrC6u/pwXkEWauE6fw/tqT+G/qcwB+ssOv/J9X7HBQ/JaK+KyKOmLWvIeNquU7Xv91GNq2A+e2jizt2cYMRBej73vVvZk68VdNLyEtPYMlF/rhjXtdMclOXQyfrujwYdjQAAETCAAQZgkqJL+QdJA6MvNPMHuxfujzCp9ZrhI3FT05TkWhPhRMYt4+tZbUnRR6dVVbJlbwPevRMULujHprBlaz5PhMhoe6l67g5X3VYOFvHetRMxtA2th+t51ibW8tIi4I3gC3fXMshcsL7B3yMww7xB9z/WLH23qO+jOy3KoonmOI3FDl+AnK3lPunwPL+LAT1axDGod+o1/667m3zyjcvyRNnrpJvNNmYfYFVeCxUgwt585uFZ4ieQZoX9+ilXQrma5kL3UN7fPoSvPcUSz3TPuscWJIAACIFAaAQjC0ghF+fm9vN9qKecY0hfJi9WB82OZVSSqqX5VV64DQWgW7fSu18j1TpnO8AzGwYFhJOmx3ooR0cYsbk58mhbEKPharcvosxCroioyw4WlQtcg+IzkRbykiXnfofQe1cxufUnuotm8TrDUAqkmvuYIqLdxBNSSitz/+dk2mtgrl06vDe+NeO9aieQ9YJaxIJT8ic/fYI4gFFfdb3/10aLvPPTpBi+5Q3/mQ7sTQREGl23VzyUFbB2OuDzx6ryY3H/jZYfzQAAEQKA0AhCEpRGK8vNBszmc/1+qeSUwt6WpHLL7jNrmub1BEEY5OOX8MJmD6KOLihAUQSar00bT0+Ccxmhyw+8dfxTvb+J9TRVybEqkUFehj11RA2knJMDFnkOBf+ewcZxjjHK0xYBNUPJwHWSgJSdUAAAgAElEQVT3uF//8QX2J0oQDXWmpLTDoDHy1qLb8+kwa3gGlvM7KXXdl9uizYNFEXGVe0V3i1zMiwRj2NJWluUP3oN3zVMukuiXym1sYFGX9y7jXH4jLskmh3k/BWWJIWXX/uFPH934nLH4PpVdLp8qJWVOrA39j/csTmSX0C83ecnlkZWwokWzkupiB+eiyMtyzwZODXm8DW6XTVefZ573UKx9xfEgAAIgAEGYpHvgYt6fdSBs8VJcWMSVxawCQWgW2cyqVx9dVFa7ZXJdLFhM2GRWm3xrf0U8XnFWFl3PLpwi/BIpUufS9T567D035yuUC5ecjLtVAwc93CPBiybSYJybcgKl5R58ll3jTynD/Vayd/vyKaFBvTQrkPbdEgE4mS1AZ5xg3m9AygemDC+4mq10Q+cZC8KmvPD6xDXJ8cN1886PZzmR/EucUD5o2RO9ry1elTac6kNTOZwXwWy6hYAsdnZ45KpcOqsOVgfK8FbCpUEABAwIQBAm6bYIT5grPwYfcRhsCYdtVoEgNItsZtWrRRcVy6CsVodbW6S34cZAveWuJe97ur9bjimJ5N9e7SVpn5tX4CPNs+T95wflKUntUcoHgZJyD1ohxcCApwto0w6DPWTqF0nE4Az2EDn1OEz8k3XHfsHpHO542VgQSnTOib0TE4QiBN/61kMvfFZIEtHUsIi1T56jJTyKArqxKFer9rw9qXpAtMLbIVl3BOoBARBIJoGMEYRvfOOhWZ94OOy3n3LZE0Mmjxc2zlKit51cw64kejWryGqxRPwMLyvvMdfPDYLQrBHNnHplciL35j5OKK+tVIcHddF6Gy4K83jfk6xmm23hkEANVz3p4klY0Xq85oKnqcT6HHH02esTm/Cl+6hKbrnnVxTSd2wp8bJiP4zddWXa6eRnXhaHppSJZg3O57ibUxTs5fHO5X12MtYuds/N59eRPhOrxSG3n/bwJPgEdgfuwAFFzueIl+LyWxaltNyDHTj34H1lmHvwi00BYaIJA6Pk4nexO2un00380SmLgSnjay7n/Xt3c55Ho9KKo6E+fGV8q69u1vVTPyik99Z42L09UHs8S0/6SKPh51/TIotuuAABssr4FsLlQQAESiCQ9oJQ9m88vNBNiznyl/YQ1k8m5T1xd5PIm7WOtCv7mJocb6cuHGY/O0mLtxt5s/u1YZvdq1a00aLbzNnkro0nBCG+26URWLzOR/e/FVhV1wvBcPEXFIX8geT0urxZFkf5TN2+J4luesmjLkWYSDFq36C22dT3/DJSKaWBNuFzTQCu3uqjXQd99C/nugtJYq5zYdO7tukntHo3xnCXxkifyfuS+uBoTnZ+NO8JzeO9oh5+zmoC8z8W7nvY1Vfcj2vzM/WSplnUpr5dec4mo1g59+C/LJq7s6uo3K/B74x6w2pWowvYxXksXJyTcSuE1LF4nZce4LQ4RkWCt0kQt1iKpAmRyODzv/LyPtDQxSjxpIikCot5U6jjL++HfwdkseUeDozV7lQsDsQyNjgWBEAgtQQCHmSS5ClNy09/+2gs/0D8zpv7w0sJz3PlUHlQX8UpIbqyMJQcRomUTzmP052vhf5QSTCZqUna0xCpbRCEiYxa5p/7539EvaY5Azmy1PmN/nsR/h0RK/pN7XKoW3NHmQTA+IaFz7AX2PLCDTNyybLzAs5idsPOy3BNeIgtevewJeSrzbKHKSDjOZxFcA+TNlFVPlEHsSSxX9KYR/rMaNKrXUO+OfrX8m9xkWzE7pFiBTmdF9ziLXLd1hxMRiyg+rtW+i+lrHMPluQqKvds5VwbvXN7HmXFjyBedBl/3qLvvDR+kbEgFGvsnZeWLghF943jBeQvf/GSBI0RH3rt3tIDjPQMkmOCMybdl8DoeSXfiaeuzaP6xyQ2v8j4gUUHy56AmgYltCGGb5Z9W9EC0wikrSAcMs9Nq7fysrX6UA5/IOsnSpHoaZMe2eDdmVe5W/PKbjxJgV/5ykNPLOZZnE6XXsI/UHebHAUPgtC070XaV3yQjYJd2JLh5PlTuItoUByq96usakvesZGdssvMTVADLgsrssASUtR2yp+zTnJwoI7SJ37pNoAF3OWJ77ppzW8+2sYJuEUQ2Tk0odJ1mbSqYQq155rytkEntYmskRtjMK1ImOCOlFsy5H31WhHvJa09XPdRvMAmSc1PqxW7Kvpc3DFfKQjpmxK1Ue1/WeYeXMsJyG96voQUEwxHUh/UxV5XU75+C1Z5aDK7dhqVbuzRcFvHkl0y/9lH1Hemk+TZqJWoA8WoJ1Tne3vHvsAKm/77pHwfdV/IbF60euZ63vdcDWLQlJsBlYIACCSdQFoKwgmLCukdzgkUfKgH5kzBGVLQIsLP4pIex+GTpip5NmpYy6asctc7OvrJzEiewMhERl8uZYE5qrO5ewYgCJP+fciYCvtx0IvNHPTC0DKoCiz5bjjYKvjakHy2kluj6zLZ6v54IFyvtr4S/h2+9aJsJeJpppTf/iXq95RTdVsrMjuICBIdpH/Q6SedwedX2LNPS+dheKxwjUMQKuMRNgkOF5j69ki7r2sdcDuOtkieuZvmsNswT9iVbocNvFiwl96VH9f+rmjbEOk4sSwN4LyvW/7RrfqFHXwl35ND+d5EMYfAS194aPoSY0F41TlZdEuHyOz38Bb/K/i54mSXdL+aByJE0BnMFbSvVWXeq3v+yQ76aZuXftsZefwVd26upy4Hj5nWP5cqle8tz+bcBKgVBEDANAJpKQg7T+QAFBKuXpszqBOHHJ4wXNjYoeRC28s/AD9v89Ev232GiWSVh324X5SKWSY24kp6O1tMipfiZvQrnnDRtj2hPxTRrFgmOqoQhIkSzMzzJShHTw7SEsmao/U6n93bZg3IoxOqWYvDGHaXXMYBJCK5bUmS749Gm7s/N1VEdvC+wB6PO3k/nl66y7NJFYPq2yFjqb6nd/bXR44Nf6zp/x3tZxEejUXa1EAchloUA7PjGofZ6D6OUFuatXA/i8DLHpOcfqHPUX2d7TmYzP/KKJjMC5yCYCaLEYULD0b4vVmRv0sfjsyMezJV936s13l+hYee4XQQRqVfyywayClx9GUHWwSnL3ErQZgkYJXeGhhuGSy2SMIVHct7aAfwgkYdXhy+5XmXEpyptCL7R+/hvYwyF0EBARAAgXQikHaC8D+Ontd5YiCip7LCx7/QEtygOls4JvZmd52jQ5eVZX6xeYefNrI4lChlP/zp5aTZJYeNVirn867kVcchF2aXuiLddYqLZIO6vtzNG8k7nmbur0LfmS7ayivW2iRFXjzHLksSQAel/BLor4bE1+6CcEEgkx+xgD/NUTutOHGR77N8x2VRJ1J49we651LbhtFb8a14N8QkBkP1YsgmPk0M6vuoH3vlWRl4pAWem+pf/b8jvdbqjCQq9c0KMWaqglGpl//vujYlWwuvnVVAG3nxLrxo50sf7+WJ9oUcPCTVRb8XV89D7zYo6QQkFx6KeQSeWlpI8z4r8gzSX0nEoIhCrYh76FW8f1pSSejHTLtfle+D0WILvy/xBQaxl5D8/svv643PFbAYDP19N+rllWdHN18wjxBqBgEQAIH4CaSdIJz1SSHNWcnBFrQValmI5v8W35lPFaPcWiSbyd/nENPvr/XQ1gguIFr9J1az0zMDcym3hHlIl0ku+lcXMl+Gw+yk9HKNTmwp3ess+qGSVzP65/FqPARh/F+J9D7zb7ZUi8VaSnDir94ielHwyi15VOsI694nv/L3ss9T3A9pu24uprzkZosFfkQpe4asPJLRikFtHEUkawJExJHkNKvNKSL28AKZi93gJIBF1Qo2qsYLYyKkJe2EpI2QXYgFHpuSdqKkzypzygp5Lv7DLrviaqxfBVPmzerk2Ug4apz191tQpOoUYzXefzWMF9jaNAx9mDrZ8tJhfPG0PfqJfBV221s4PM/U9EGR7pc+M1z0667igkD7jejYxPz94la+l1PVtqm8T/813q9vVMRdVNxGtdJ3RgFt2RlYYAjPuyrfJX00UE0YVuV77BxOt3J7pxzl+/Lxj14a+7ZbibBbUpG6xI29e/PMcWNP1ZjiOiAAAtYhkHaCUPYPLlzNPwo6n3/5qX5uYB7Vi8My9vM2P33AwlAS0koKi+AkRBOc/EZNzu0lAk8mXeFF0li0fogjOepmL/IDtPzufNMjNbYdF7oCKk24v2sutWuElWrrfMVS25J+TxXQL//4irmLSivkHvXx/SoW5Lmc6N3q5dYX3PTNFgkcVTwSYO2j7PTi4PTcpLOdrRdXPsFuourzJiByA4FTlD2DOvGlCbFTOZ9qLrvK1jrSRn3Oy6Jj+ZlkVhGBtoifsV9yInDZYyoTXnGX0wtMee4dcPnoV97/WCjWE7U54YJR7+qqaFo+T/ZWS9ofrbz7vZfGvWMcPVKOkefuS4PzqeYRZvU4cr2lBZKRVBwLhuYrqVpQzCUw8b1C5XfaqEhAGVkkkqJ3mdf9LCsvg4tiugXlC3iBQvYkn6ZGx5W8hEPnFLA3UUBQamsaRteVfa3jrsxVhCQKCIAACKQzgbQThL/zBERcQcLz/Uj0r1fZ6hFvAnpJLj+cQ97/xK6l4XsL5QfhbI5E+mjv3GJRSP9S92sFf3j4YJkcvHu7uUnp5Xod2a1uf9jCulgIG8NCWObfyZImEWY1btUWTtvwIm/G0i1m6CfoSp4Z/m9g62zq38r6q9krJJ3Lq+6IbqMrxuQnLfedWWMSXu+/B9i6OdVJXhGD6uAo4xLm36t8xB9Iqo0hHXKo5zmpd5WMhom08z1OBzCRoz+6Pfwv9d7TGQaL5TyRrr45LJ/3egeu0HdmAbvmcQAkNdiHvKfxkP4vHF42giuaQDK9OXXRTe0RSCaaeyXRYx7idBHvrzE210nKCUk9IUUCaknsgGDRLSiJdVD7qolr6Jwb8+mEI4sOlZQvPTg6876Ak4VSIj3LZaFi5oBcasCLNSggAAIgkO4E0k4QCvAr2SVOXOPCSw9e5RuWYJQ32bT+HG9eD98PI28cz0mY596YG5LQ/v21XnqI3Ur0RQThohHmC8Le013FcjCKpRR7CNP9axl7+2VBo8skJ0n6An3R6wxxjZKFlJdvtra7qNZ+2evb8VFnREGYjvu2xIK76R8v2eWBohOE8k+ZVipWNP6vcU0H1T/WxkKQrYEc3MLqRcRTf+6b5qZnJAz11sKmJ9jpib659MMfskeLb96QB24gWqO8Fe4KmEoOEtHyJQ4mYyRUpR15vEXhI86Laf3RSSU186517wI3LV1vLAj/x4GL2nPy93V/8v00W3WZ175i6vdMFhm0RbEKORxQi3ME6gNqiWW81zQX7QqLB6BED+Vu6fcz5/PYy+JreMwC83qPmkEABEDAXAJpKQh/20XUZ4bOTVOdRMlj+z52mUw08MCCbzjf0ftFIcX0K4QNeJI267oid7tH33PT29+G/kiJi6lYK80uiDJqNuH0qX/Q7AL68S+2shhYB6UX2j6ZOrzv7IXB5t+bySLXYUIgl6JREcuMWGjSpYh1otVYdhVli4WRIFQ8E1gVzr0hn/cIpkuvQtv54TpJHl5IBexGKhPocJfRoDss35D3Xp5L87/2KNGgixVmkcuTbllYk/1cqS7b93KaArbkhiw7ijDQbVWYcFWOko4AJTUERrO3wMqNxoLw4Stz6MwTHHTJY6r1XW1ScPzUsZMBbXaigwPQhUYCLWBP1KHzAm6iEQW+Wtl59Rz00BU5cXsjpYYWrgICIAACsRFIS0EoXVzE+07GR9h38gCvFrbl1cJEysc/+ui+BQUhEwCtvrN5v8BjvQL7l+5/002LeRKkzXxkEtSpSRbdeZn5s5h+HHTjF46gqhSeTfp5tnJNiyz6nsNsF/Ic6ySOuCoRVsUqdDEHPpBUGuGutokwwrnWIPDZRh+NfDWQzFs/gdVbB5VbhP/rfHoWjb7U/HszWWRuf9nNe9k4BYVUqLp7aRabXiwGS8o9lqw2JKseEYQtHmCLp11NtK6Ol9I3ERr8Yi67sKWrGNQ4RWstlGeRTxQWi0MjK9y5/Jx9VH3OJmsMoq1HIktqe8hCzlGFRZv6AVGAkjoCw9kd/mt2iy/y4SzaW/wYb+d4mgPOGS4uyPdMvCN4seUV9o6QBVt9ETF4qyoGI7mHyvFy/igOOKO5pqau57gSCIAACJhPIG0FoaB5mRPVTvuoKDeUhkse94PbsfWAgy8kUt7l/QrjeN+CvmgWmK5qlMMunHLiX72LCf+iTLyaN5mfZP6+gq6caHcnRwUMpjBTGxoUAjprkXwk+Rmv4/DcF3M6jCzzm5cI+pBzi2d+TFrVaV+RuIp24r2kEuQjJBG5rmcSyEMmM1Ke5PD4p6dRePwP2CVbIv1JCXfjrn+MjZ5lF+l0KuezhTC8L/JvuceHX5THwS0yxwFxobZopz6H9NZCBQK/r3y3I7iLTuJJ/lkpeI6G3z8iClqPdXHbQuyDwcPysv30+tAKCCST4i/e9c8U0Ia/i0fAlWF6kC2Ekr800rdHRrLv+Vl0Y9vQxTDZM3gNp2/arm5BiSQI5ffySU4236hmGv1wpnh8cLlECZS0HJFo3TgfBEonkNaCULp3KweC+XargcsRf9bqlECS2ERcjh54S7UAKvMXdWVf/dWZzZPRa2fpdp8H5jj0HgeUOcz8LYTUnt3pXBxDJBjhL8xd0OjHUdon6TnOZzY3tcsJBnYo/VbBEVYkcNuLbvpKInGGWc80cah3IZUolR+nWUJ3SQsjYf9DQser83T5s/SufMpNbN0npcMqgtBw0qpMavOoTf3MEYQCdsRLbOHdrA/frKYB0MZQDfgR0mv+TNxFPx6dgoeoweiv/d1HN3GUyUgl3VyVU3qDm3ixSzm9039h6Z20yzWv46BVfJ8ZWZrlVstx2GgxP/uydXruIA9xN15UPVhgLPy1umW/4HMD8+m4MohyayJOVA0CIAACIQTSXhCKu4cksZYN4cUKP+drcECGR9jtqE61+Cdakzjc9QIJd623uPHrSpy3aN8hdsnU/cjIT8tn96RmItOK010oliG14yH7x8Ksg3KI8rOne1/Ou54thmJJjTc6K75PZUsg/B5QhjgoDsUlL2CBkbEuywAd8VJS9t09yHu5lMXT0PQT8lZHtnaP6ZI+rnsRBSH3ZXTnXOrcNPMsEOETeWUspagmQ82dT78+3p4T0P+PF/PKokz5sJBe572NRkVSb3zMOW/j/zUpix5lxjWN0ixJz3x8A9n17hHq75x+v+fLN+VzypYiDn/+R7yY66RDEXS/+rhR5g+y8FslNT/pmTFQ6AUIgEBaEkh7QSjU/9jtp5uel9XDojHQHuiBX27+vH1OQgEo7nzNTRIGX79PS3mtzmL07lArUyAIZXXzwkdC3c9CHA74H/ofRIWCkUjk9+THrmuzbLrhgjQytaTl1y25jd7Gbk49pgasZ+FFxlrs5rwwrhSxoi1iy3Ui1vLktj762i58hFfxXYEgJeFF3lvClqR0sRK2edgZSHStfj+DXoncj+s5HciANEgHEv3IBY6Uxbr2nDNVeUbK4oT6oNKeV+LSbGMdrNeJ4gp8Shx5ZWNtW7HvDb9xKS8w/seP1vBnvRzbi6O+3sxJ0FFST6CltjAUdmmj3zXlEPU7NrJzDnVpWhRTQH47u3BqCSf/NXqmaNWfyIvI0zmSaOX08kpP/cDgiiAAAhlBICMEoYyEmydZEzjIjES5U34LwsSPTDauODuLhnBkQqME86WNplgqJM3Dn/+q05agWS40JHWqLITfcOCYW+dyIBFuR3BixS/E0teUo61Vq0J0FO8Z3MQR/Db87af/2JIZIhhVRnqry+EVbfTcDXl0VKXSaOBzKxB4e7WXHnm3pH0zRRY12Ysle7LSsdzNe4OWbQh8r9X1HW2+p9z/k6/Oo+Z10sNm03t6Af32byAwRvhktNFxdiWvWSYWmczLM7Ro4FTBJZN2sWLrDKMV2DC4mNM5/L+9M4G3alz/+LPP2fsMpUSEkivJVChjVEqTQioiQ1KG0tV4KUUIFQ3XUFy6QoMo3ZL+1xDp4AqJIpVuKrlmJRGd+ez/86y91j5rr7PWHs5Ze++11v699+OeztlreN/v++613t/7PO/zpKOs4+0HwzjASMR+XO2Rz0PMLSlb0sEumfeUNFOSbspYlHeafJ1koUF9F+q/W0eyVVCsg/qnw/W8F3ErvxeN70P9tY9QLYMQg8nsVVwbBEDASQQ8Iwg1qC9xyghx+SmL3HseZn48B6KY2CeX5IGfaFH2M/EGdP2Z8lLR8rtp851UuIzezGkGPuc0A3p3Ufnl6RvzSIJtGMs6FpBz3yujT2S/mfqx2QtR9hdOudJdgUcS7UevHC9pR77kKLJWI1mWAEIuozzmL8uh80+qWeTddHGTwDndxBpu4jIqdZrQK4e6nOyOti1j1/Pp7IJuVsS1t+DO/LBVN128k3Hf9iwIJW99xLNTxKBM6OU/3QddWvg5fVB6rHASbfITflZWER5c0WM4avP8wTAXGdn88gd7H6wPpQ+RgFXynJEAZnaWNdsreD+qiX+niEFeTDC+k+Xe8rfx/Gzopns2iLC8nIWl3qPHWE/xNlg8PJ8Orm1nC3AtEAABEHA2Ac8JQsG9hV9Mt8wpJtlfaFZkBfpO3nfUnkOHJ1qMyXE1S6R+X0wqBGGXB3n/gwRflJVRtRF+bs7bHGQjWpFQ6pInbOeuyJx1xnMGtPPT9ezChjQViY6Q1BwvE+kO6h7SaHcUd7xcTsK8apy7J7KdHiyiopKQ+NUHjpA/zGH3wmZpcC+sTk//zrq2+zR2n9R5GMh1tMUkRbjXMGVOdeqV7HNkr2sZP4/DuQl1M3JZtNBcm4XDo/1yOVdcevZSdpZxxjkUzUqfM/00slt6hGqy+6e61y/itY0hvF3jyx8rmckWhEmX51IrG6MZS77KR3mh11is3EXl7zncVasM+z2vm1VM237WLaSGXqHhksvnSB7QRgggU90hgfNAAARcSsCTglD64ud9vCeHI4DusYhKpkyoWRDezYELEtl/JJbHyyTVBF+3ShAXvqasLb9/d/LdndpJgmu9iY//3aKxj2YNlIl/NGeY0Ejd8E0FTeaUGt+wC6zpHjQ+pg57r83on0fHuWSy7ejvYOwuSaj6H3xZQaMXcp5M5azIYCsRFxKrDM+tXx+Tr0SXdWvpxHvQimU+aDAFiKvYYzxGW/3FXotEMjl15sUcLQiWsdanc9LsR/u5uKNMwMkYPU97Xhm7UHHzC41fYVGXA3W9elt6Fi9kAVHGmVWZdX0eNW/knnGWzDGsXfvh1zng2tqqK6/1ahE9z66adgVjeei1UlrK3j/6Iu8/xbosT0DZmMoPA/27rFNzP917aaWAf2dLBd2xOGRlNLMoSmqJl0axZZDrjgICIAACmUbAs4JQ60h5Wc3glUVJlqwV/SRa9tw9cAXnDeQkyPGWtzaHktYbi/KC4jdNsi2EX+3inEpPhiYuSlvUtt1xSeJJc58qKKPn3mc+qpeUUbfIyv3iEfnUoE68dHBcKggMfIr3wfwYWum20pqa1VrGZOtjs2n6Ve4VGu2trKHc+L/3y6OzXbKHUMaGeBm8tYkDVJloi3is/KkYX3be42NOJi7pgZSJuK7N2iNZy5Mp41XSBOld/OysR6xrrf+a9w/yvmyzIu+JghjeF7Gu76XPxY37nqXFJK6cVhJ5Buc8Pc0mK+EoHj9r1fRSyqtKEYPqk091Jdc/7+SQ6RxdXHuv/8avy54PFVKpupXE+MyU328+P0DXtkVgNS+NU7QFBEAgfgKeF4SCQtxZ7uSVQdk/oOkn40tM9s21aRafKPzu1yBdw7nRStUFS2Uzuzq7kR/JthAu+KCMnlgZ6T4j9591PSfO5cAUiZY9HJ31bha4n/KEyExcHHGQT3HLq+3NeBeJ4nLE8V2mFFEhu1Bq/VUliJI6HsP5CLnWt18coEtauW/CI01pdx+nnlDJR+Qk5L/dy26WnVy0P1KiIl/5mHl0WGni33kie3YCC1SOGJBRKjGI9ztvYld1rURYZ9Rf5Eejg3208Ja8tKV0mL+6jGatMt/f2bopL6hc7d4FFTvHyC72vpH3n1XkX+1e0pdHcp/aUS7jfIE//R5UFnYj3nCqZVDuEX4P8y0PPcBHy0ZVWpqH8BaSz9krJsKrR3ue8M9a/G5bwV4U9tTWjhbjGiAAAiCQWgIZIQgFqex1EBfJtzarSbx1e3iUiSb/3vHEbLq/T/SX/qI1LMbe4qA1aq7l8N5B9Rrye7IF4VAOfLCeV0v1q+0VPN9a/jeOEFrNzfxi3ZzHQWdmv105IdKvuB7IrlyLh+eR7L9EST8BfQh2Gb9iZZEiez71of3lb1pqFJlITeNJrUxu3VTWsoVp5AKO/KirdFgc8t8WDMmnvxziphZxGgZ2G5VnUngBRregdA3nBZXk514o0qwOE4vYA0FdvDBYCOXzLP6/Cv77bd0DdOkZ6VuwGLuohN7bqj7YDfAHd2TrUZv01c1JY6EvL2bIoqiVZ4LU9ZgGWTRvsD0riBJBvCOna5F3XIRVXScGFT48hrThJdGym3EQICm7/whSr4dDEUq154Z6eBir5BrE1ggnjTLUBQRAINUEMkYQamBf+6ycHuD0FMr+O/7PmKvvxIYcnv+a3HDuIdkzKBE6/29dGX3EETolh5FZkUm37GPI4Vn323cmdxNCeD+VNEF9CQa5Au/dXavGK5wFLJjvXqryMexNa3ZYFqelsOcln+qB7qX7SbTbaznardU4NLrlRQgpHqf38aKHmyxq17F77DYOFFUZUrdyYigC+N3xyd+za/f4Gf1CCb3/pUT8jdz/KY8lsfLP8kj6CXEXHSnuojovCqOwl/EaYK1lDABiN/NY17uI8w+Ka6FZmcnuj3YGSYlVF6d+LhFYh0taDlVcWVnUbpVog5oAACAASURBVO7kp37n2rOosfG7IA16ujK6t9xTsRTqb66zNBtzRU7jqL7LeP+hmbuycO7PQl8EPwoIgAAIZDKBjBOE0tmfs/vScN4rIiuPVawO/KLJZgNKvt9HJawaNbdQy+S36otRJnJ5AR9dz9E5+yV5JbktB2iIKOrL8d277JkYb+IX8NC57BJrWCwXBn/rnkOXnekuC5PXvuD9n2SBxFFiZYG8yiRHl5PLbNKmrepPuoKj7B7v/H6UfUOyf8hYtO9ji8acu2+A+xYp3v1vOY1ji1TlAyjs/KukCXmH0094IcKvuItu5vQ4ZkVJiSIf8ECV58qlZ6RvPIrFS8lzp31p1AprUVFXcrTKRIKPee2ZI+35nfH04n14xep70+qdmMPiXoJY5djQnd/tEffUQuVdrIQd0pn4JI0Jv6YjXuK1WNe9Ojpfyccr5Ud2M718RlFV66LaQbINQlxFUUAABEAg0wlkpCCUThd3rfuWldA7X4SCO0Skj9CtNmp+MVbuMZKr6B8D7NsrEWtAivtLT9X9JSxmuXKyB8LOZM6bWRQOfqZIab7mcqjNlR5mC+pZxyS+VzFW2/B5fAQkhH+5TMo0q0vYShyaHClueBaXCssO/sfV5/jpli7OXBmXSee9HHzlHRZOSjETv/zndKYoiK+3zI9S0k+wRSqyqL3DX7inbsink1we0VJa035SEbvXV87itUAg2m5lCVolk/dVHLDFytpUE87xnCty9bVPy5UtBcZAP1Lz4znKsrgUZnKRqLj9eN/gT7/p9i3rgGh95+cOFVbHHGoPrYH/LFbyG4ZWv+RH5ShRIouq0WnlHZXP6XXmsqvokbqUETc+XUxbvldHm8EjSM6+h4MYdW1hg3K1p7m4CgiAAAikjUDGCkKN+Mw3y2jhh6HNPFqwCv3ks3LdPvRO0s9axL10KgejOSiFCWw3/K+C/jpXSzcQqpNMaPJ5Xv8Wr2LbWV5eV05TX5Fkh5FubbVzfbyqmtkTJDs5J3otxUIskxsZjrpZtCbexbJ05MFZ9O2eSsuMMQKfMkXn/zu7aRa7kObSAQ4ysn32vyD9bUFRlTyiRotELR6Hb7h4HJ7Hydr10Y9D4yD0kLmkVTYHAXLvht39/EgdyoE8tvwQMidpaSW0sS6yIsgbB7N45aIzJ6KfkKZE9Fp9rCyZ0hs9T/fTmAuduXCS6LOjOsdLOo4R7CYqnjXa40b/KtTk/gUsrEaxpbeOja+GC6YV0R+F2sNOff+qN1Sed/wCzOJa9WoVoBHd/RFWyd37eO8gp4jSF+25J+1oWN9Hi9IYxKg6fYFzQMBxBGSaAfuA47qlOhXKeEEo0CQnn7ilyYsvbClU3z36iXfIUhakbJ7FiHvTyAtSP0lY9GEZzXyzaoRRSagre3DsLhN4P+FKDpFvLG6L7Gg3l3ReT3JQhi232jhVpYSS5JsfzuM4BcmLPFa2/RTaexfhGq3O5jSLbx0WVtKfIg7TWWS/7jPvlNJ8Dm5UaVOqrJFhPYauaROgIR3dGehD+qk9C8KIXKLhpoZaOqJrgK44233t28ZpcQY9za6FspakFrMUG/KRPFPvuTT9VprzOWiJ0UVeq3smB5TRxOBGFoPGvLvCR3mG8P/JOJXxandRBGFRyCopwYeU54LOrVd+73FagMZdXPV7ct9LJbRiI3sAWVTqzp451P0UWAft7jNcDwRAwJ0EIAjVfhO3kpt5RVuih+pdJLVJy4G1fHQUryi250ikffnll679Pbc9X0Ifbo8UaPJSbFDXRy+NsHFpVuWynyd13aexJcOwDUhYzB+SR+LyhZJaAmIh1ASTfsVeGavqat0sdmM+ubGP3X455L9uD5dRVIV/53/0OC19Vqkt7BY2kV24d+42k4KVfLVJqexTWnE77xVKr4atdseLEOygz61Y5XvkPlG4/ecg/YMjMK/ZFno+aYsWyjYvi+eEPEdlv1k6oxf/wOmI+vA+M7P9g9KOOYPz6NgGmfegK+IFUnHZ/OaX0MPfas+gbFd49bZ8ksTudhfZL72d90trRQksahhPUq8Jl+ZSlxaVFZDnyY2z2ZOGPzMbe0gzYXdP4XrOJgAznrP7xxm1gyDU9YNM0pZ8VEYynanHAvAX3q8nm87bNPPToQ5JzC7BcNZxvkB9kXpfcZafRnazf4VW7vMc5+d60iQ/123sRtWL3alQUkugDefkU4reXVSd+Igg9HOkhXfvrFwc6D+riGSyri2sh0WkzlIYmvGxGxXnDZOEziL4U1G+YgH40KsloTFtrI9JBeSQAKuIuTxJd1uqCWNzZMK6mReiwqR1yOWfIethkA6p7aNjDstWUlEcp4bST0XfxLrHn7xY9DSnqZHIxHvZra9EzcuqDc2wIDRYqI3XtTOBeaw6m32+nF3jp/zbfP9gLn+XVo2zf6GtOvVM5TkSTVtE8j62zmlFHY4RkblzOZDa83/No8PqJqd2/9lSQWNfDEWp1YrZk0n+NuuGPDqpYejTwc+Gcl/ql5f05z1+XR6delRqnnHJIYOrggAIgEB1CBjNArpnK6criL4kX5374ZykERi/uJje/qIyBL/Se/zffZfnciqBJCzRqi25YXYRb+4PLc9qA0bcVGVlOC85OjRpDN1+4bAg5IZEuILyL5KrS6zYD3IUUf1EbsAsXmn/Wben0HBu+FhVWPbjXHiDOwWSEuhDIjquZFeutzaX0Q4WqsYSLaJv+xOyaWwPe/cppWs8fM8c+j4uOfoi+7HKZmWlgqF9vDd08NPAdtX7womAm/NuKa3n1AHlDFm8Hip4H19RaZADu/ioLnucH1FPFsIq6Lf9PpLvdxYL0j+LK485gLWROPB99TPRD7+VK/sANQtM+E2iCkDj71ac053S4XpOa7L1x6qRUGVkntssm6Zd6d69nNUd21f+o4i+/cV8aqD8lf/v8AN9NJsDyByUxCxLkkxevBwUt3d1RatKZGW1mhIdXBazink8j3tR568cqm64XHByNt3dK/P6tLpjAeeBAAhkBgFYCF3Sz3/wO3H+e6X0+oZy2s2htJUAOLq9FBLpNJkrnuvZgjOUrZPGNdXOHEhgAkdqQ0kdgTb3soVQmyCpt9UmPH4eGCvvyDN1pZyxopReZAu4Op8zFXv6aLsncNCkcSy+jrXBKiXCT9wJP/+mnPcEhdSo1fq8mSCURYfpV+ZRy6O9taov0Y57cuCLfWxh01qmjx6rH1WawBLhJpYrfZHf8jjKorheSrRFvbj79U8fSYCNb/awgOOHhrYXOmTqqQwYpf1dhKfZMfI3CeKhhf+3mpiH+1aO16y+Ft0mY+wJThuipQlI3beo8k7iuiv7V83KjR0CNIBTCWVSEY+QJ/i7auXmKyyaHOpTomvbGUDGjPErEv1V8garSellGIXrpS5OGutZj4O87f2TDzTxkpNUGEtG5Kc0EFwmjR20FQRAwL0EIAhd0HfiOjaMxdhnHGE0PJnXWX3FTXDK1bnUtlnyLIRy34H/LKIvf4pcNT6QV4dfudX+YDYu6Ja0VVGCyihWJZ2oUnqFf3/w8nxqd4J11SQn3MjnSmh/iYllzhBNVpvMH3d4Ft3QPsDWkqyE9s5qlsA3N5XRzl2JWQI191EZ0Ref5qdbuweUYDleLd2nF9HvEk1R+4LrGhoKqWFdQpYTc3EXlt2q5Ve5vPpvo/A2Bg3Rp+PRn6evoqbztMdRlZ+qKNQm7frJu4iKx9h178A0Pj6U/YOcf1Bphw6/Vk9xTW6aQfsHP9pRwRF+Q1GsrZZeGh3ElsEbky8GpUv+/loJLV1bmRpK6qXt37eqo/xdvjMSfdRYBpznpxv5WYYCAukjgP186WOPO0edS8Bl1PkD5Pn3yxTrir7IC09byZcX4GR2Ge1wYnJnzCs3VtCEl9SUF+rkSVZcCziJNkrqCFz1WDF9zYEejILQx394767Y+50kwbTsX/v+10gXUmN6kYjxxv3t574+/ogsupyDKklSewnsEjkmibZ+H6S5bMlet7Oc9x+FPo0WYTLaZ8cd4WPXrlzFGpEJ5cK/F7GrZsjsEW1CbmRhFG7yeRWxJ/2gnmgUbdr19Pc0O0aTpTrHhCrXDF9LPVg7VqkPP57EEjjo/ACJqGjLYyjdQamWsNh46HXxfKgcY1o783l/3Mqxsb9PXhmb37M4llyDshfUavzlswV6yfB8xQKditL3sSKShSV9kQVSEYXRXMuVM3SLIPJrPV68/BfXHVscUtFzuAcIgIDbCMBC6IIe6zylkIoit0SEXLHUybb8e9HQ/IiEvMlolrhViXtVxMSRf1nAQQWOPiQzJu3J4JroNWUPmFiMjRP47qf6aXzP+Fe/n3q7jJ5/vzQcDMToAmjs0fAETCZkPLk/jPebHXqAj7J5Vr+HAzD9tLeCJIG1WXJvy9FhNvPkv13Pq/jXsauel62CZv3ebSqH2S8OKgFlorns6c/VRJeesVHQxRJ76vw5qmiMEIS654+VoAw/o9TnlORcHMGpeq50UCqNa1gAfW0S2Vaa14H3q066PDPc4X9jL/TLHuX3jG7d0fjVlAWhOTfl09E2JZ2P57nX6QFOX6ILVqQfa8r7z3ARpc7qgoqypYLfWfKskjKW83pezPk9UUAABEAABKoSgCB0wahowy6C0Sbn8qJ+O0VWugv1rm0qO7jhpH4Q7d3PiwAfltK2HzkKZR0fXdQym1o0TtxCLIFGbuCgGt9wEnu9Bcm4ul5l0i+TLoPLqpnlSDkvirnLuMofYKvjhN651P6ExNuS+l6w/44SaEZEiuTEi7SLWN8rLkGoE5g1cRmN2B+oVkkfVMbY1eHPuDUBVvcFvL/VSUtHsthWyN8BM5fR4V1zOL+e9wWELOJcxcGNZJ+psWh/EUvuY9fl0inVeMZU91tSwt8ByQ9pNV6aHpZF2yXPqlrMrIJa/Rvy4tWioXkJubxXt944DwRAAATcSACC0AW9diHnARQ3v/CLT10BVSZb/D4c1zOXLm6Zmgl0D3Zr+1Xc2nRFrDnX894MFHcSkN5c+EGZkkJALAR6oWc6Q1RnaJrbsqb55KeZOFE+N7N4qeNYXE+Pqp9FHZtnU782bBV0kmJIQ5dKHyz9mN1uvwrSx2wNLi2LLg2juYyGBZr+maH9W/pF+ky3EhD+3ewY9W+aKNTHp5b0AxKtVFtIMFo3Zc/rEI5a27+ts54T4vFQyuZYM5fRR6/JpTOOSc1zNQ3DTLmljDXZMyj706NZpCW4lCw6pbJIVGuJbm1WxGX03fH5EXlWrVxI5Tl1a/c8uvQMb/dlKvsG9wIBEPAeAQhCF/TpIxwdcrEaHVKZcKvzQ0kE3IFTDNx7WWrcmiKSaetm/i9wgvqj4DLqgpEUvYqy5++pglIWIyY+WiaiLp6gJNodzSZrpx2dzXkss5XQ/tjXY943YjG8mlMAlJp3Segk1VJrJe40UagXcGJdOfoQIolAGko7QUoaikPZ2rx3fwUHuPEpe0Q53igHIKo85oC80OatX/4IiYlmh/uoBwf9GT6fwyAbrJDa6oDcv3auj9643VnWQUEnFiixRCl1lx+Kv2EI6HM353l6/2pYDHJqByuPAGHU5rhsmtI3Ne8Y/bfg3xxh9EGOMGpWjuO9zM/cyEmCufzt+WJasz1kKbRaSzr6kCyaMziX5J2JAgIgAAIgUJUABKELRsWKz8vp/mVV8yqJJeUBzjcnL+xUlPW8ijx0bmTqiXzesvbm2BRFGEhFI3EP2vwdr6jzJEuflFqwmEWhtMJlPFZmahKAqNFBWXRWU45ayuH8a6d+junK3pWJ+6I1nAB+E+cH5EThEoJf/tMXsZiIla5WbpBTT/gixJ3kFCzhDXwSjfgYFoKSY7IhB3Wxq1z1eMjlWG/H1Lsfy9/ncL6641g8Oq10VPeoRey/VMXhTI6A2uovzquzHQwVMcjf8Q36yNUmF5bAOv93Wx7lpcGw+/DrpbRkrflKyFXn+OmWzqH90vok9NF6qycvXIy+KP491nZwxjVAAARAwC0EIAhd0lNdHizigB2VU66wKxi/AYfyi/HK1sl/Y9/7Ugm9wQnFK1fTiepzUJHlozInEp9Lhost1XxxTTmt+LyMvuSk3VqaC0UYqlePmETz3/QiQP9Zy6Oy6NIz/bAE2tIrzrrIt2zB7CtpG3QdrheG4lUwgN1EB3d05kT8vImFSgAf45OVo2/Tw/3y6exjvCcIjWJQG1HKOyX8YuEFHH6lzL85nxdx0jPm/sqLj5pgNdZAEst35QTz//lveTgJvRZ9VH+s0q+6ATmsa2relekhhruCgAUBZLrA0IiDAARhHJCccIjkhxqzsDjsOlYZrCE0EReXzQmX5tJxNiQRN2vvj78FlcADEuxCP4HodFI23Zcil1Un9EMm1kHmU6s2ldPrbKn+hQNPbP1BkiBGjgP9RPLwA7PoCLZAiXXlytYBJVk6ijcJ9JlRRD/ws8FKNmWzVfidO5zrQdCWBaE+Gmrlsy1I3Vr46a7e3hq8mpvoBnETNSmadmrArsOSIzJdYlCqZhVhVD6bz+688s67ht2pv92jk/M6t+Vw+hbDytX4XgHqdkryF1C9+Y1Hq0AABLxKAILQRT27kV/iN8/hvTq6olvQVRZCJYl479P91LlFtm0T8S85kuWoBUW8tygSlkyk5nDi5mZJEqEu6pqMqqpEJfz3ujL6cFsFp5wI5Sf8g/cfnsD7enpwWPfG9b1nVcmoDo6zsRu+CdKQOdzx+km44dk0hL0X+rF7n1NLlylFvEeyUtAaLYUPXpFL7Y73xsYz+d4OmFU1r5+xb45pwGKwf17Kcg2ajQ3ZO3sF5yA0K5KKpoAXGSQ/75OrDPl51ReiVXAruZ4spj4xMJdaNPJGvzr1u4V6gQAIuIsABKG7+ou2sjgb8VwxB31QJzF6Rcht0eeKEytNj1Z+an1sNh3Lok32GSVSvuGV1wWry+iVz8qUPUvK6bprSCCKVfxiTvCyiVQBx4IACDiUQMcHijhHnN5BNNJtWJ4PMnF38vPhr7zAplnLzFyhJajO3b1yqQu7J7q57N7HqSU4nUkh57iMVpqyGJyZZjEo9XtnSzndudg8oIwsPE27Kpd6Phxy961S1HditMT1eWz4fZzbefwRTh6dbh5xqDsIgIDbCEAQuq3HRPTxf7I6OotXR40vRH0qAGmaphfFbe8kXhGVXHUnH8k5647M4sh/ocZLdMkf9wbZ9auCNrEVctP3FfTDrxX00++W71pFeI7hDfo92RqJAgIg4A4Cdm0lKfgiSOP/FWkd1M/N5fnw7CCecDswkIy+p7b/HKT+T4b2QBrW1sKHyWdPDsij5ke6Uzzs4DYOeraIisz1VbidYhkUMXigAzx8Z3MKnDn/MQ8oI8nlv94dpM8t3F6lQX3PDtBCDsQUrcfk/TfjWohCdzy5UEsQAIFkE4AgTDbhJF5/w7cVNIw33kvAD60YJzVWkxw5XqI+yucl/N6NloNK3wQ5XqJDTrw8l87yeI6uJHYdLg0CriUgC0jdODeqseiDCh3L0UznDlJXnBze0pELSmjt9tDmaKvnoCyoiVhym0XpA3brHr+4WEkREu0Z7wQ3Uf0wuX1hCa3+UrdhXffhje39NPsd6zwsR6hJ6G99nvt1h/k1tMuJKHy0Xy6d0BDuow7/mqJ6IAACSSYAQZhkwMm+/M/sCiQv/G0/VVCx2Us/miK0UpHq381OrVsrFEK+QV13rpYnuz9wfRDwMoEinof3fqSQflf3E+uDW4UfJ/zgmMh77zqe4J5JtgTM+h+7yBufasozkP9PfuZyoNT7++RSm2buaJdY2MTSJiXaa0C2Fjx9Q3r3DBq/M5c+WkQ//27u3noO839/a4WlwL2Hg6t1aR7qowH/DL0boxWIQi8/sdA2EACBeAlAEMZLygXHiQvN3PdKaQ2vCsurNBw9L4Z2s5wsGD6oy65Es67Po8YHQwy6YDigiiBgK4Hv9hD1e7KQ9w2qSdxFLKmPgoiUI/zHgnF5SrJ7txRxve8/q5h27qoUD1bPz8vP8tOIC5yZRkN47/mTaOyiYs4nqmuL9JVJZ0gfLRmZTwfzQp9Tiligu5tYoGMJW/lc3lGv3hbp8zruxRIlPUUsUQj3UaeMANQjfQTisSCkr3a4c3IJQBAml29arl7C7z5JE/Db/iB9xomH139druwTtCqWe2f4hNObZNFpR3My8WOy4VaTlt7ETUHAGQSuY8H0JVtbtOBSmuUsIgUJP0y6twzQXZe4c2/xQLYoSRtjiY+z2V3+XrYWHuAgr1jZOvDiR2X0xFu8t9zEKGZ8zuezG+wzN+ZzVGBnjC+tFp/srKDh8/XRtEM1l3GXxzpc3F/NxLr87aGrc+nsY6tacGe8UUovrqnqZqq3AEveRdkK4RYLsLN6DbUBARBwOwEIQrf3YBz1l5fe1h+CijBct7OcPtpeQWXahEGdJRzKeacOPZBfufz3AL90T2qYTde18ztqwhNHU3EICIBAkgi0n1xIpTq3dCUQi+rVFw7zL9bBO9xlHTTimvBSCa3cWG7qZqkXEAfkEU1iAXEGL5qlu6zaXK6kYPiO0zVE89/QnDCbc4CxR6/NpXwHGjpF0D7HQdMi0geK2y7/wUhaa48cexb3w0O8H9CqGEWhlQX4qtZ+uqWLA8Gke5Dh/iAAAp4mAEHo6e41b1w5v0U/4UT333Mk0TObZtPhvAk/G16gGTgS0GQQiI+AuFS2vb/Q2jqoTtiHdcmhq1q7yFfUovkiHhZ9yKJE91zUxGCERZTPv4GDnFx/XnoExBaOCP3IilLayAHGpERLtaA1tX9bPw06Pz31jWe0Xc3J5v/3S9X9g7HaNpdz4krajGhFLwqjOced3ZQtwJc5ywIcDzscAwIgAALVJQBBWF1yOA8EQAAEMoSACMLzJhZGWM2M1sFH+uXRmcd4Z2Xp5meLw0JLEVv8n2nr+IObOwWoX5vUucn+xAFXHn+zlMQyGFGiqBw/6/S7euZQp+bOFuxdpnC+xBKDIIyxtanjSdl032XsAxtH0USh6SXVhQ25jASbmcRuwWcimnYcVHEICICA2wlAELq9B1F/EAABEEgBget4f912XcRGbcouwvDaNjk0pJOzhUaiiKR91+isVbEsVCJKxvfKUdL5JKv8xtk+7mOX1o84nYImyPX3sqqjWDqf4FyKLVyQS7EdW6Kr2AejCMIsbtvCoXnUkD1d4i2mFmD1HhGuqnzBAe0CdFOH1In9eNuA40AABEDATgIQhHbSxLVAAARAwKMEvuf9af04ibvkLdWLwWvODdAtnb07YZ7BLpkvri2jIHtlmuXyqxQvQTqodhZNvyqHTjjC3n2Fwnz+6lKa915ZRN5Z41Az2xcn6TJkv2AL3jfo9LKX05lc/PfIHJdBHm2hkDLmRRLVj704Puug/gpGC7ClCZg7eEjnAF1zrnfHuNPHBeoHAiCQfAIQhMlnjDuAAAiAgCcISITHpR+X0vqdQWrI+ev6cgCORCwzboUgKRxGPVdCfxpcGfVBTbS2+Tj86v2cC68DWwxrWkQILvukjJ5jMfgLp5OI2wbGFcvm23dt4afRFwVIImi6ocheSBFq+hLNWzSbNe7iYdXLiyvXHcCRc7f/HD1PoVaXC0/Nptt75GC/vRsGEuoIAplOIIabvRkehwjCatQ80zsb7QcBEAABEEgZAUndM+iZYvrmF/P8fnoXTrEkTr4il847PnGrnNxHUl+8/HEZ/WdruWKRlRLLZVUDIS6Ul5zmpxs7BKieg/ILxtNRr20op0nLSkIWaDV0rZlVVrvWFWf7aXjXmgXIEQvwYrYAS6qOaPeSe57OKZikX2V/IQoIgAAIeImAQwShl5CiLSAAAiAAAl4l8BgHc1nM+f7KOJ6LJiD0lkJFuImA4/81PjiLBnAE0q4nZ5MINX0R4bf1xwoq2Fym5Iv9lS2AZRwCep9qIDNaA+MRhOdwDr5hXXPoqPpx2xId1U2zOHXGvNWhlBNm1ld9ZSUn4dIR+Uoy+poWsQCPXFBM+yONk+HLahFm5edBtX00jfMdnniEOxnXlBXOBwEQ8CYBCEJv9itaBQIgAAIgkCQCX+8O0m0vFHPqHt7fpuZjDOdlZJdRbc+b5vsiET4P5zyv+QEflbDo+31/kPbwfjkp8cqKaH40Rx/qo1HdchQLlptLvyeKaCezlRJLAA88z88pP2pmHdSz+p0F+o2zi5Q+1RdTYcp/bHN8Nl1zjp9OOcrdzN08XlB3EAAB+whAENrHElcCARAAARDIEAJ/sjVp4FMhAaGJF71oU1xIWRxqkq+K8LNQeNGEn1Ek+dnsKEnU+5yVHbewdGr3FLNrbJcHC0lSnIh5UBLRW4nlOnlsHRyZzwLb/tZMe6WUlq/nIEKqErQUpurn+bk+as15C2/unEON6tlfH1wRBEAABFJBAIIwFZRxDxAAARAAAc8REE2gRavU3Bw1ERMWEglukY91uHxeJ89H7dlCNfLCAOW7JGBMrM6X4DnTX+WoRSE9GFXg3sJRP69i61yyyqdfV9DYRcX0h5ULqSoGI/Yc8t/OZJfd4V1yqAlbbFFAAARAwE0EIAjd1FuoKwiAAAiAgOMI9OdolTskWqVOycQSNVafRztPIrtKXrwLTsn2XLTLa9hdVFxxY+0dPKg20UtsHfQn2VPz+73sFvx8sVInY7CZWH17GrvuSgTeNs1qHmnWcYMdFQIBEPAkAQhCT3YrGgUCIOAkArEmkE6qq3fqItFAk6waVFi8LVCxFEpwkrCFULVyWfZ9lEFh/Ej2IA5kIdivrd9zQlAQfvwVB3V5LmSOi7V3cMxFORxFNTVCa38JUX/Ovfnjb1X3FcZjA5TgPiIMu5/qp5zUVNk7X1+0BARAIKUEIAhTihs3AwEQAAEQ8CqBf39aTjPfKKU/iyv3FVr5P5olkRcu9ev4qFkDH6c28FEpRzJt0ZitTZxeQXLuebXc+nwJfbi9I/hFmAAAFtlJREFUXEn9kMXttBJbR9Tz0cKheSkVxdIHgzndiESE1Uq8CzzaNlIR9Gc3zabhHPgH+wy9OorRLhBwNwEIQnf3H2oPAiAAAiDgMAJvfF5Bz39QSts4n6CV8Kub76MTG/oowFvh8jj66Hm8J/BcdjGUdAqZVL7dE6S+jxVFRGu1av+9l+ZQp+bpMbUtX1dOC9eU0jfi1hqHIjR1feU/tvxLFg06P4DopJk0yNFWEHABAQhCF3SSM6uYOncsZ7YftQIBEACB6AQKOUbKv1hEfPxVkIrZr7R2TkgEdmnhp78cEo/TofcJD51XTBLERdk9yKFFrZLDN+L9k4vYOpjusmtfkJZwIvt/fVROhSVV9xeGrYjcHLO2aHkq83KImjdi6+85ASVKqTFPZbrbifuDAAhkFgEIwszqb7QWBEAABEAABBxDoP2kQiqXeDwWAkqr6O0X51CPVumxDprBkn2jKzaUk0RHFUtwCafNiFW0VCRankpFA/NJ4lJ6QsMs+hu7lB6PhPexMOJzEACBJBCAIEwCVFwSBNJOIA6XprTXERUAARDIaAI/cCTPPjM4I7zIIjGnWYjCWmxNe+P2fMeykpyU/8e5Cxd/VEY/qQFozARuxGM5ZBCtsl/y4pbZNLYHNxgFBEAABFJIAIIwhbBxKxAAARAAARAAgRCBZZ+U0/RXSkJxd9REjuF/q5Dk97t75dAFJzvHOmjVf2I1fOeLclrwfin993tRt5FH6gWhcc1O+10C69Th/aX1avnopEY+6nNWgF1L4V5c0+8MNrnUlCDO9zoBCEKP9zAMRR7vYDQPBEAABFxKYMA/i+hLdrcU5RQheVTrmSjFpof7aO6gvKiJ6rXmO2nS/9n/KmjS8lL6/tfK6KRWeSo1V1JNQaraONRmZtCEo86OuSiXTm4MYejSoY5qg4DjCUAQOr6LUEEQAAEQAAEQ8BYBWaw8f2IRlVQEowZUmXxFjhKB1a1l1eYKmr+6hLb9qITNCRe9S6n2b/3PoI+5sCTUIpryrzSgfYBubM9haVFAAARAwGYCEIQ2A8XlQAAE3EIA9nO39BTq6T0Cn+yooKELihTRY2X3asbWwWduis866HRCEp106cdl9OKHZVTMAWgiBCFXXrEKqnsoxW3Ul8URTA1k5Ik16fJc6nCCzUkpnWRadXpHon4g4FECEIQe7Vg0CwRAAARAAAScSmDAP4vpS072bpVmQurtduugGXvZZ/jS2nJasZGjk7LVsJT/oC1NhX9Gibh6IO8tfOXW9KffcOq4Qr1AAASqRwCCsHrccBYIgAAIWBDAcjuGBghEI/DxVxU04jmOLhol7+CRB/vohVu8YR20YiEC8F9ryujxlWVUxq6zYZdR/nu03YIvj8qn+gdgjIEACICAfQQgCO1jiSuBAAiAAAiAAAhEIbBrH9HlMwvZMhY6yEr4jLskhy461b17BxMZBNt/CtJNTxdRscokGhf5DIIwEbo4FgRAIB4CEITxUMIxIAACIAACIAACNSYw5Nli+vSbcg4kY513MC9A9ObY/Lgii9a4Qg65QFEp0cpNZfTefyvoE7agFpbqQ9BUVvKQOj5aNhIuow7pNlQDBDxDAILQM12JhoAACICA9wgg9I+3+vT8BwqpmMVPVkgPhotmKVTyDvbmvIMtMsM6aNa763dW0PD5xRF85DjR0GMuyqEerTKXjbe+DWgNCDiHAAShc/oCNQEBEAABEAABTxNofd9+ypb4mTpfUb0wlL2Di3jvYKaXvfuJFn1YyoF3gpTDmSZOaZxF55+UTYcdiFyEmT420H4QSAYBCMJkUMU1QQAEQAAEQAAEIgh8+nWQ/jqvSLLrWSabuKNngC48Bbn2MHRAAARAIJUEIAhTSRv3AgEQAAEQAIEMJSDuoiWcg0+KmZ0rx++jVeNgHczQ4YFmgwAIpJEABGEa4ePWIAACIAACIJApBNrcV8hKkB1EOd2EIgoj3EaD1L9tgAafzxFlUEAABEAABFJKAIIwpbhrfjNkOKs5Q1wBBEAABEAg9QTa3M+CUISgemvJu6f8wj8lyEzBnfnkz0p9vXBHEAABEMh0AhCEmT4C0H4QAAEQAAEQSAGBc1kQioFQEYVG62CbPBrcEWowBd2AW4AACIBAFQIQhBgUIAACIAACIAACSSfQbmIhVbAgVIyCqnVQfsp/827Op2aHJb0KuAEIgAAIgIAJAQhCDAsQAAEQAAEQAIGkE7h8RjF9v5c3PqjWQfkh2yA4CQWtvgvBZJLeAbgBCIAACFgQgCDE0AABEAABEAABEEg6AUm4PmxeKOG6PhF991P9NJ7TTaCAAAiAAAikhwAEYXq4464gAAIgAAIgkHEEtITr2zjh+iF1fHRRy2xqwUnXUUAABEAABNJHAIIwfexxZxAAARAAARAAARAAARAAARBIKwEIwrTix81BAAScRwDJXZzXJ6gRCIAACIAACIBAsghAECaLLK4LAiAAAiAAAiDgeAJYAnJ8F6GCIAACSSYAQZhkwLg8CIAACIAACIAACICAfQT0gYnsuyquBAKZSwCCMHP7Hi0HARAAARAAARAAARAAARDIcAIQhBk+ANB8MwJwIMK4AAEQAAEQAAEQAAEQyAwCEISZ0c9oJQiAAAjUiMAnn3xCkyZNoi1btlCTJk1o0KBB1LNnzxpdEyeDAAiAAAiAAAiknwAEYfr7ADUAARCoEQFYdGuEL46Tv/32W0UElpWVRRzdqFEjGjJkiCIODz300DiuhENAAARAAARAAAScRgCC0Gk9gvqAAAiAgMMInHPOOfThhx9a1qpWrVr08MMPK8IQBQRAwP0EsMzm/j5EC0AgEQIQhInQwrEgAAIgkIEE6tatS/v27YvZ8nfffZfatWsX8zgcAAIgAAIgAAIg4BwCEITO6QvUBARAAAQcSSAnJ4dKS0tj1m3cuHE0efLkmMfhABAAARAAARAAAecQgCB0Tl+gJiAAAiDgSAIHHXQQ7d27N2bdZsyYQcOGDYt5HA4AARAAARAAARBwDgEIQuf0BWoCAiAAAo4k0KBBA9q1a1fUuskxX3zxBR188MGObAMqBQIgAAIgAAIgYE4AghAjAwRAAARAwJJAMBikQCBA5eXllsfk5ubSokWLkIYC4wgEQAAEQAAEXEgAgtCFnYYqgwAIgECqCMyfP5/69+9vebs777yTbrvtNqpXr16qqoT7gAAIgAAIgAAI2EgAgtBGmLgUCIAACHiNwKmnnkobNmwwbVZ2dnaV3IReaz/aAwIgAAIgAAJeJwBB6PUeRvtAAARAoAYEateuTfv37ze9QteuXWnFihU1uDpOBQEQAAEQAAEQSDcBCMJ09wDuDwIgAAIOJiBWwIoKSVNdtaxevZrOPfdcB9ceVQMBEAABEAABEIhFAIIwFiF8DgIgAAIZSqCwsJBq1apl2nqfz6cEmpGfKCAAAiAAAiAAAu4lAEHo3r5DzUEABEAgqQRk76DsITQrTZo0oR07diT1/rg4CIAACIAACMRNQJxZsuI+GgfqCEAQYjiAAAiAAAiYEli+fLllKolOnTrRypUrQQ4EQAAEQAAEQMDlBCAIXd6BqD4IgAAIJIvAjBkzaMSIEaaXv+GGG2j27NnJujWuCwIgAAIgAAIgkCICEIQpAo3bgAAIgIDbCAwfPpxmzpxpWu3777+fxo8f77Ymob4gAAIgAAIgAAIGAhCEGBIgAAIgAAKmBFq0aEGbNm0y/eyZZ56hgQMHghwIgAAIgAAIgIDLCUAQurwDUX0QAAEQSBaB3NxcKikpMb38nDlz6LrrrkvWrXFdEAABEAABEACBFBGAIEwRaNwGBEAABNxEYOfOnSSRRK3KV199RUcffbSbmoS6ggAIgAAIgAAImBCAIMSwAAEQAAEQqEJg2rRpNGbMGFMyeXl5JDkKUUAABEAABEAABNxPAILQ/X2IFoAACICA7QROPPFE2rJli+l1e/bsScuWLbP9nrggCIAACIAACIBA6glAEKaeOe4IAiAAAo4nkJ+fT0VFRab1nDp1Ko0ePdrxbUAFQQAEQAAEQAAEYhOAIIzNCEeAAAiAQEYRKC8vp0AgQMFg0LTda9eupTPOOCOjmKCxIAACIAACIOBVAhCEXu1ZtAsEQAAEqklAXEXFZdSs+P1+Ki0treaVcRoIgAAIgAAIgIDTCEAQOq1HUB8QAAEQSDOBJUuWUJ8+fUxr0bJlS1q/fn2aa4jbgwAIgAAIgAAI2EUAgtAukrgOCIAACHiEwNixY2nKlCmmrZFk9JKUHgUEQAAEQAAEQMAbBCAIvdGPaAUIgAAI2Ebg+OOPp61bt5peb/r06XTrrbfadi9cCARAAARAAARAIL0EIAjTyx93BwEQAAHHEahbty7t27fPtF4LFiygq6++2nF1RoVAAARAAARAAASqR8DFglCi3/mq12qcBQIgAAIgYEkgWsqJgoIC6tChA+iBAAiAAAiAAAh4gkAFuVgQeqIH0AhnEqjgamU5s2qoFQgkn0D9+vVpz549pjfauHEjNW/ePPmVwB1AAARAAARAAARSQgCCMCWYcRMXERDTs/jK1XVRnVFVELCVQIMGDWjXrl2m11y3bh21atXK1vvhYiAAAiAAAiAAAukjAEGYPva4MwiAAAg4kkBOTo5lrsGlS5dS7969HVlvVAoEQAAEQAAEQCBxAhCEiTPDGSAAAiDgWQI7d+6kJk2aWLZPktZLFFIUEAABEAABEAABbxCAIPRGP6IVIAACaSXgnW2n06ZNozFjxpjSzM7OprKysrSSxs1BAARAAARAAATsJQBBaC9PXA0EQAAEXE3gxBNPJLECmpXWrVvTBx984Or2ofIgAAIZRAAB6TOos9HUmhCAIKwJPZwLAiAAAh4jEC3lxNSpU2n06NEeazGaAwIgAAIgAAKZTQCCMLP7H60HARAAgTCB8vJyCgQCFAzKsnrVsnbtWjrjjDNADARAAARAAARAwEMEIAg91JloCgiAAAjUhIC4iorLqFnx+yXyaHFNLo9zQQAEQAAEQAAEHEgAgtCBnYIqgQAIgEA6CCxZsoT69OljeuuWLVvS+vXr01Et3BMEQAAEQAAEQCCJBCAIkwgXlwYBEAABNxEYO3YsTZkyxbTKAwcOpGeeecZNzUFdQQAEQAAEQAAE4iAAQRgHJBwCAiAAAplAQPILbt261bSp06dPp1tvvTUTMKCNIAACIAACIJBRBCAIM6q70VgQAAEQsCZQt25d2rdvn+kBCxYsoKuvvhr4QAAEQAAEbCTgnSy2NkLBpVJOILYgxEhNeafghiAAAiCQDgLRUk4UFBRQhw4d0lEt3BMEQAAEQAAEQCCJBGILwiTeHJcGARAAARBwDoH69evTnj17TCu0ceNGat68uXMqi5qAAAiAAAiAAAjYQgCC0BaMuAgIgAAIuJ9AgwYNaNeuXaYNWbduHbVq1cr9jUQLQAAEQAAEQAAEIghAEGJAgAAIgICLCezfv58mT56spIRo2LAhDRs2jE455ZRqtSgnR3INlpqeu3TpUurdu3e1rouTQAAEQAAEQAAEnEsAgtC5fYOagQAIgEBUAtu3b1fEn4hCfZHUEWPGjEmI3s6dO6lJkyaW50jSeolCigICIAACIAACIOAtAhCE3upPtAYEQCCDCIgY/Pzzz6u0OCsri8rLyxMi8dhjjynWRbOSnZ1NZWVlCV0PB4MACIAACIAACLiDAAShO/oJtQQBEACBKgRyc3OppKTElMxnn32WkOvoSSedRF988YXptc4991xavXo1egAEQAAEQAAEQMCDBCAIPdipaBIIgEBmEBBLYDAYNG3ss88+SwMGDIgbRO3atau4nmonP/LIIzRixIi4r4UDQQAEQAAEQAAE3EMAgtA9fYWaggAIgEAEgWiCMNEgMOIWWlEhiWerljfffJM6d+4M+iAAAiAAAiAAAh4kAEHowU5Fk0AABDKDQDRB+Pbbb1P79u3jBuH3+y33HSZ6rbhvigNBAARAAARAAATSTgCCMO1dgAqAAAiAQPUIRBOEBQUF1KFDh7gvHE0QLl++nHr06BH3tXAgCIAACIAACICAewhAELqnr1BTEAABEIggEE0Qzps3j6699tq4iG3evJmaN29ueWys/Yh79+6l008/nb799lsKBALUtWtXmjBhQkJBbeKqKA4CARAAARAAARCwnQAEoe1IcUEQAAEQSA2BunXr0r59+0xvduGFF9Irr7wSV0VatWpFn376qeWx77//Pp1zzjmmn7/zzjuWlsjq5EOMq8I4CARAAARAAARAwDYCEIS2ocSFQAAEQCC1BFq3bk1r1qwxvWlOTg4VFxfHVaH8/HwqKioyPVZcSUtLS6t8tmfPHsUC+eqrr1reozr5EOOqMA4CARAAARAAARCwjQAEoW0ocSEQAAEQSC2BVatWUadOnSxv+tprr1G3bt1iViqa62mfPn1o8eLF4Wvs3r2b2rRpQ1u3bo15XTkg0XyIcV0UB4EACIAACIAACNhGAILQNpS4EAiAAAiknkC0/IGjR4+mqVOnRq2U5DGUlBNW+QwXLlxIffv2pe+++45uuukmEpGZSIEgTIQWjgUBEAABEACB1BOAIEw9c9wRBEAABGwjcPHFF1vuFZR9f7L/L1pZuXIldenSxfKQjRs3kkQZveuuuyzTUlid7PP5LHMb2gYAFwIBEAABEAABEKgRAQjCGuHDySAAAiCQXgLLli2j3r17m1ZCXEFl/5/8tCrRAsqIoKtTpw79/vvv1Wpk//79ae7cudU6FyeBAAiAAAiAAAikhgAEYWo44y4gAAIgkBQCEtylfv36ltf+6KOP6MwzzzT9PFa6iepW+IILLqB77rnHMjJpda+L80AABEAABEDAVQQquLbWa7KOaQoEoWO6AhUBARAAgeoRyMvLs4wo+vLLL9Mll1xieuFY6SYSrY1YFFesWBHVBTXRa+J4EAABEAABEACB5BKAIEwuX1wdBEAABJJOIFraiA0bNtDJJ59sWodo5yVS6Xr16tGAAQNI8g5KugsUEAABEAABEAAB9xCAIHRPX6GmIAACIGBKIBAIUFlZmeln8+bNU/IFmhWx6NW0bNu2jZo2bVrTy+B8EAABEAABEACBNBGAIEwTeNwWBEAABOwiIBa63377zfRykodQSxUhqSXWrVtHEydOJIku+scff1S7Crm5uco12rZtW+1r4EQQAAEQAAEQAIH0E4AgTH8foAYgAAIgUCMCrVu3pjVr1pheQyKM9urVS0k/8euvv1ruNYy3AmINlKimkyZNgntovNBwHAiAAAiAAAg4mAAEoYM7B1UDARAAgXgIrFq1ijp16hTPodU+RiKVSoqLhg0bVvsaOBEEQAAEQAAEQMB5BCAIndcnqBEIgAAIJEzAjv2AZjdt3LgxSaRSiUiKAgIgAAIgAAIg4D0CEITe61O0CARAIAMJZGdnU0WFJDyyp4jAnDx5Mt1+++2ULLFpT01xFRAAARAAARAAgZoQgCCsCT2cCwIgAAIOIRBtH2GiVbzsssto9uzZJMFqUEAABEAABEAABLxNAILQ2/2L1oEACGQIgR07dtiS/uHKK6+kF154IUOooZkgAAIgAAIgAAIQhBgDIAACIOARAi1atKBNmzZVuzVDhw6lmTNnVvt8nAgCIAACIAACIOA+AhCE7usz1BgEQAAETAm8/fbb1LFjR5J8g4mWd999l9q1a5foaTgeBEAABEAABEDA5QQgCF3egag+CIBAhhOQODJZlQx2795NU6ZMoYKCAioqKqIDDjhAyRd4yCGH0EsvvWQK66GHHqJRo0ZlOEg0HwRAAARAAAQyk8D/AyXuy0oRRAxuAAAAEGRlQkc5MTE0NUM4ODlERTI0NUU4Kis6xgAAAABJRU5ErkJggg==	29e14a79-6362-4df8-aeeb-1c7848e1adf0	705ff586-073e-4d28-be5f-332fb69320a9	2026-05-10 14:24:49.724	2026-05-11 02:35:39.138
e0e16130-9edd-45e7-a6ba-1d4313dfb6be	zzzz	data:image/png;base64,iVBORw0KGgoAAAANSUhEUgAAA4QAAAJYCAYAAAA6xSjbAAAgAElEQVR4XuzdB4BURbY+8O92nB5yzlmSoiKKICgqKmDOiAFRDJjz+txd1w3qrq5xUcwJERQjAqIIiKiYRRBQsoDkHGc69zt1e2boON3T0z0d7lf/f7+BmRuqfvf6Hmeq6hwtIA1sFKAABShAAQpQgAIUoAAFKGA4AY0BoeGeOQdMAQpQgAIUoAAFKEABClBAF2BAyBeBAhSgAAUoQAEKUIACFKCAQQUYEBr0wXPYFKAABShAAQpQgAIUoAAFGBDyHaAABShAAQpQgAIUoAAFKGBQAQaEBn3wHDYFKEABClCAAhSgAAUoQAEGhHwHKEABClCAAhSgAAUoQAEKGFSAAaFBHzyHTQEKUIACFKAABShAAQpQgAEh3wEKUIACFKAABShAAQpQgAIGFWBAaNAHz2FTgAIUoAAFKEABClCAAhRgQMh3gAIUoAAFKEABClCAAhSggEEFGBAa9MFz2BSgAAUoQAEKUIACFKAABRgQ8h2gAAUoQAEKUIACFKAABShgUAEGhAZ98Bw2BShAAQpQgAIUoAAFKEABBoR8ByhAAQpQgAIUoAAFKEABChhUgAGhQR88h00BClCAAhSgAAUoQAEKUIABId8BClCAAhSgAAUoQAEKUIACBhVgQGjQB89hU4ACFKAABShAAQpQgAIUYEDId4ACFKAABShAAQpQgAIUoIBBBRgQGvTBc9gUoAAFKEABClCAAhSgAAUYEPIdoAAFKEABClCAAhSgAAUoYFABBoQGffAcNgUoQAEKUIACFKAABShAAQaEfAcoQAEKUIACFKAABShAAQoYVIABoUEfPIdNAQpQgAIUoAAFKEABClCAASHfAQpQgAIUoAAFKEABClCAAgYVYEBo0AfPYVOAAhSgAAUoQAEKUIACFGBAyHeAAhSgAAUoQAEKUIACFKCAQQUYEBr0wXPYFKAABShAAQpQgAIUoAAFGBDyHaAABShAAQpQgAIUoAAFKGBQAQaEBn3wHDYFKEABClCAAhSgAAUoQAEGhHwHKEABClCAAhSgAAUoQAEKGFSAAaFBHzyHTQEKUIACFKAABShAAQpQgAEh3wEKUIACFKAABShAAQpQgAIGFWBAaNAHz2FTgAIUoAAFKEABClCAAhRgQMh3gAIUoAAFKEABClCAAhSggEEFGBAa9MFz2BSgAAUoQAEKUIACFKAABRgQ8h2gAAUoQAEKUIACFKAABShgUAEGhAZ98Bw2BShAAQpQgAIUoAAFKEABBoR8ByhAAQpQgAIUoAAFKEABChhUgAGhQR88h00BClCAAhSgAAUoQAEKUIABId8BClCAAhSgAAUoQAEKUIACBhVgQGjQB89hU4ACFKAABShAAQpQgAIUYEDId4ACFKAABShAAQpQgAIUoIBBBRgQGvTBc9gUoAAFKEABClCAAhSgAAUYEPIdoAAFKEABClCAAhSgAAUoYFABBoQGffAcNgUoQAEKUIACFKAABShAAQaEfAcoQAEKUIACFKAABShAAQoYVIABoUEfPIdNAQpQgAIUoAAFKEABClCAASHfAQpQgAIUoAAFKEABClCAAgYVYEBo0AfPYVOAAhSgAAUoQAEKUIACFGBAyHeAAhSgAAUoQAEKUIACFKCAQQUYEBr0wXPYFKAABShAAQpQgAIUoAAFGBDyHaAABShAgYIW2LY3gLXbA5g634u9pcDhbU3o1tKEpnU1/VNkLejhc3AUoAAFKECBSgUYEPIFoQAFKECBghL4eY0fz83yYM12PzxewCWfylodhwYEgNpFwI0nW3FCd3NBeXAwFKAABShAgcoEGBDy/aAABShAgbwXWLDWjzlLfPhCPpt2S3RXjfbiVXZ0lxlENgpQgAIUoIARBBgQGuEpc4wUoAAFClBgT2kAf33Hjd+3BrCrpHpBYChPr/ZmjB5uK0AxDokCFKAABSgQLcCAkG8FBShAAQrkncCUn3145CM3/OmLAysMLLJi9OO7HHAwJsy794IdpgAFKECBqgswIKy6Gc+gAAUoQIEsCvwhCWJGvOCEO8HewPIu2iVpTPvGJtgtwe/UsmvY7wpgy57gJ1ZQedsQKy7oXXZCFsfKW1OAAhSgAAUyLcCAMNPCvD4FKEABCqRNQAWBN4x1YckGf6XX7NfZrO8DHHKYGS3qS9KYStpDU9ySgdQXdkSX5ia8co09bf3O6QsFxNK1HQHXTvnsCH6cO+Df+h38e9fAVLcjTHU6AGbJumMWE5MNmlmmT03yZ/m7/mf9++F/rviZOs5SnNME7BwFKEABIwswIDTy0+fYKUABCuSZgNozqJLHxGr9JQgc0M2M47uZJGNo5UFg6PnLN/lx5YuuqEv+7zI7juyQZ8llvPv0YK48sENIgBfve3DvisGp1uImb5j0a2R2HAgiywJKPZj0liDg3g1NM0Nr0AOmRofB5GgKTX2KW0Araix/bgYUNUn6VjyQAhSgAAWSE2BAmJwTj6IABShAgSwL3PuuG5//Fh0MNqylYfTlNn1ZaKrttjdc+PH38FnHwYea8bdzsryRUAV4pVvCP86tCOxfB//mr+Hf90cwbjPJ7J1nn5TPSHIdbUKoDAWEMe9bvhE0iQBUBYwSFGrFzeSrChbjf4WtQcJR8gAKUIACFJD/MxKQRggKUIACFKBALgu8+oUHL8+JDnaskgBmzAg7Dm6VejCoxj1jkQ///MAdRTD59iI0rJ1EoFIVPJkJCzgjgjwV9IV+TwV98j01cxY7hpL/062luV9VGUNaj01z8Kn+WVNOo5a3yiwjrHWhWWvLp478uQ40W/nXerKctZb+ffVzWf+qL501NTpcAs5GwWPVOVzymtYnzotRgAK5JcCAMLeeB3tDAQpQgAIxBM58vBQ790f/4P4LbDgxTYXkz3nSiW17w39HOmqgFcP7J5FcxrktOshT+/JKNh6Y3dNn9tan6fmmOYiK7JUeVNVQwJnOe1XrWpXNVIpFWCAps48WR0UgGfA75flvl22UjaDV6yyacrzfK3swV0EtyTU1OUo+R0Or1Qom+XD2Mk3/GfAyFKBAWgQYEKaFkRehAAUoQIFMCTz3mQdvzI2eHTy9pxl/PjN9SzpfmO3B618duE8D02Z0a7AND519YEYP8o9+vwR5KN0cDPT0mbzNmRp6/OtWK/CJuKxFZs7sMlNmqy8zZ/X0j9rXF9i3TibMZH+fxDZa/YNlOaosqfW7EfDJTKpf9lz6gp+AfK/SP3v2JvCpwpLRhNKpBspynn5qKkFwvP7H70tAJeMxSfpb+Wpq1BPWThcHZyXrdwsGk2wUoAAFalCAAWENYvNWFKAABShQNYHF6/wY9Wp0wpfOkgX01WpkAQ2UbND34ekfCXz8EtSVbF+NP1YvRxvbctg0T9U6WtNHl+/20AOYQHBZY602BwK68uDOHgzywoK9su+Vf18tk6yxpoLDGEGkegaB/aslFgoG+HqgXbJJD7aDeyjVVwm8fc4kgstUAqpUA0nV2VizqZUEuRVLWsv7GTorbYalzSDYTn63xh4Jb0QBClCAASHfAQpQgAIUyFmBG6XExIK10SUmxo6yo1PTOPsGJZjwy9LMioBPJWBRf9eDDvmoGb64yVeqERikWVFzNJekKfKR7JrBr+rv8mf1d/VnlXXTJElWJBA0TJOAUg8OKwLGslna8uBRZnADu35FQCXYqVKrxixlrICwshncqJ9Fv3PmTsNgH/CijCCV4LZKA+fBFKAABZhUhu8ABShAAQrkpsAj0zz48KfwpaJ1TDsxqu8WnNlFZo/04G6DnmlT7c0L7Jeve3+v5mAyHBCqfWh6gCelFPSyCuXBXlmQJwGfieUVqvkMy05Xs4mePXpwGHDLzKTK2OreI9+ToFJ9T81W6j8r+17pJvh3/irHyWZVNeMqTT9PHVdp9tZ470yc70cGhHGCR3PrwbCfOI4JbdLzNvAqFKBAJQKcIeTrQQEKUIACuSHgK5WAbo0+m7d42Vp8/ctaNDWvRxPzBvnIV8t6OLQ4WTfTNoIUAsKKUgihs3llM3nlM3xls3tQdfjY8k9ADy5VIBkMJvU/lwWLqn5iYOci+OSXEeY6HaVWYuPg+OQc/66lelAqGwYlppTEM+qXFvtlhlptWKzYrxj5zh1YQqpKbBQNmgKt0aH5Z8YeU4ACeSPAgDBvHhU7SgEKUCC/BQJ7VsqM3nqZ0Stbulm2h698eSfkH9ZZbxV789TWMBN2+xthracz9pua4rieLSuWalYs5dSXb0pZAzYKJCsQ8Okz2751MyQL6e/BmpJrP5KAsfyXHeEBolarJRxDlyV7dR5HAQpQoMoCDAirTMYTKEABClAgpoBrB7zrZ8G36h2p5bZDEp0U66n4VcAHKcuQU81cpJcAUPvvTPIPbq12W1nGKV9rtcZerSUueLU5nIFaYV2+71wbBvWowQQsOQXGzmRWIADPvH/Bs+ARuU30LHXRGZ/rpSvYKEABCmRCgAFhJlR5TQpQgAKFLiBJPXzbfoZ/+3z5yNdt82WmY23ZqLOfCEOr3U4P7tTHVFt9leBPfU/27pkk8KtY1hfnOd0/yY3pC31hPz2qgwlPXiZlGNgokCEB3x8fwzVrmMSE4e+e/aSJMLc9PUN35WUpQAGjCzAgNPobwPFTgAIUSCCgJ27RAz/5qCBQPgFJwBHV0lkbr5I+lc/k6cFeHTWzJwlayoI//atKylLN9tNqP24dF13uQpW6UCUv2CiQKQH3l6PgXTE+7PLWI/4Ca8+/ZOqWvC4FKGBwAQaEBn8BOHwKUIACoQIq6YUe9G1fIF/nwSdf4dySJFIKCVkirrzD1xTbvC2wxd8KW33BzzGHtUHvHu3Llni2TrIv1T9s5IsuLNsUXvLigqMtuG2wFBRno0CGBLzL34D7q+vCrq5mB9UsIRsFKECBTAgwIMyEKq9JAQpQIA8EVImG0Jk/n8wAQvb+ZazZG8p+PbVvL7iUU5/hC/n71KXN8PDH4XdvUkfDB7cVZaxLlV34vR+8eOKT8AL1xTYNH91VBCu3EmblmRjhpuqXMc7J/cOGqv5bcQxdYoThc4wUoEAWBBgQZgGdt6QABSiQDQH/hs/gU5+yvX8ZyepprSt79STYszfS9zyZGxwSnNmr1yXhkG99w4Wffg+fkbuojwU3D8rOjFypGzj9sVK4w0sh4k+nW3F2L0vC8fAACqQk4HejZGwjOfVA+Ql1neJL1wG2+ildkidRgAIUqEyAASHfDwpQgAIGEPCtehuuOSPTO1KpkWZu1BOmxr1ganS4fHrq2TpTbSc9VApX+IQcnh9pxyGtsrdn79FpHkz6KTwiVP1R/WKjQKYESif1kdqGi8MuXzRkKkwtTsjULXldClDAwAIMCA388Dl0ClDAOAKumRfA98cnKQ9Yk8LqpsZHBD+N1OdwvUxDOlvknr3D25owZkR2A6/fNvhxzcvRyWVUv1T/2CiQCQHXF9fAt/LNsEvbej8IS49bM3E7XpMCFDC4AANCg78AHD4FKGAMAfdXN8C7/PWkBqvv7QuZ+TPLDCBkNjDTzSmzg7ePd2HhH350aGLCy1fbYcuBlZk3jXVh/trwpayn97Tgz2dmZylrpp8Dr599Ae+i0XD/8OcDq0alkou5/bmwn/hG9jvHHlCAAgUnwICw4B4pB0QBClAgWsC/8zc4J/WO+oFWp33ZjJ9a+nmEvgQUkvwlm237vgAa1c5+LcNyg2kLfPj3ZNlQGNJU71RymbqO3OlnNp8Z751eAf+G2XB+cgaghbxfZjuKL98mN+I7l15tXo0CFGBAyHeAAhSggEEEAntWwLtmqv6PTLPa86dm/iQJDFtigdMfc2J3SXiSj5tOsWJY3xyYwkzcfR6RZwKBXb+h9IOjooK/4kvXS2KZenk2GnaXAhTIdQEGhLn+hNg/ClCAAhTIusCYmR68+U14chm1rHXcddnd45h1GHYgIwLu7/4P3l/HRFxbQ/GVe6KCxIx0gBelAAUMJcCA0FCPm4OlAAUoQIFUBFZvC+CyZ536nq6KeUJZuffwUBuO7cqihKmY8pw4Au6dKHmrM+CT9y2kmVoPQtEp75ONAhSgQNoFGBCmnZQXpAAFKECBQhS4a4Ib36zwhW3ralFfwzs3FxXicDmmLAl4FvwXnnn/Cr+7ZtYL02vFLbLUK96WAhQoZAEGhIX8dDk2ClCAAhRIm8DYrzx4cXb4slGzzBLOudeRtnvwQgYXUEXpJ3YBnCp5zIFm6Xw5bMc+Y3AcDp8CFMiUAAPCTMnyuhSgAAUoUFAC477y4vnZUhsjpNWTLKMq2ygbBdIh4F3yEtzf3BZ1Kcf5P0OrK8tI2ShAAQpkQIABYQZQeUkKUIACFCg8AVUj8YdV4fUIbxlkxdA+zDRaeE87CyMK+FH6bg8E9q0Nu7m53dmwDxyfhQ7xlhSggFEEGBAa5UlznBSgAAUokLKAT+LAUx4qhdsXfolXrilCl+asC5cyLE+sEPCt/gCu2cOjRIrO/CJYIoaNAhSgQIYEGBBmCJaXpQAFKECBwhFYvM6PUa+6wgbksALT/88BE+PBwnnQWRyJc/Jx8G//OawHphYnoGiI1A5lowAFKJBBAQaEGcTlpSlAAQpQoDAExs2V/YOfhe8f7N/ZjIeH2QpjgBxFVgX8G+fA+cnpUX0oGjwZppYDs9o33pwCFCh8AQaEhf+MOUIKUIACFKimwJ0TXPhuZfj+wZtOsWJYX+4frCYtTxcB16fnwLd+ZpiFqdERKDrrS/pQgAIUyLgAA8KME/MGFKAABSiQzwJ+qUQ/+OFSlIZPEOKlq+3o1sKUz0Nj33NAILBzEUon9Y3qif3EN2Buf04O9JBdoAAFCl2AAWGhP2GOjwIUoAAFqiXw63o/rn2F+werhciT4wq45lwF36qJYT/X6h4EVWoC4AZVvjoUoEDmBRgQZt6Yd6AABShAgTwWGP+1F8/OCp8ePOYgEx652J7Ho2LXc0EgULIRpW93AwLh6Wtt/cfA0mVELnSRfaAABQwgwIDQAA+ZQ6QABShAgdQF7nrThW9XhO8fvOFkKy45hvsHU1flmUrA/d3d8P46pgwjOBuoOZrDcdES+QPfL74lFKBAzQgwIKwZZ96FAhSgAAXyUCDe/sEXr7Kje0vuH8zDR5o7XS5Zj/1vd4cmBen1FpDNqpoGW+8HYelxa+70kz2hAAUKXoABYcE/Yg6QAhSgAAVSFViywY+rX+b+wVT9eF5sgYBrB5wf9EGgdGP4AZY6KL54OWCpTToKUIACNSbAgLDGqHkjClCAAhTIN4E3v/FizMzw/YN9O5nw6CXcP5hvzzJX+hvYtxbO6WcisGdlVJfMbU6D/eS3c6Wr7AcFKGAQAQaEBnnQHCYFKEABClRd4O63XPh6efj+wetPsuLSftzfVXVNnuHf+RucH58qhQe3RWNoJtk7uFL2EDYhFAUoQIEaFWBAWKPcvBkFKEABCuSLQLz9g8+PtOOQVtw/mC/PMVf66dvyHVzTzwa8+6K7ZC6Crf8zsHQamivdZT8oQAEDCTAgNNDD5lApQAEK5IrAHidw42su/L5FZt/KSq21rK9hxAArBh9qxj75uccXQJM62avDtnRjAFe9JB0JaTYzMPPPDpiy161ceYTsRxUEvGunwj37csDvjjpLq9cFRUOmQStuXoUr8lAKUIAC6RNgQJg+S16JAhSgAAWSFLjqJReWbvRD8irq8aD6qpomf6j4s/yglmzV69PJjJ7tTDIrZ8ZBzTWYaygYm/itF0/NCN8/eHRHEx6/lPsHk3zMPEwEvMteh3vuDTEtTI2PhH3Qh9Ds9WlFAQpQIGsCDAizRs8bU4ACFDCuwIAHS+FTtbgluCsPCPWvZRFivJhPzdB1l+WaasnmIa1N6NHajEYZSsh4z0Q3vloWXjB81IlWDD+W+weN++ZWbeSeeffDs+Dh2MFgy4GwnzRRyg06qnZRHk0BClAgzQIMCNMMystRgAIUoEBigXOedGLbnkDYbKA6q6wUW+ILhBzRtK5WESCqQLGr1AdUgWN1Wrz9g89daZcglPsHq2NrhHMDUlvQ/cXV8K2KnTHU3OF82Aa8DM3EXy4Y4X3gGCmQ6wIMCHP9CbF/FKAABQpQYPpCH+6f5IZfIkCTFOMOXTpa3RWhaklp5xYmdGluQsNawHHdLOjYRIO1CkHi8k0BXPli9P7BGfc4YGY8WIBvZPqGFPC54Jo1DP71M2Je1NLtWlj7PiY16Kv7pqevz7wSBShgbAEGhMZ+/hw9BShAgawJ7JP8GkNHl2LXfumCWjqqPmoPYflX9e0U/80ca+lpY0lQ07CWhn2uAOrL14HdTTirlxXFtmiCt7/zYvSn4fsHe3cw4YnLuH8way9MHtw44N4N16fnwr/1+5i9tR71AKyH3pYHI2EXKUABIwkwIDTS0+ZYKUABCuSYgFu26D36kRuzFvvh8gSXkIYGgRUJZuT7+s/KpxIrG0dZYprIYDLyfH15qlynlmzhOlT2IqqEMW0bmdCygYYxszyYuzR8/+A1J1gx4jgu8cuxVyhnuhMo2Sw1BodIwfnl0X3SzPoSUUvHC3Kmv+wIBShAgXIBBoR8FyhAAQpQICcEfl7jx5Sfvfj8Vx9UoBir6QFiRJQYFfipQC/GzGLo/sTy68SdgSybqVS3K096c8sgK47vZkazelp5pYyccCuUTnw4z4sd+wK4qG/sWdtcHqd/zyq4VDBYsiG6m1JjUCWPMbc6KZeHwL5RgAIGFmBAaOCHz6FTgAIUyEWBfS7gkwVeTJbgcNWW8uivkp6WzRoWyeRdnWINu0sCcHkryhvGDizjBI3JeFhkD2GrhhpayUxi+yYm/WsbmVlsI9/LZt3EZPqei8f8vg248oVSeOSZqWazAlPucKB2nqzO9W2bFyw4794ZzWurp5eVMDc5Khfp2ScKUIACugADQr4IFKAABSiQswKL18usocwczVrsQ2n4lr74fZZgr3MLNYunYcMutRRVFbkvK2mh/g9faJ2LNI9cZTdtLwlsWjZQy081tG5oko+mL0WtX5zmm+X55VZvBV790o0Zi7z6syqfrVXx/aBDLPj7eRIZ5njzbZgN10xZBiqJZKKao5lecN5Uv2uOj4LdowAFjC7AgNDobwDHTwEKUCAPBEokAc3MRT591nDJBn/SPa4r+wOHHGbBKT0sEnAEsGFnAGpp6u9b/VghmURVgplMtvJlquVfOzXVcEJ3i166QtVRjJXQJpP9yZVr3/6GC9+v8uurf01ly3tDt4e2llnXt24qypXuxuyH9/f34Z5zhfymIfp91Op0hP1UCQZrtc7pMbBzFKAABZQAA0K+BxSgAAUokFcCK2UZ6WSZNfxYlpWqQDHZ1rC2hqF9LLi0nwSHZSf9tjGAH1bK7KM7gLXbJWCUGcXl8r10bRJMVFfxoGaqhqK5IkBUs4qF3l75woNX5ngrrTl50iFm/PO8GOlfcwTHs/BJeH68N2ZvtIaHoWjwFGhFjXKkt+wGBShAgcoFGBDyDaEABShAgbwUUIlnZksCGpWM5Je1yc8aqiWcd59hQ6920QUF1Z7Fy593Sn3E8sQ0AZhlLeMxnc34Y7tfn2H0Jn+rstSoyfPWkUmxw9ua9dnDQ+VzcCsTbAWU2HTxOj9uHOuCRwxjhr5l04RvXF+E9o1zMzh2f30bvEtfivlQTc2Pg/3kd6FZpQAmGwUoQIE8EWBAmCcPit2kAAUoQIH4Amu2yayhLCdVyWh2l1YupYpbqD1r3Vqa9NnCE7qbK4KTN7/1YoyqPyixiF7LUNqR7U0YfXkww4kKFDfvDuCPHfKRAHFd2Vf19027AvBFrEBNpkpGrN6GLjVtUleTZa9m9O5oxqFtJECUfYr52LbsCUjyGCd2lZQFgzHivVp2DY9cbMNhMs5cawG/R5aIjoRv9Qcxu2ZudxZsJ4yFZsr9vY+5Zsv+UIAC2RVgQJhdf96dAhSgAAXSKKBm775YIrOGP3nx0+rYU3mRyzhVltCLj7HgtJ4WDH/WhfU7w88bJstMb5KSE4maT05bLzOIahZxlexRVF9V0Lhsox97nLFLYVQWDMb6mVmCqNpFGg6W2cMrjrXKTGJuzqJF9l1ljr3oaQkG90swHqfLarnsa6OKcjLgDXhLpOD8efBv/ip2MNjlCtj6PSVjy4/nkehd5s8pQAFjCTAgNNbz5mgpQAEKGEZgk8zkvf+jF29/65NlnmVTd6E1DCMk1HJNFbipTCeh/66/VYLBCyUorG7bL0HRIlkyuXCdD4v/8ENlUI25BzLOtGKs/Ygt6mvo38WMzk1NGNzTDEsOxiOK/vz/lWLr3viCJ3Q34V/n2yTBTO4NIODaAecnpyOwY2HMAViPuBfWnvdU9/Xg+RSgAAWyJsCAMGv0vDEFKEABCtSEgFrG+ZQsA52x0KfXKEyUMKa8aL3qm1lWLs7+i0P/mu6mAiW1Z3GRBIgqUFQftQS1qq08UFSh1CBZWnr9QCsa18mdwOrPE934YpkvLrsKBlUCGXN5utGqAmTweP++tXCpYHDv7zHuosms4GhYul6ZwR7w0hSgAAUyL8CAMPPGvAMFKEABCuSIwNfL/Rj/tQcLkklCI7FZOyk8r2auVLmImmhq/+Mva32YKHsZl0pZjBIpi1ExaRZj5jDWrKGKq07uYcbQoy36PslsNLV099533Phula+i4HysfuR0MLjzNzg/PhVwbYvuuskG+8DxMLeRn7NRgAIUyHMBBoR5/gDZfQpQgAIUqLrAMgm2xn7p0fcbJjMn17uDCZf0t0J9rcmmlpTOW+3Dj7/7JaOqF9v3Hbh7ZQlrymc5i22a1GA04fZTbbDWYDKay593yexnsM5gvFC6fxcT/n1hbs4M+rZ8B9f0swFvCHg5vaU27IM+gLnZMTX5KvBeFKAABTImwIAwY7S8MAUoQAEK5LqASvxy5wS3nvwl0VJSNZbOzTXJTGrFiQebpRxFzY/ut/WyL8Aq384AACAASURBVPInD5ZKopo1W6UERowVsHp2VOlbaPeKpaTfFQOsOLuXBbWCCVMz1n6QgvOq8HxAdSBiP2b5TVUw+KAEg5YcXCbqXTsV7tmXS0rZGEUuixpLjcGPYGp4SMb8eGEKUIACNS3AgLCmxXk/ClCAAhTIGYGFf/hw/Wvu4CxhnOAlVmeb19MwrK8FZ0qAZa9+vpmUPFTmTpVNdeK3HuzYf+ASlc3KFUmy1NMlm6oqt9FUylmku6nMrneMd8Lrk8IecS6f08HgstfhnntDTBatdlvYh3wMU5126Wbj9ShAAQpkVYABYVb5eXMKUIACFMiWgE+yulz2nEtmBw8sGlWza2o2rY5Dg6qbl6jVdQDn9bbgwqOtqCd/zlbbLH2dMs+LqT/7JJtn/NIO5f0r32c4XJbBdmiSnsDw2Vke2Z/pDdZvjJihLL9v744mvc5gLs4Men5+AJ75D8UOBhscrM8Mao4m2XrEvC8FKECBjAkwIMwYLS9MAQpQgAK5LKAStzw1Q4rQR7T7zrXhpEPMmLXIhwnfeLBic+LA0CazhOUzb2r2MFtNZS79dqUfj37kkoA2uV4cK2UrhkpZjV7tU9sfWSqEw591QpX5UC3eDGWfTiY8dJHay5g9n1gigYBfZgVvhG/5uJhgpqZ99T2DmrVOcqA8igIUoECeCTAgzLMHxu5SgAIUoED1BbbvC2DYGCdKI7aJ9ZCC789dGb7J7jsJsFRm0nlxCt2H9kbNvB3fzYzhUjS+i+w3zGZTmVTHS0D7nWRWVaU3Kmvqx41ra1BB24V9rOjcLLm+/yp7Gu+Y4MI+Z+U3UMHmY5fkYDDoc8E1axj862fEDgZbD9GziWrmDG+8zOaLwntTgAKGF2BAaPhXgAAUoAAFjCdw33tufParL2zgqtbguFF2tG0ce6ZspdQMVJlJP//Nh/I695XJ9WoXzEzaV4KsbDaVmfTt7zz44EcvVNbSyBaQOT3Z8ad/u3wvpcpI2rWFCX8+y472jcPPUMf8JFlP3//Biy+WyhLRirNjj1IFg2qZqN2SXJBZU1YBz149k6h/6/cxb2nudAlsxz0neyGz+/xqyoP3oQAFjCvAgNC4z54jpwAFKGBIAVXG4ZZx0ZHRZf0tuE6KuidqamnkBNkr99F8L1zeREdDr2F4iWQmPVmWoWaiwH3iHgSPUMGgSkLz9ndefZ9heQtd4llR11C+qbKEqhDOJoHckRLUOWRv5YrNfqwt23MZqwZiZF9yNhgs2QzndCk4v2tJTD7rYXfBeuQ/kqXlcRSgAAXyWoABYV4/PnaeAhSgAAWqIuCVtZOXPOPChl3hSxxVxs03b7DDbk1+FmuvE3jney/e+94DVVA+UVP3uEj26p19pAUq22e2mk8qbHyq9kfKMtjfpXRFeWBXIRKabVUFhtJRlTE0MgAsDyTj7Rk8tI0JT16WezOD/j2r4Pp4CAIlG2IHg30fg7X7qGw9Ht6XAhSgQI0LMCCscXLekAIUoAAFsiUw9ksvXvw8OpHMv4faMKBrapXb1Szh1J+9eEuS1GyMCDRjjbNOEXDOURYJDq2oX5wtieB9v1nhx/+mu7FuR1lCmPK6huVxcSU1LCrLJqqCwScutUngm3yAXRMSvk1fwDnjAmgeqdMRWRdDs8A24CVYOl5QE13hPShAAQrkjAADwpx5FOwIBShAAQpkUmDzbr8kknHBE751UE+k8tgl1U8aovYVzpZ9iSoz6dKNiTOTqn16px5uxmWynLRlg+wGTpN+8unLSdfu8ENlDS3fNRc6K5jMElH1/HI1GPTM/w888x4MroPVW0i0a3bAfvJEmFsOzOQryGtTgAIUyEkBBoQ5+VjYKQpQgAIUSLfA/73lxtzl4dGgCsreutGOZvXSmzhEFWgfP9eD71fJ+swETcUnx8ns5OXHWtCtZXr7kejesX6+dFNAn+38/FevHjyH7TEMiaNihbAHt9Qw+nJ7Ts0M+rfNg/urG+DfuSh6uCrKLWokNQanwNTo8FS4eA4FKECBvBdgQJj3j5ADoAAFKECBRALfrvDhrjejE8lcdbwVVw6QIoIZamqP3rivPJi12Jew9IPqwmFtTbi0nwX9O6e2fDWdw1CB4NKNfsyWvs+UmU+VlKaF1Fj8fas/apZV3VcFg08Ot6PYlt3ZzgoD9y64f/wbvEtfjcui2RvBfsZnMNXtlE46XosCFKBAXgkwIMyrx8XOUoACFKBAVQXcXlVzUBVqD1/G2bK+hjeut+tZNDPd1L3f/MaLKbLX0Bm9hTHq9u0ba7j4GCsGH2aGJfuThnr/Fq/347ZxLn1JaWRTNRefHpE7waB35Ztwf3cP4Noe/9FKbUHHBYugFbfI9OPn9SlAAQrktAADwpx+POwcBShAAQpUV+CF2R68/lV0fYjRw23o1b5mZ+L2uSBZSb2SndSDXSWJR6aKxQ+VzKQqCU2xlH3IVksUDI6WmcHaRZkPrBONP7BXMoh+dRP8kjymsmZq0htFJ78jy0UjiiwmugF/TgEKUKAABRgQFuBD5ZAoQAEKUCAosH6nXy8zoUothLYTupvxwAXZi7DcsjdvmtQxVHv1yjN8VvbMVDBYnpm0Ue2afbpq2ehNY+PPDOZEMOiTZEELHoJn4ZOAP/4UrNbwcNiPHSP7BXvWLCLvRgEKUCCHBRgQ5vDDYdcoQAEKUKB6Aje/7sLPa8KjQZtsGXzn5iI0ktm3bDe1iHXObyozqRe/ypLMRE0tHx10qEpAY0XrhpnvvwoGb5FlovtlZjOydWyi4Zkrsj8z6NswB+651yOwb218Pmtd2I68D5Zu10qW0RxZg5voYfPnFKAABWpIgAFhDUHzNhSgAAUoULMCn0kilPvei04kc8PJVlxyTOYSyaQ6yvkSuI6XYvGqNmAyTSWeUQloVCKaTLSVW/y44bX4waDaM1jXkfmgNN7YAqWb4f72TvhWT6p0+OYOF8DW52FojmaZYOI1KUABCuS9AAPCvH+EHAAFKEABCkQKlLhUIhkndkj98dDWppEkkrnODrMpe4FMoqe1dnswM+mniyQzaRKx4SGtTXqAO6Cb+UCJvUQ3SfBzFQyqZaJ7ndEHqpnBrAaDAT+8vz4D97wHAO++uCPR6nSArd/TUlvw+Gpq8HQKUIAChS3AgLCwny9HRwEKUMCQAk/N8GCi7M+LbM9eYZPC6TWbSCbVB7BdYp23vvXoBeNVyYdErY0sIVWZSVWxe1VfMdVWWTDYVgLq567M3sygf/t8uL4chcDOxfGHZ7LBetid8rkLkEyibBSgAAUoULkAA0K+IRSgAAUoUFACa7f5cdlzLvjDq0xgsOy9+9s52Uskkyqy2r/3wY/BzKQqSEzUGtYCLjzainN7W1C7ivHQGrG77tXYM4MqGBwjy0Qb1MrC7KpnD9w/3FtWUzDiwYaAmFoM0GcFTXU7JmLizylAAQpQoEyAASFfBQpQgAIUKCgBFdAsWhe+1tIhcaBKJFO/OAvBTJp0vTKkTxaoBDQeqGWliZrDCpzZy6IvJ21cJ/G4VTB4oywTjVUOI5vBoE9qCrq+/wvg3Bp3yJqjKWxHPwxzxwsTsfDnFKAABSgQIcCAkK8EBShAAQoUjMA0CZj+PTl6feXtQ6w4X2bMCqGpUHDuMp8koPFi4R+JNxmaJefMyYeYcVl/KzrI/r9YrbJgsFWD4DLRmp4Z9O9ZBfdX18O/eW4lj02Dpfu1kkH074BkEmWjAAUoQIGqCzAgrLoZz6AABShAgRwU2OuURDJPO7G7NLxzKgnK2FF2aFriWbIcHFalXVqywY/XvvTiKwkQk2l9O0kCGgkMe7U7kJl03Y7gMtFYM4MqGFSlJWq0RAdrCibzKHkMBShAgbQJMCBMGyUvRAEKUIAC2RR4dJoHkyQBS2R76So7urXMTGmGbI439N6quP0bUrJi+i8+eJKIDZWHWkp6UDNNzyYamY1VXbt5PQ3Pj6zZYJA1BXPljWI/KEABIwkwIDTS0+ZYKUABChSogJopu/rl6OrpZ/Uy4+7T8y+RTKqPSc3yqcykkyQJzb4YxeQjr6uqb0Qm3ykPBtXMYNO6NTOrypqCqT5xnkcBClCg+gIMCKtvyCtQgAIUoEAWBQKBAEY878KqreGJVuo5JDi6qQh1imomqMkiQdStVZkKVa7i7e+82Lo3cQKa0AuomcEaCwZZUzCXXhv2hQIUMKgAA0KDPngOmwIUoEChCKiSDI997Ikazj1n2nBGz2oU5CsAIFXYXhW4nyDLSX+PCJjjDU/VMbzmBGvGZwdZU7AAXjAOgQIUKAgBBoQF8Rg5CApQgALGFNhVEkwkE7k8smsLDS9fXWRMlDij/maFH69+4cav6xPPGKqlpAMPNmP4sVZ0aprmGdb9a+CaPQK+rT+U9TT29U0tToC935PQ6h7E50gBClCAAhkUYECYQVxemgIUoAAFMivwl3dc+GKJH3qII/9DJRJVwcyr19olkCnsRDJVld2yJ4AbXnNh0+7EAWHotY/qYMKl/azo3bH6nnpNwS+vk2cVkvlGlvzqD668FTWFvc9/pKbgRVUdIo+nAAUoQIEUBBgQpoDGUyhAAQpQIPsCk2WP3H8ls2h5K48rhvax4JZBUpWdrUIg1WAwlLBzc00yk1oxUGoamqs4aRjYvx7uuTfBt35GjKeiAtTgBS3dR8HW6z7AVo9PjwIUoAAFakiAAWENQfM2FKAABSiQPgFVJuH8/5VGlVioI6tE37vVgWLjJBZNiLp9XwCjXok9M9iwFvDwMLtex/D9H7zY60x4Ob0cxbC+FpzZywK7JfHx3iUvwP39XwFfRIHIkEje1PgI2PqNhqlxr8QX5BEUoAAFKJBWAQaEaeXkxShAAQpQINMCPplQukEKqS9eLxlTQpqaZ7rrVCvOPSqJKCXTncyR66tgUC0TXb8zeplo/WLguSvtaN0wuBTUKZOt0xZ4MX6uF5tleWmipoLBozqaMWqgFR2bRE8ZBvaskOWh18O/5ZtKL2U59DbYjnog0e34cwpQgAIUyJAAA8IMwfKyFKAABSiQGYHRn3r0cgqRrXFtDZNuZyKZcped+wO4TgLneMHgmBF2tGsce1/gpwt9GPuVB2u2JQ4M1f1O62nBbYOtwZlZvweehY/DM/9h+bPUv4jTtDodYD9xHEyNembmRQm56mtfejFlnhe1HZr80sCGQ9tUcc1rxnvIG1CAAhTIngADwuzZ884UoAAFKFBFgTlLfPjrO9FBRrFdwzs3F0HVHmQDVDB441gX1m6PPTNYWTAY6vf9Kr/MGHrw0+rw2dhIY7V/s57MON7SewkGbL8a2L00/mOwN5KkMQ/B3OnitD8qNXu8cK0f8+VT6g7oAe0Pq3z67Gdo3pp3by1C87oMCtP+AHhBClAgLwUYEOblY2OnKUABChhPQP3jfuSLTrgiJgdVgpPnr7KjW4vqZ8EsBNXKgkG1x1ItE403Mxhv/Cu3BPC6zBjO/tUHf4xJQ5tWiivq/gfn1nkeZsQPHs0dh0ow+F+gqHFaqbftDWCW9O2VOV7sdx3oYGj22dAbjjjOKrUWubQ4rQ+BF6MABfJWgAFh3j46dpwCFKCAcQRKZFLwihec2BBjL9zNp1hxkSQ5YQP2lAaXicaaGVTB4NOyTLQ65ThUyYoxMz34bLGvYsbtcPtXuKvBzWhmWRf3EWjFLWE79lmYW52Utse0Wn5B8KXMGM9Z6sOSDVJ6JKJ6hbqRX2JTU4zfEzxysR3HHMRfIKTtYfBCFKBAXgswIMzrx8fOU4ACFDCGwJ/edEEVVo9s/TubJUsmU4oqFxUM3iTLRFdtjZ7CS0cwGGqv7jF6ylYcX/JXDK71ZtyXUPXkB/PV6DT4AbRpVrvaL6tKJPSVBICfyWxg1N7IA9UrKu4T41uoX0vD1Du417TaD4MXoAAFCkaAAWHBPEoOhAIUoEBhCoyTrJfPf3ag3mD5KJtJ+YNx1xWxxESCYLCWHXjmiurNDEa+Wb7VH8D97Z0IlG6J+9Kt93TAwzufwRL3UTDJst6DW5lw9xl2yUia/Hvqk98BqP2LKgics8SL7fvin6tmCFUr3ytYHhZH7hT8x3k2nCy1FNkoQAEKUKDsf28GpBGDAhSgAAUokIsCs2Rp4t/fdwEBDfpsT9m/7q3y7/kXryrCQc2YGGSfM1haItbMoAoGRw+3o2ua9lcGSrfC9dV18K+bHvd18QYsmLj3Fozfcye8iJ69HXm8BSMHWOOer5YHT/rJg8nzfNi4KwAVFCbd5CWRV0Wvj1i7SMMOKbsR2prU0aROZZEeoLJRgAIUoAADQr4DFKAABSiQwwIeH3DyQ6VhAUH5PrF7zrDhjCM4y6OCwVvGubBsU/Tvdh0Sc6k9g6kGg7uljvxqWRq6aosPbRqZ0HDja2i84l5YfHvivjXuOofiqf0vYPrag+Ieo3p6UR8LbpS9nyohkGqrJGnNtyt8sizYp2cITeVX1V2aazi2qwUDuprRsoGGMx4rhTsiAdH1J1lxaT/uN83h/+zZNQpQIAsCXDKaBXTekgIUoAAFEgv87xMP3vkh/F/0KlAYfJgZ953DfYMlUlZB7RmMFww+KTODh8gyzURtpszCqpnYEsnOqYK1LVKUXn30YEq+0dyyGn9qeBMOtX8X91KugAOTPH/Gd5brUcth0s9dtskvGT+jTykP9urXkpk8q4Y9JZCyECGZQWMkh4l1YxVLHtbWpAeAJ3Q3Qy0hLm+xlhmrWcMpdzq4xDjRC8GfU4AChhNgQGi4R84BU4ACFMgPgUuecUZly6wrte4m3eaAzeCTgyoYvE1mBn/dEHtmMF4wqJZfqkBt0To/Fv7hx/cr/dgXUqah/M3Ql+dKis4L643B5XX/C7vmjPvSzHf2x6M7n8IWX5uKY8pnckP39alr6t9X11ZHxlu2GSsTTNmV1VLh3h0lCOwWnAmsG6PupBrj2U+UYpcEmqHtnCMtuOu0+EtV8+O/CvaSAhSgQPoFGBCm35RXpAAFKECBagqogEWVTwhtKk5QSyCPkFkhI7fKgkE1Czb68vCZwd+kJMM733sxVxKz7Jf9eZGmseKydpZfcU/DG9HJtigu9V5/fTy/65/4tOSSqGNCS0DoQaH6yGNLZuuefrwcWH6s+jrwYDMGSiKYozuZoZbCVtamL/Th/kkRA5UT3r6pSF9KykYBClCAAuECDAj5RlCAAhSgQM4J/PMDN2Yskk2EIe2oDiY8eZlkSTFwU0srb3k99sygCgafuNSGbq3M+GGVD3OXBT/bJDNnspNxVrgwXGYEL6wzRvb3hfuHsn9Reiae3vkQdvmbxnwaoZN8seoDJnqE7RprUAlgjmhvwtCjrXBUYYXwiOedWCl7EkNb304mPHqJsd+dROb8OQUoYFwBBoTGffYcOQUoQIGcFNixHzhXlvz5IlZDPib/oO8j/7A3alPB4O3j3fpSz8imgsELjrZgjRRrV8GgK3TrZSVLMNWuQa0sXOxm+xF/bngdWljWxCXe4W+GZ/c+gQW+QbL8M4B9spI08jmpk/3lS0NDItFKuhGWRKaPFIx/PMXgbd4avx4wR7bHL7XjaFlqykYBClCAAtECDAj5VlCAAhSgQE4JPPGxB+/+KBFNSATRSpb6TZQlf0Zd8FdZMKhMKqsflSgQa+rYh2sb/AMDzGMr9bV0uQK2o/8DWOuEvS+qTMReyXa6V7KSqqynH833YpYUjo/M8Bk5U6j3OaRYoBqHSWK2iTcWoUX91J70PRPd+EpmRUObmm0cfz0L0efUf+TsDAUokFMCDAhz6nGwMxSgAAWMLbBDEoGcJeUCItttg636DJgRm8srCWTeiD0zmLRHWVSovjhsGgb1MEMtwT3M9CmK598ElG6OeymtdnvYjnse5ub9K73dl7JH8ekZHqzfGTs8Lf9uWylhcWFfM9rLV9U27Q5gvhSfb15PylH0tULVTkylbZCahUOfik5+86fTrTi7lzHfnVQceQ4FKGA8AQaExnvmHDEFKECBnBWY/JMX/53mCeufKkY//W5jlgtQweBdE9z4WZZCptrUclKVjOVgKUFxcg8LWkjghd3L4Pz8Cvh3LJC/xJmN00yw9rgF1iP+BpjjR2lrtvnxyEcevX5gZe3glhruOE32OLbIzNLN+z90Y/oCn16YXs08qvemjkwMfngHs9Km+u7wPApQwBgCDAiN8Zw5SgpQgAJ5IbBgbQA3jg3O8lQsKZR/2E+Vf9Q3kLp1RmorNvv1OoP7YtTyS+SgErL072LGsfI5UmYCVbmG8ubf8Bmcn54drAGhQ0cX/jM16AHbgBdganhY3FvtkYncFz/34EMJ4tWewXhN9eX6k636rGSmmto7eemz4bODaliXH2vBqIEsNZEp91y4rm/V2/CueldmsI+FpdtIwFI7F7rFPlAgrwQYEObV42JnKUABChS+wBmPl2KnJJYpn7dS/7BXhehVQfpCb3slpvnsVy+mzPPiN6kxqGa5Ilu8rJ1dmpcHgRZ0bRFn1s+9EyUTuwLekCJ9ocUC5WbWI/8B62F3xaVWdf7e+8GLV7/wyN7B+E/EJjOTl/Sz4LJ+VhRlMCZT/Rn+nEtqVobPUCqBD24rQmMJSNkKU8C/4xc4Jx8rv9QIPnv1i4yiM2fLjHaMApWFScBRUSAtAgwI08LIi1CAAhSgQLoE/vWBB58uCk2TCRzU3ITXrklxc1m6Opah66iA5tuVPkz92YevJSFKrKydobeuyMMif6glSyLPPMKCoX0saFo3QeDj98A5bRD8W3+IMZIATM2Ohf2456DV6RB3pD/+7sOjsqR33Y7K0tgAJ0nNwBtlVjBhn9JgOmamB29+E/6+qMt2bGLC69cV5juTBraCuITzo5Ph3/Jt2FjsA16EudPFBTE+DoICNSXAgLCmpHkfClCAAhRISmDMLPkH/tfh/8BXoY7KMlpIhcVXbA5g2gIvPl3oxa6QCbtESCoTZ8emJtw2yIae7ZKf/XLNGQm1vC66abAd85gst7s27q3/kADwf9Pd+HZF5fsEOzXVcPcZNhwi+xVron293I+734peU6vC1WdG2HF425rpR02MlfcIF/Ct/QiuWRdFsRSd+glMsnyUjQIUSF6AAWHyVjySAhSgAAVqQGC7LBc9W5aNRja1H+6hi6pQobwG+lrVW6h9dyoI/OQXL1RAWJVWRya7bj/VhhMPNoftCUzmGp6f/gHPL49GH2qyo+i06TA1OSrmZdT+xVfmePQlomomM15rKPs7rzvJhlMPN9dYaRCVnXS47BssDc9BpHdR7Vm89BhmFk3m3cjLYwI+lL5/FAJ7lod1X81uO86fL+vNC395eV4+N3Y6ZwUYEObso2HHKEABChhX4B8fuDFzUXg9OaXx9OV2mRXLr1kfrwRSc2Up6MeSAfObFbIkNIWEodcPtODS/qltxPOuGA/3l6NiBIOyt++M2TA16hn1M5UkRiWLeUmSxuyOjs0rjlfJai7qa8GI46xwpNa9lF5yZXrVi06s3BIdVJ9zpAV3nVaDnUlpBDypOgLepa/C/fXNUZewD5wAc7uzqnNpnksBQwowIDTkY+egKUABCuS2gFtiwQtHl2L7vvB+tpci42OvK4I5+ZWSWRvoj7/7MX2hT4JBL9TMYCrNJOP853nBWcFUWjCj6DkVSTdCrxHvH88/r/HhMdknuFoyd1bWju9mxs2DrFI/sOYfhipz8aEk3olsKpnO8yOLYMmv3xmk8miNe47PiZK3uwPOrWEGpiZHyy84PjOuC0dOgWoIMCCsBh5PpQAFKECBzAnMXOzDP953R93g9iFWnN8795YDqqWLP0uB9a8kAPx0oR9OT9WWhEYOVIVZ/zo/9WAwsHspSicfF55RtOwmtt4PwtLj1rBbbpCC8qM/9Uj/o2dmQw9UQfmdMgN3RLvUgtTqvjGzf/Phb+9Gvxd1JbHk2FFFUGUu2ApXwLPgYXjm3R81wKKzvoo52124EhwZBdInwIAwfZa8EgUoQAEKpFng2ldc+HV9+BpLVWz87ZsdetHxbDa1bHHxOj9+kMyb82Q2cJH8WS21DMj/05LcSafKMThj7IFTIc3fzpHafYemFvgGSrdIOv7+CJRsjCKydL0Stn5PVXxfBbKqhMTb33qhxhSv1S8GrjnRqmc1VTOX2Whq1lItFXVFTw5itCwn7pVny4mzYZjX93TtkNnBblG/5DB3Ggb7gJfyemjsPAWyKcCAMJv6vDcFKEABClQqsHxTAFdKAKCamm/T4xD5wxHtTXoAUJNxibr/so0B/LRaBYDyWeOHO0ZgEq9OYPlAiyUvzuBDzfqSzJ/lGpGtusEgvPtROnUgAjsXR13b3HoQ7Ce/K5Am3fMjKXXx/Gy3XvcxXjPL8ssLj7Zg5PFWqL5nq6nAecTzTqyXmczIpvo2ckBqwXO2xsP7Vl3A+fFg+DfNDT/RbIfjgkXQiltU/YI8gwIU0AUYEPJFoAAFKECBnBb4zxQ3ps4PLmMMDQC7S2mDBy6woVmi+nspjk7Nli2R4vCzpVC8ymg5TwLBygqxV3Yb1e+jO5lw2uEWHNvVhIemeDAjRtIcdY37qjEzCMm+qPYM+jdIce6IpjU4BI4zP9eLdv/yR3CfYKykLKGn9ess5S0G23Ki3Me9skz0c1kuGtl6dzTh8Utr9pcDKb5SPK0aAr4/psE140L5XwLhvwayHn43rL3uq8aVeSoFKMCAkO8ABShAAQrktIBKLHPuk6X6cszIpjJb3iAlBs49KrXZoRLZivbH9oDMOvn1mSf1Ve2lWy919zbtkaWfFdOSVSMqP80u3erX2Yw7pFxEAynNEJDpw39Nih8M3nOmFWf0TG0sqofuL6+Fd8WE6GBQZk+KzpqLze4mGDPDA7UPr7LWtpEmfbbiqA7Z2ScY2bdJkvH0UQlgI1tj2S84TpIMZXv5cNXeDh6dioBr5gXw/fFJ+Knyy43iS9YAFlnPzEYBCqQswIAwX5UDzAAAIABJREFUZTqeSAEKUIACNSVw53g3vlsVP4g5WmaJ/nKWDSpAiGzb9gWwQQK8dWUBnwr2Nu4K4I8d/pSzf8Ybd7eWJvSS5ay9JZBSRdFtIbGdCgbVzOBHUn4iVqtuMOhZ+Dg8P8aYKbHWgWnI5xi3qCPe/NoLlcE1XlOB1dUnWHGOBNi5kslV1Wu86iVnVLkOtZT1+ZF2dGvBlKI19d9hNu/jnn0xvKunhHXB1LQPik6flc1u8d4UKAgBBoQF8Rg5CApQgAKFLeCSIGboaKeUoYiduVPt2yuS/W2qPEM9h6bP8JXP+sXa55eMVjKTg+0k46bKtqmWLfZqb447U5XpYND3+7twfT6ibFghQbFmwYymH+KZRX2w3xU/66kK/lQQqJLG1LYno1Mzx6glule84MRmWbIb2VStQVVzkM0YAu7Phh0ICNWyUfmPXqvfFY7z5hkDgKOkQAYFGBBmEJeXpgAFKECB9AmoJaNvzPViwtce7HNFXDeZ6K2KXYmVHEbNQB4pM4BHdZQgsIMp5oxkrNv8Z7I77szgnbI0M9Ulr+pe3iUvwP3NHWW3LQ+cgkHhk3uewbQ9su+qknaUjOO2ITaochK51v7vLTfmLo+e0hwkSXnuOyeLGW5yDcoA/XFNPRG+rT/ISPVUvvpeQq24GRwXrTTA6DlECmRWgAFhZn15dQpQgAIUSLPADsmI+eCHLny3MpihMwOxYLDHcmGLbKErsmnoKcs/Rw6woosUPq9qe3SaG5N+ir1Os7rBIHwulIxrJn09kO60PJAdu+dujN/zp7jdbdVA0wvLH9slN/YJRnZ0wjdePDMzet+gmpV99doi2HKz21V9PXh8kgLOjwbCv+U7FQmWnSEzhA4JCIetSvIKPIwCFIgnwICQ7wYFKEABCuSlwBQpmfDkJ244JRaqeph2YMgNJdlLq4YmqACpdQOTnlFT/Vl9T9Xeq06rLBi8RYKxoX2qt+TRt/RluL4OLzCvItkZ+4fhvzuejkzIqA9FJeK5UoLbS/pV797VcUl0rgr275rgggr5Q5+t6rsKBls3rM4TT3R3/jwXBdyzhsK7Zmowy6g+ES7/w1yE4hE7crG77BMF8kqAAWFePS52lgIUoAAFQgU2SybQ28a5JEFM5fvjmtc/EOTpwZ7+kSBQAguVCTQTLdPBoOqzc9og+Dd/Hdb9Xb5GuHjjQngDEj3Jv51DQyc1G3jPmbZqB7qZ8Cq/5nJJIjNSak+qmc6yf/ZXjOE/Q204riunBjPpn6vX9m/8HM5PTg9ZEhDcR2g/8XWYO5yfq91mvyiQFwIMCPPiMbGTFKAABSgQT0AVLL//A7cUivehdpFJAgYT2kig17qRzPZJIKiCwZrOmPm/6W68833sZaLpmBnUA6U9K1D6Xs8olr9unYAfXKcEg6my9bT1HMBdp9swsHtuB1O7S4GLxzgl+2t4gK/+dskxFtwoJUbYjCtQ+lYnBEo2BX/LUfZum5v2hZ2ZRo37UnDkaRFgQJgWRl6EAhSgAAUoEBSoLBi8bqAFl/VPT1CzceZdqPfHc2Hs6z0dcOXm7yu+p5ZYjjxelqb2zZ0yEvHeE1UT8obXnFBlJiJbh6YmvHaNHarUBJtxBbw//g3uhU+EAWh1OsBxwULjonDkFEiDAAPCNCDyEhSgAAUoQAEl8OwsD8ZLrb9YLV3BoJpFe3b6Xozc3hW1TXvCbvXMrgcxad+1+vfU0kqVtCZWbcZce1qqNMgtsvR30bpgoqDQZpLZoEm3O6D2erIZWyCwawlKPzhSEA4kloGlNoqHbzY2DEdPgWoKMCCsJiBPpwAFKEABCiiBxz/x4L0fvDET3Fw5wIKrZKauOk3Nm30kiXTGzHSjr+kt/KnhzWGXc/odGLZxERy16uIvZ9nQp1NuLw8t77xPBqYSyPywKnYw+OCF3DdYnfem0M4teaMF4C77RYhKMCPNce6PUpOwW6ENleOhQI0JMCCsMWreiAIUoAAFClXgnolufLnMF9zaJAFO2b9T9eFefqwF10rB9+q0tdv8uP9DN37bEFxO+UST03CIXdVkO9A+2X8ZNnZ7Sg88i6p3u+p0tUrnqtH88303Zi6O3m+p9n0+cokdR3fkOtEqoRb4waXvHS77Z8NrD9oOvxuWXvcV+Mg5PApkToABYeZseWUKUIACFDCAwJgZHrz5bcQy0bKEFxcebcatg1MvoK6WUr48x4O35Pq+sgm0tpYleKn5sUHZijr0GrYf/y3adOyRV+KPTvNIjcbYS2wfuMCGE3I8CU5eYRdIZ10fD4Zv09yw0ZhanoCiwVKSgo0CFEhJgAFhSmw8iQIUoAAFKAA8JcHgxMhgUMVpEqgNk6yYN5+S+lTddyt9eHiqB1uktEZoe7rpSehi+yXkWwGYmhyNojNm59Ujee0LL16SYDdWu+s0K845MkP1QPJKiZ2NFPBIUhnPD/eGTMPL+9/8eBSdOo1YFKBAigIMCFOE42kUoAAFKGBcARWiPTTFjY/mRy91VMHgqYeZce85qc0MbtsbwBOyH3HOkthlKz5q2RJWU3ggZe37KKzdr8ubBzJV9kI+NFXSisZoKivqSNlzyUaBWAL+zXPh/GhQ8EdluWVMDQ5F0TnfEowCFEhRgAFhinA8jQIUoAAFjCmwqwQY9YoL63f4EYgo/K5EjupgwpOX2auM45dA8t3vvXhxtgelsSfO9Gt+1LoVrAgPphznfA+twcFVvmc2TnDJCtEzHyuFKjMR2dSsoJodZKNAPIFA6WaoeoRhzWRD8YgdRKMABVIUYECYIhxPowAFKEABYwoMk8Lp63YcWMZZtl1Qx7h9iBXn96767NbSjX78e7IbK7dE1+ArV7ZK0tDhx1oxbNMhwP71YfiO8+dDq3tQXjwQNfP513eio8GTDzHj7+fZYmZpzYuBsZM1JlAytiHgj/ilyEXLoRVLBlI2ClCgygIMCKtMxhMoQAEKUMCoApPnefHfj8Kn79QSUVUr72+yRHTQoVUr9bDfBTz3mSRW+dFbkR8mlu3hbU2492wrWtQ3IVaWxXwKCL2SHOfC0U5slaWx5a23ZBJ99GIWnjfqf1dVHbdzcn/4ty8IO03tITQ1H1DVS/F4ClBABBgQ8jWgAAUoQAEKJCGgljhe9LQTO/dHzOLJX/9zUdVr5c1Y5MNTn7qxY3/8mzeQYuw3D5JAs8eBQDPfA0I12iVlM6KrZEa070EmPHihHfaqT6wm8dR4SCEKuD4fAd/v74UNzdbvKVi6XlmIw+WYKJBxAQaEGSfmDShAAQpQoBAEHvvYgw9kJi+y3TLIiqF9ko9m1LLQO8e7sG1f/OWh6h7nHmXBdQOtqBWxHbEQAkI1PrVncs22ADo0KcsMUggvCcdQIwKeef+CZ8F/w+5l7XErrL0frJH78yYUKDQBBoSF9kQ5HgpQgAIUSLvAjIU+/HOSO2xZpwpjVJ08VS8vmeaRpKFvfePF85I0prLWrrGGv55lw8GtYhdkL5SAMBkzHkOBWALelW/C/cU1YT8ytz0d9pMmEowCFEhBgAFhCmg8hQIUoAAFjCPglkBu0MOl8IZUgVD7BhvXAd680YHiJOLBn1b78bCUqdiwU06MMyHmkOSaV51gxYUy22iuZNKMAaFx3j2ONLaAf+v3cE4dGPZDrX43OM79kWQUoEAKAgwIU0DjKRSgAAUoYByBZ2Z5MOHr8KWiKiBU+wYHdK08icz2fcBo2Sc4a3HsmoLlisfJde481SpBZuLlkwwIjfPucaRxBFzbUTKhXfgPNROKr9hDMgpQIAUBBoQpoPEUClCAAhQwhoCqOXjh6NKouoBNJHD74LaiuAg+CRjfk5qCL33uiaq3F1qmQq1BvUIKsV99fPJ7EBkQGuPd4ygrFygZ1xzwym9cQprjwsXQakcEioSkAAUSCjAgTEjEAyhAAQpQwKgCj0iJiQ+l1ERoUwHdS1cVoXvL2LN5v64P1hRcLQlT4jU1w9imkQn3y/7Dzs0SzwqGXocBoVHfRo47VMA59QT4t4YvEbUPngxzy/ClpFSjAAUSCzAgTGzEIyhAAQpQwIACv28NYPhzzqiRn3GEGfecEb1xcHcpMGaGG9MWVL48tHk9TUpJWHF8t6rVLCzviB4Q7l6BgKap2lH6tx0XLMibwvQGfJU45AwIuL64Gr6Vb4Vd2XbM47B0uzYDd+MlKVDYAgwIC/v5cnQUoAAFKJCiwA1jXfhljV/PLCqxl95Urbz3bnWgfvGBi6qff/iTZA+VAvN7o+PHigNtEv9d2t+C4f2tsCW/QjSq96VvtkPAuT3k+wE4zmdAmOJj5ml5KuCZ/xA8Pz8Q1nvLwTfA1ie8HEWeDo/dpkCNCjAgrFFu3owCFKAABfJB4O3vvPjfdI8eCOqTcPJVxYTXnmjF5cceiOaWbgzg4akuLNtUeU1BlXzmlsFWqNnB6raS1+pJp8JnIe3HvQDzQZdU99I8nwJ5I+Bb9Q5cc8IL0ZtbD4L9lPfzZgzsKAVyRYABYa48CfaDAhSgAAVyRmDII6XYFzHb17CWhndvLYKa6Zu/NoDR0xMHgm0aarjjNBt6d4hdUzCVAZe+3kTiQVmfqlrZklGtVitZNroQMEdUsU/lBjyHAnkg4N/+M5yTjwvrqVa3kz5bzkYBClRNgAFh1bx4NAUoQAEKFLiAzw8MeLA0qlzgSMkG6vMHMHORD+t2BCqWkcbiUEtLr5LjL+orNQXTFwvqt1KzImp2RKJB/f8HOxKAqcXxKBoyrcCfDodHgTIBz16UvNEinEOVnhixU/6bSG1/Lm0pYFQBBoRGffIcNwUoQAEKxBRYssGPq1926T/zS3AICeg0VU++bLVnWNmIGFcYcpgZ159kQ6PaGQIO+OH8sB/8O2RGsLxTZbcytz0d9uNfASy1MnRzXpYCuSNQMqGt/IZkR1iHHOd8D63BwbnTSfaEAnkgwIAwDx4Su0gBClCAAjUn8I7UD3xS9g+Wt8hdf2qVZkQcph/avrGGuyX76GFt0jwlGGPo/u3zZblcf/lJ9J5ErX43FJ38NrQ6HWsOjXeiQBYESt/qhEDp5rA7W4+6H9ZDb89Cb3hLCuSvAAPC/H127DkFKEABCmRA4PIXnFhZliQmVuCn3zJimvDSfhaMGmiFqfo5Y5IekWvGefCt+zTi+LLkNrKX0Nr737B2vy7p6/FACuSbgPP9XvDvXhbWbVvPe2A54t58Gwr7S4GsCjAgzCo/b04BClCAArkmcNJ/SuEKr0Ufs4sdmprQrYUmmUdtaFInC6OQpaOuT8+Gb8PskJuHR6rmpn1hlTT8psa9stBB3pICmRVwzbwQvrWyb7ZiPXcA9hNehbnj0MzemFenQIEJMCAssAfK4VCAAhSgQPUEhvy3NFhPUDYOSun3sIsd0tqEkw4246RDLJnbI1jF7qtZQtfs4YB3f9wzVTp+q8yaMDCsIi4Pz2kB9d77VkuZiZDfg9hPHAdz+/Nyut/sHAVyTYABYa49EfaHAhSgAAWyKvD6XCkyP0v2EAaTd+qtVQMNT42wo1ndGlwTWgWFwM7FcE4bgoBbMixW0sytB0tg+FcGhlWw5aG5KxAMCD8I66D9xNcZEObuI2PPclSAAWGOPhh2iwIUoAAFsidQ4gamzPdivZSXOLOnBZ2b52YgGCa0fy1K3pOlob6IAooxGM2tToH1yL/D1Khn9pB5ZwpUU4ABYTUBeToFygQYEPJVoAAFKEABChSKQMAL95yR8P3xMQLesuL1lc0Ytjk1uJS00eGFIsBxGEiAAaGBHjaHmlEBBoQZ5eXFKUABClCAAlkQ8HvgXf46PAseQWD/uoQdMDMwTGjEA3JPwDnlePi3/RTWMVv/0bB0GZl7nWWPKJDDAgwIc/jhsGsUoAAFKECBagn43fAuk8DwFxUYrk94KQaGCYl4QK4IyLtd8kbLqCXSlm5Xw3bMk7nSS/aDAnkhwIAwLx4TO0kBClCAAhSohoAeGI6VwPDRJAPD04LJZ7iUtBroPDWTAt7fnof7mzsOlJwou5l94HiY252dyVvz2hQoOAEGhAX3SDkgClCAAhSgQByB8sBQLSUt2ZCQydyGgWFCJB5Q8wKSOKnk7YOB0s3BbMBl5WE0R1M4hq2s+HvNd4x3pEB+CjAgzM/nxl5TgAIUoAAFUhfQA8PXZI+hzBgmExi2PR22Xn+D1qBH6vfkmRRIk4D7x/vgXfh42dUCUh0mWDHUccFCaHU6pOkuvAwFjCPAgNA4z5ojpQAFKEABCoQLVDkwPEMCw3sZGPI9yp6AcytK3uwo9y8rElrWE8tBl8J23PPZ6xfvTIE8FmBAmMcPj12nAAUoQAEKpEVABYZLXw3uMSzZmPCS5rYMDBMi8YCMCLg+PQe+9TPDr62Z4LjwN2i1WmXknrwoBQpdgAFhoT9hjo8CFKAABSiQrIAeGL4igeFjyQWG7c6ETZLPcClpssA8rloC7l0omdBeJge9YZcxNe2DotNnVevSPJkCRhZgQGjkp8+xU4ACFKAABWIJ+Fyyx1BmDNUew9JNCY3M7c6SwPAvDAwTSvGA6gh4fn4Anp//E7yEpmeTkRaA45zv5d07pDqX5rkUMLQAA0JDP34OngIUoAAFKFCJgAoMy2cMGRjyVcmmgHs3SiZ2Abz7JQYs2z8oMaG508WwD3gpmz3jvSmQ9wIMCPP+EXIAFKAABShAgcwLeH99JrjHsHRLJTcL/kNdszeE9dDbYOl+HWCplfnO8Q4FL+CZd7/MWD8cPk6TFY6hS6A5mhX8+DlACmRSgAFhJnV5bQpQgAIUoECBCXh/fVYCQ6ljGBkYqlmbimV8ZYOWYNDSaSisB18Prb7UjWOjQCoCobODIedbuo+Cre9jqVyR51CAAiECDAj5OlCAAhSgAAUoUGUB72/PyYyNCgylOLje1Oxg+b6u6MuZmvWDtfu1MHe4oMr34gnGFvDM+5e8a/8NR+DsoLFfCo4+rQIMCNPKyYtRgAIUoAAFjCWgAkP3fPnHugoMI2cIY1EUNYW1y3BYul0jZQJaGwuLo626QNzZwetkdvDRql+PZ1CAAlECDAj5UlCAAhSgAAUoUD0BXyncssfLu/hpmSj0J30tc9vTJTC8GuZWpyR9Dg80loB79sXwrp4SPmjODhrrJeBoMy7AgDDjxLwBBShAAQpQwCACEgx6Fv0P/g2fw7fhMxl0WTbIBMPX6nTQA0Nr5+GAJKRho4AuIJltS946KArDIntSbX0eIRIFKJAmAQaEaYLkZShAAQpQgAIUOCAQ2L8O3iUvwrPsdcC5NTkasx2WDufry0lNTXondw6PKlgBz/f3wKNmncOaBsewFcwsWrBPnQPLhgADwmyo854UoAAFKEABowj4PfCtngTPkpfg3zw36VGbGh0ugeG1epZSmB1Jn8cDC0fANXu4vDsfhIeDjY6A46wvC2eQHAkFckCAAWEOPAR2gQIUoAAFKGAEgcDuZfD89gK8KyYAnj3JDdlWD5aDLtUzlGp1o5cPJncRHpWPAs4px8O/7ceyBLYqg21AitC/KsXo5ZcEbBSgQNoEGBCmjZIXogAFKEABClAgKQFJQuNdOVFfUurfviCpU9RBphYnSGB4DVQyGmiWpM/jgXkoEPCiZGwjiQF9eiAYbLJcdOhSyU7bKg8HxC5TIHcFGBDm7rNhzyhAAQpQgAIFL+Df+qMeGHp/fw/wOZMar1bcApauV8rnKu4lS0os/w7yb/4azmmDwjtub4TiS9bk32DYYwrkuAADwhx/QOweBShAAQpQwBAC7l3wLh8new1fRmDPiuSGrJlltvAMfdZQzR6yFY6AZ+GT8Px4b9iAzO3Ogn2gLDdmowAF0irAgDCtnLwYBShAAQpQgALVFfBvmK0nofGtnVq2ZDDxFbV6XWCV0hWWzpcB1rqJT+AROS3gmjUs+PxDmvWoB2A99Lac7jc7R4F8FGBAmI9PjX2mAAUoQAEKGEAgULoZ3qWvyOdVBEo2JDdiyUiqMpNapVad1qBHcufwqJwTKBnXBPCWhvWr6LTpMDXrn3N9ZYcokO8CDAjz/Qmy/xSgAAUoQIFCF5DEIr610/S9hsGC98k1VctQ1TRUtQ0hNQ7Z8kMgsGcVSt87LKKzARRfvo0lSPLjEbKXeSbAgDDPHhi7SwEKUIACFDCyQGDv7xIYvgSP7DeEa0dyFPaGsHYeDkv3UdBqt03uHB6VNQHfyrfg+uLqsPtrlmI4hm/JWp94YwoUsgADwkJ+uhwbBShAAQpQoFAFfC4pWv5+sOD9lu+SHqW51ckSGF4Lc+shUsXAlPR5PLDmBHyr34Prs8vl+ajag8GmNTwcjrPn1lwneCcKGEiAAaGBHjaHSgEKUIACFChEgcDORVLwXkpXyMwSvPuTGqJWq40sJ70K1i5XAEWNkzqHB9WMgHfx03B//39lBenlnlKGUC39tfV7smY6wLtQwGACDAgN9sA5XApQgAIUoEDBCnj26kGhmjUM7Fyc3DBNVpjbnyMZSqV0RbN+yZ3DozIq4P7hr/Au+l/YPay9/g7r4X/K6H15cQoYVYABoVGfPMdNAQpQgAIUKGAB/5ZvZNZQSles/gDwu5MaqdbgkGDpioMukSmpWkmdw4PSL+CacyV8q94Ju7DtuOfluVya/pvxihSgABgQ8iWgAAUoQAEKUKBwBZzb9AQ03qVS8H7v6uTGaaktwcfFUvD+Wmj1uyd3Do9Km4Bz2iD4N38ddr2iwZNhajkwbffghShAgQMCDAj5NlCAAhSgAAUoYACBAHzrZ8Irew196z6RfWn+pMaslpGq5aRqWSlkeSlb5gVK3+0RFbw7zv1RgvNumb8570ABAwowIDTgQ+eQKUABClCAAkYWCJRs1EtXeJe9hkDp5uQoippKAprLJbnJ1dBqtU7uHB6VkkDJa/UkYPeFnVt82QbAWjel6/EkClCgcgEGhHxDKEABClCAAhQwpkDAC9+aKcHSFRvnJGcgpSpUyQq9dEWrk+ScA6URkrsAj6pUwLUdJRPahR9idkhR+q2EowAFMiTAgDBDsLwsBShAAQpQgAL5IxDYsyJYumLFeMC9K6mOa3U66DOGqug97A2TOocHVS7glxIizkl9ww7S6naG4/yfSUcBCmRIgAFhhmB5WQpQgAIUoAAF8lDA54RXMlx6l7wI/7Z5yQ3AbIelw/l6rTxTk97JncOjYgr41n0K14zzwn5manECioZMpRgFKJAhAQaEGYLlZSlAAQpQgAIUyG8B/45f4P31OT1AhK80qcGYGh0ugeG1sHQaCshSR7aqCah9ne65N4WdZOl0MWwDXqzahXg0BSiQtAADwqSpeCAFKEABClCAAoYU8OyBd/kbstdQSlfsXpocga2eXjdPL11R96DkzuFR8Mz/Nzw//ztMwnrYnbAe+U/qUIACGRJgQJghWF6WAhSgAAUoQIHCE/Bv+iJY8H7NZMmE6U1qgGrJo7W7lK5oe7rkoLEkdY5RD1Kzg2qWMLTZ+j4mSXxGGZWE46ZAxgUYEGacmDegAAUoQAEKUKDgBJxb4Fk6Nljwfv+6pIanFbeApeuV8rkKmqNZUucY7SDXp+dKvcgZYcO2D3wT5nZnGo2C46VAjQkwIKwxat6IAhSgAAUoQIGCE5AC97510/UkNL51KpAJJB6iZtYDHKtkKFWzh2wHBEolw2hAMo2GtqIz58DU+EgyUYACGRJgQJghWF6WAhSgAAUoQAFjCQT2rdUL3nuWvw44tyU1eK1eFz0wtHS+jIXXRaxkXBPAG57Ax3HRcqjZVTYKUCAzAgwIM+PKq1KAAhSgAAUoYGAB38q39CQ0/i3fJKGgZhVNMEnQY+o0DFbJUKo16JHEeQV2iGubFKVvHzGoAIqv3Cff0wpssBwOBXJHgAFh7jwL9oQCFKAABShAgQITCOz6TZLQPC8F79+Uma/9SY9Oq9Ua5taDYW4jH7Ws1FKc9Ln5eqB3yQtwf3NHePdNFhSP2JWvQ2K/KZAXAgwI8+IxsZMUoAAFKEABCuS1gASD3pVvy5LSF+DfsTBkKGp2MMHsl8kGc/NjJUAcpAeIWt3OeU0Rr/OumRfA98fHYR6qrmPRWXMLcrwcFAVyRYABYa48CfaDAhSgAAUoQAFDCPi3fi+zhpKEZqXMGupJaKq2HFKr0+HA7GHzAYDZnv9unr2yXLQt4HOHcdhPnABz+7Pzf3wcAQVyWIABYQ4/HHaNAhSgAAUoQIECFnDtgGfhE/Asfhrwe1IbqASD5pYnwtzqFJk9HAKtdrvUrpPls3yrJsI156rwXtgaoPiS1RIgmrPcO96eAoUtwICwsJ8vR0cBClCAAhSgQB4IqKWS/m0/ynLSRfBt+LxK+w1Dh6fV66ovK7XI8lJTs/6Sq8aaB6MHXJ9dDN+aKWF9tXS5Arb+EiyzUYACGRVgQJhRXl6cAhSgAAUoQAEKVFFAZgv9m76Ed92nsqduOgJ7llfxAmWHW2rLzKHMHurJaWT20NE8tetk+ixfKUrGt5Hlos6wOxUNngxTy4GZvjuvTwHDCzAgNPwrQAAKUIACFKAABXJZQNU39P0xTQrfS4C48YuowCnZvpuklIWetVQCRFPTPjmzFNO37DW45t4UPgwuF032sfI4ClRbgAFhtQl5AQpQgAIUoAAFKFBDAj6XBIVzJDicrn8Ce1endmNbfZk9PEkPDi2tTwGKpCB8TTeZCfUsHgPPT3+X3Dq+sLtbuo6Erd/omu4R70cBQwowIDTkY+egKUABClCAAhQoBIHA7mV6YKiWl/o3fZVychpT417BpaVq9rDJkUJTtcynVbX0rfkQ7u//gsC+NRIMSqZVLfx+RSdNgKntWVW9LI+nAAVSEGBAmAIaT6EABShAAQpQgAI5JyC1Dn0bZgdnD9Xew5INqXWxqLGetVTNHJrV7KEs30xXC+xeCte3f4J/w2cHLhkjICy+dJ3ct366bsvrUIAClQgwIOTrQQEKUIBUhxVTAAAYr0lEQVQCFKAABQpQwL/jFwkOZ+h7D/2bUynurmokyuSdBGaazCCaGh4GTZaWao6m0IqbQ7M3DP7Z0SzxfkT3brh/+ie8S/6/vbtnrbMOAzj8b9IkopNE0EVQ3BSKL6iD4HcQXPwQjkLHguDg7iAOjm6OTjo4CuKgLg5FEERpbQpdjG2a4/OcSq2QF4qntD2/qyDpEJ/kvu57+XGanE+mJ9567h1F+M9f51cJF2P73Hvj7CsX1nAjRiLwYAoIwgdzL74rAgQIECBAgMDqBG5cGzd//WoZhwe/fDG9z8OVk599xKt2J/4PczTOsfjok9PHJ/4Nx53d6a00vh8HP38+xvQ9HPtn+nobjz8/dt78eJzZfXl1c3sSAQKnCgjCU4l8AgECBAgQIEBgvQQO//huCsTp1cP5/Q8vf3vEcPOreP/z5wiXUTk/+uTnnHns6bH92gdj85m31gvZNAQeEgFB+JAsyrdJgAABAgQIELgnAn/t3XrlcPmbS78c4/rV6cusKghPiMHNR8bWi+fH1gvvjrG5c09G81ACBE4XEISnG/kMAgQIECBAgEBG4PDSN+Pg4mfj5k+fTr8A9L9vB3F3CMdH5dnn3hlbr74//fzhU3f3SJ9NgMDKBQThykk9kAABAgQIECCwBgKLg+m3gX49Dq9dXP6rz8X+lek3l/4+fbw8Fn9O/+1fWn489mcD538yOv+54y0lNnbPje03Phobuy+tAZARCKyHgCBcjz2aggABAgQIECBwfwSmcLwdivt7099/ux2Lh3s/jsXVH5ZRuPns22P79Q/nQrw/36evSoDAkQKC0GEQIECAAAECBAgQIEAgKiAIo4s3NgECBAgQIECAAAECBAShGyBAgAABAgQIECBAgEBUQBBGF29sAgQIECBAgAABAgQICEI3QIAAAQIECBAgQIAAgaiAIIwu3tgECBAgQIAAAQIECBAQhG6AAAECBAgQIECAAAECUQFBGF28sQkQIECAAAECBAgQICAI3QABAgQIECBAgAABAgSiAoIwunhjEyBAgAABAgQIECBAQBC6AQIECBAgQIAAAQIECEQFBGF08cYmQIAAAQIECBAgQICAIHQDBAgQIECAAAECBAgQiAoIwujijU2AAAECBAgQIECAAAFB6AYIECBAgAABAgQIECAQFRCE0cUbmwABAgQIECBAgAABAoLQDRAgQIAAAQIECBAgQCAqIAijizc2AQIECBAgQIAAAQIEBKEbIECAAAECBAgQIECAQFRAEEYXb2wCBAgQIECAAAECBAgIQjdAgAABAgQIECBAgACBqIAgjC7e2AQIECBAgAABAgQIEBCEboAAAQIECBAgQIAAAQJRAUEYXbyxCRAgQIAAAQIECBAgIAjdAAECBAgQIECAAAECBKICgjC6eGMTIECAAAECBAgQIEBAELoBAgQIECBAgAABAgQIRAUEYXTxxiZAgAABAgQIECBAgIAgdAMECBAgQIAAAQIECBCICgjC6OKNTYAAAQIECBAgQIAAAUHoBggQIECAAAECBAgQIBAVEITRxRubAAECBAgQIECAAAECgtANECBAgAABAgQIECBAICogCKOLNzYBAgQIECBAgAABAgQEoRsgQIAAAQIECBAgQIBAVEAQRhdvbAIECBAgQIAAAQIECAhCN0CAAAECBAgQIECAAIGogCCMLt7YBAgQIECAAAECBAgQEIRugAABAgQIECBAgAABAlEBQRhdvLEJECBAgAABAgQIECAgCN0AAQIECBAgQIAAAQIEogKCMLp4YxMgQIAAAQIECBAgQEAQugECBAgQIECAAAECBAhEBQRhdPHGJkCAAAECBAgQIECAgCB0AwQIECBAgAABAgQIEIgKCMLo4o1NgAABAgQIECBAgAABQegGCBAgQIAAAQIECBAgEBUQhNHFG5sAAQIECBAgQIAAAQKC0A0QIECAAAECBAgQIEAgKiAIo4s3NgECBAgQIECAAAECBAShGyBAgAABAgQIECBAgEBUQBBGF29sAgQIECBAgAABAgQICEI3QIAAAQIECBAgQIAAgaiAIIwu3tgECBAgQIAAAQIECBAQhG6AAAECBAgQIECAAAECUQFBGF28sQkQIECAAAECBAgQICAI3QABAgQIECBAgAABAgSiAoIwunhjEyBAgAABAgQIECBAQBC6AQIECBAgQIAAAQIECEQFBGF08cYmQIAAAQIECBAgQICAIHQDBAgQIECAAAECBAgQiAoIwujijU2AAAECBAgQIECAAAFB6AYIECBAgAABAgQIECAQFRCE0cUbmwABAgQIECBAgAABAoLQDRAgQIAAAQIECBAgQCAqIAijizc2AQIECBAgQIAAAQIEBKEbIECAAAECBAgQIECAQFRAEEYXb2wCBAgQIECAAAECBAgIQjdAgAABAgQIECBAgACBqIAgjC7e2AQIECBAgAABAgQIEBCEboAAAQIECBAgQIAAAQJRAUEYXbyxCRAgQIAAAQIECBAgIAjdAAECBAgQIECAAAECBKICgjC6eGMTIECAAAECBAgQIEBAELoBAgQIECBAgAABAgQIRAUEYXTxxiZAgAABAgQIECBAgIAgdAMECBAgQIAAAQIECBCICgjC6OKNTYAAAQIECBAgQIAAAUHoBggQIECAAAECBAgQIBAVEITRxRubAAECBAgQIECAAAECgtANECBAgAABAgQIECBAICogCKOLNzYBAgQIECBAgAABAgQEoRsgQIAAAQIECBAgQIBAVEAQRhdvbAIECBAgQIAAAQIECAhCN0CAAAECBAgQIECAAIGogCCMLt7YBAgQIECAAAECBAgQEIRugAABAgQIECBAgAABAlEBQRhdvLEJECBAgAABAgQIECAgCN0AAQIECBAgQIAAAQIEogKCMLp4YxMgQIAAAQIECBAgQEAQugECBAgQIECAAAECBAhEBQRhdPHGJkCAAAECBAgQIECAgCB0AwQIECBAgAABAgQIEIgKCMLo4o1NgAABAgQIECBAgAABQegGCBAgQIAAAQIECBAgEBUQhNHFG5sAAQIECBAgQIAAAQKC0A0QIECAAAECBAgQIEAgKiAIo4s3NgECBAgQIECAAAECBAShGyBAgAABAgQIECBAgEBUQBBGF29sAgQIECBAgAABAgQICEI3QIAAAQIECBAgQIAAgaiAIIwu3tgECBAgQIAAAQIECBAQhG6AAAECBAgQIECAAAECUQFBGF28sQkQIECAAAECBAgQICAI3QABAgQIECBAgAABAgSiAoIwunhjEyBAgAABAgQIECBAQBC6AQIECBAgQIAAAQIECEQFBGF08cYmQIAAAQIECBAgQICAIHQDBAgQIECAAAECBAgQiAoIwujijU2AAAECBAgQIECAAAFB6AYIECBAgAABAgQIECAQFRCE0cUbmwABAgQIECBAgAABAoLQDRAgQIAAAQIECBAgQCAqIAijizc2AQIECBAgQIAAAQIEBKEbIECAAAECBAgQIECAQFRAEEYXb2wCBAgQIECAAAECBAgIQjdAgAABAgQIECBAgACBqIAgjC7e2AQIECBAgAABAgQIEBCEboAAAQIECBAgQIAAAQJRAUEYXbyxCRAgQIAAAQIECBAgIAjdAAECBAgQIECAAAECBKICgjC6eGMTIECAAAECBAgQIEBAELoBAgQIECBAgAABAgQIRAUEYXTxxiZAgAABAgQIECBAgIAgdAMECBAgQIAAAQIECBCICgjC6OKNTYAAAQIECBAgQIAAAUHoBggQIECAAAECBAgQIBAVEITRxRubAAECBAgQIECAAAECgtANECBAgAABAgQIECBAICogCKOLNzYBAgQIECBAgAABAgQEoRsgQIAAAQIECBAgQIBAVEAQRhdvbAIECBAgQIAAAQIECAhCN0CAAAECBAgQIECAAIGogCCMLt7YBAgQIECAAAECBAgQEIRugAABAgQIECBAgAABAlEBQRhdvLEJECBAgAABAgQIECAgCN0AAQIECBAgQIAAAQIEogKCMLp4YxMgQIAAAQIECBAgQEAQugECBAgQIECAAAECBAhEBQRhdPHGJkCAAAECBAgQIECAgCB0AwQIECBAgAABAgQIEIgKCMLo4o1NgAABAgQIECBAgAABQegGCBAgQIAAAQIECBAgEBUQhNHFG5sAAQIECBAgQIAAAQKC0A0QIECAAAECBAgQIEAgKiAIo4s3NgECBAgQIECAAAECBAShGyBAgAABAgQIECBAgEBUQBBGF29sAgQIECBAgAABAgQICEI3QIAAAQIECBAgQIAAgaiAIIwu3tgECBAgQIAAAQIECBAQhG6AAAECBAgQIECAAAECUQFBGF28sQkQIECAAAECBAgQICAI3QABAgQIECBAgAABAgSiAoIwunhjEyBAgAABAgQIECBAQBC6AQIECBAgQIAAAQIECEQFBGF08cYmQIAAAQIECBAgQICAIHQDBAgQIECAAAECBAgQiAoIwujijU2AAAECBAgQIECAAAFB6AYIECBAgAABAgQIECAQFRCE0cUbmwABAgQIECBAgAABAoLQDRAgQIAAAQIECBAgQCAqIAijizc2AQIECBAgQIAAAQIEBKEbIECAAAECBAgQIECAQFRAEEYXb2wCBAgQIECAAAECBAgIQjdAgAABAgQIECBAgACBqIAgjC7e2AQIECBAgAABAgQIEBCEboAAAQIECBAgQIAAAQJRAUEYXbyxCRAgQIAAAQIECBAgIAjdAAECBAgQIECAAAECBKICgjC6eGMTIECAAAECBAgQIEBAELoBAgQIECBAgAABAgQIRAUEYXTxxiZAgAABAgQIECBAgIAgdAMECBAgQIAAAQIECBCICgjC6OKNTYAAAQIECBAgQIAAAUHoBggQIECAAAECBAgQIBAVEITRxRubAAECBAgQIECAAAECgtANECBAgAABAgQIECBAICogCKOLNzYBAgQIECBAgAABAgQEoRsgQIAAAQIECBAgQIBAVEAQRhdvbAIECBAgQIAAAQIECAhCN0CAAAECBAgQIECAAIGogCCMLt7YBAgQIECAAAECBAgQEIRugAABAgQIECBAgAABAlEBQRhdvLEJECBAgAABAgQIECAgCN0AAQIECBAgQIAAAQIEogKCMLp4YxMgQIAAAQIECBAgQEAQugECBAgQIECAAAECBAhEBQRhdPHGJkCAAAECBAgQIECAgCB0AwQIECBAgAABAgQIEIgKCMLo4o1NgAABAgQIECBAgAABQegGCBAgQIAAAQIECBAgEBUQhNHFG5sAAQIECBAgQIAAAQKC0A0QIECAAAECBAgQIEAgKiAIo4s3NgECBAgQIECAAAECBAShGyBAgAABAgQIECBAgEBUQBBGF29sAgQIECBAgAABAgQICEI3QIAAAQIECBAgQIAAgaiAIIwu3tgECBAgQIAAAQIECBAQhG6AAAECBAgQIECAAAECUQFBGF28sQkQIECAAAECBAgQICAI3QABAgQIECBAgAABAgSiAoIwunhjEyBAgAABAgQIECBAQBC6AQIECBAgQIAAAQIECEQFBGF08cYmQIAAAQIECBAgQICAIHQDBAgQIECAAAECBAgQiAoIwujijU2AAAECBAgQIECAAAFB6AYIECBAgAABAgQIECAQFRCE0cUbmwABAgQIECBAgAABAoLQDRAgQIAAAQIECBAgQCAqIAijizc2AQIECBAgQIAAAQIEBKEbIECAAAECBAgQIECAQFRAEEYXb2wCBAgQIECAAAECBAgIQjdAgAABAgQIECBAgACBqIAgjC7e2AQIECBAgAABAgQIEBCEboAAAQIECBAgQIAAAQJRAUEYXbyxCRAgQIAAAQIECBAgIAjdAAECBAgQIECAAAECBKICgjC6eGMTIECAAAECBAgQIEBAELoBAgQIECBAgAABAgQIRAUEYXTxxiZAgAABAgQIECBAgIAgdAMECBAgQIAAAQIECBCICgjC6OKNTYAAAQIECBAgQIAAAUHoBggQIECAAAECBAgQIBAVEITRxRubAAECBAgQIECAAAECgtANECBAgAABAgQIECBAICogCKOLNzYBAgQIECBAgAABAgQEoRsgQIAAAQIECBAgQIBAVEAQRhdvbAIECBAgQIAAAQIECAhCN0CAAAECBAgQIECAAIGogCCMLt7YBAgQIECAAAECBAgQEIRugAABAgQIECBAgAABAlEBQRhdvLEJECBAgAABAgQIECAgCN0AAQIECBAgQIAAAQIEogKCMLp4YxMgQIAAAQIECBAgQEAQugECBAgQIECAAAECBAhEBQRhdPHGJkCAAAECBAgQIECAgCB0AwQIECBAgAABAgQIEIgKCMLo4o1NgAABAgQIECBAgAABQegGCBAgQIAAAQIECBAgEBUQhNHFG5sAAQIECBAgQIAAAQKC0A0QIECAAAECBAgQIEAgKiAIo4s3NgECBAgQIECAAAECBAShGyBAgAABAgQIECBAgEBUQBBGF29sAgQIECBAgAABAgQICEI3QIAAAQIECBAgQIAAgaiAIIwu3tgECBAgQIAAAQIECBAQhG6AAAECBAgQIECAAAECUQFBGF28sQkQIECAAAECBAgQICAI3QABAgQIECBAgAABAgSiAoIwunhjEyBAgAABAgQIECBAQBC6AQIECBAgQIAAAQIECEQFBGF08cYmQIAAAQIECBAgQICAIHQDBAgQIECAAAECBAgQiAoIwujijU2AAAECBAgQIECAAAFB6AYIECBAgAABAgQIECAQFRCE0cUbmwABAgQIECBAgAABAoLQDRAgQIAAAQIECBAgQCAqIAijizc2AQIECBAgQIAAAQIEBKEbIECAAAECBAgQIECAQFRAEEYXb2wCBAgQIECAAAECBAgIQjdAgAABAgQIECBAgACBqIAgjC7e2AQIECBAgAABAgQIEBCEboAAAQIECBAgQIAAAQJRAUEYXbyxCRAgQIAAAQIECBAgIAjdAAECBAgQIECAAAECBKICgjC6eGMTIECAAAECBAgQIEBAELoBAgQIECBAgAABAgQIRAUEYXTxxiZAgAABAgQIECBAgIAgdAMECBAgQIAAAQIECBCICgjC6OKNTYAAAQIECBAgQIAAAUHoBggQIECAAAECBAgQIBAVEITRxRubAAECBAgQIECAAAECgtANECBAgAABAgQIECBAICogCKOLNzYBAgQIECBAgAABAgQEoRsgQIAAAQIECBAgQIBAVEAQRhdvbAIECBAgQIAAAQIECAhCN0CAAAECBAgQIECAAIGogCCMLt7YBAgQIECAAAECBAgQEIRugAABAgQIECBAgAABAlEBQRhdvLEJECBAgAABAgQIECAgCN0AAQIECBAgQIAAAQIEogKCMLp4YxMgQIAAAQIECBAgQEAQugECBAgQIECAAAECBAhEBQRhdPHGJkCAAAECBAgQIECAgCB0AwQIECBAgAABAgQIEIgKCMLo4o1NgAABAgQIECBAgAABQegGCBAgQIAAAQIECBAgEBUQhNHFG5sAAQIECBAgQIAAAQKC0A0QIECAAAECBAgQIEAgKiAIo4s3NgECBAgQIECAAAECBAShGyBAgAABAgQIECBAgEBUQBBGF29sAgQIECBAgAABAgQICEI3QIAAAQIECBAgQIAAgaiAIIwu3tgECBAgQIAAAQIECBAQhG6AAAECBAgQIECAAAECUQFBGF28sQkQIECAAAECBAgQICAI3QABAgQIECBAgAABAgSiAoIwunhjEyBAgAABAgQIECBAQBC6AQIECBAgQIAAAQIECEQFBGF08cYmQIAAAQIECBAgQICAIHQDBAgQIECAAAECBAgQiAoIwujijU2AAAECBAgQIECAAAFB6AYIECBAgAABAgQIECAQFRCE0cUbmwABAgQIECBAgAABAoLQDRAgQIAAAQIECBAgQCAqIAijizc2AQIECBAgQIAAAQIEBKEbIECAAAECBAgQIECAQFRAEEYXb2wCBAgQIECAAAECBAgIQjdAgAABAgQIECBAgACBqIAgjC7e2AQIECBAgAABAgQIEBCEboAAAQIECBAgQIAAAQJRAUEYXbyxCRAgQIAAAQIECBAgIAjdAAECBAgQIECAAAECBKICgjC6eGMTIECAAAECBAgQIEBAELoBAgQIECBAgAABAgQIRAUEYXTxxiZAgAABAgQIECBAgIAgdAMECBAgQIAAAQIECBCICgjC6OKNTYAAAQIECBAgQIAAAUHoBggQIECAAAECBAgQIBAVEITRxRubAAECBAgQIECAAAECgtANECBAgAABAgQIECBAICogCKOLNzYBAgQIECBAgAABAgQEoRsgQIAAAQIECBAgQIBAVEAQRhdvbAIECBAgQIAAAQIECAhCN0CAAAECBAgQIECAAIGowN9muH0VOC5vdgAAAABJRU5ErkJggg==	29e14a79-6362-4df8-aeeb-1c7848e1adf0	e70046a3-18c3-4a93-ad54-98c4ac306b6b	2026-05-11 05:42:14.341	2026-05-11 05:42:14.341
\.


--
-- TOC entry 3932 (class 0 OID 23157)
-- Dependencies: 373
-- Data for Name: File; Type: TABLE DATA; Schema: public; Owner: postgres
--

COPY public."File" (id, name, url, size, type, description, "workspaceId", "uploaderId", "folderId", "createdAt") FROM stdin;
762d4737-299d-40d4-9ce7-546a53ab4dd8	color-tokens.json	https://placeholder.devspark.io/storage/color-tokens.json	2048	application/json	Design tokens exported from Figma as JSON	29e14a79-6362-4df8-aeeb-1c7848e1adf0	e2967381-9bd6-4b1f-8b5b-d9617c14042f	4b911dba-a8df-4b78-946a-17560778f164	2026-05-10 13:22:02.982
71c3a7e5-3ede-446c-bbde-33ecd801a6de	devspark-ui-kit.fig	https://placeholder.devspark.io/storage/devspark-ui-kit.fig	819200	application/figma	Figma UI kit for DevSpark v2 design system	29e14a79-6362-4df8-aeeb-1c7848e1adf0	e2967381-9bd6-4b1f-8b5b-d9617c14042f	4b911dba-a8df-4b78-946a-17560778f164	2026-05-10 13:22:02.982
fbb4eff2-a357-48d6-bafd-fa321ade94df	brand-primary-v2.zip	https://placeholder.devspark.io/storage/brand-primary-v2.zip	204800	image/svg+xml	Logo assets in SVG + PNG, all color variants	29e14a79-6362-4df8-aeeb-1c7848e1adf0	e2967381-9bd6-4b1f-8b5b-d9617c14042f	4b911dba-a8df-4b78-946a-17560778f164	2026-05-10 13:22:02.982
13351874-857a-44ae-a07f-a04ffdb10df2	test-plan-v1.2.pdf	https://placeholder.devspark.io/storage/test-plan-v1.2.pdf	307200	application/pdf	Master test plan for v1.2 release	29e14a79-6362-4df8-aeeb-1c7848e1adf0	b008f3d7-6de5-4f42-8735-8fa520fc66f2	8c7c1f96-6e72-4054-a4b2-492718695abc	2026-05-10 13:22:02.983
ef8666d3-d54f-4eaa-8aee-7591fafa6b5c	bug-report-safari-upload.png	https://placeholder.devspark.io/storage/bug-report-safari-upload.png	256000	image/png	Screenshots attached to bug report #204	29e14a79-6362-4df8-aeeb-1c7848e1adf0	b008f3d7-6de5-4f42-8735-8fa520fc66f2	8c7c1f96-6e72-4054-a4b2-492718695abc	2026-05-10 13:22:02.983
302277a6-2117-4bcf-b375-38ee001a02b4	competitive-analysis-2026.pdf	https://placeholder.devspark.io/storage/competitive-analysis-2026.pdf	819200	application/pdf	Competitor audit: Notion, Linear, Coda	29e14a79-6362-4df8-aeeb-1c7848e1adf0	70615f67-fca9-4319-b05a-50f976cf2a43	b289a953-0ee3-4378-8a2a-efd52d439218	2026-05-10 13:22:02.983
16eb426a-0f56-4e5b-b8b0-9a4be0157e67	q3-roadmap.xlsx	https://placeholder.devspark.io/storage/q3-roadmap.xlsx	204800	application/vnd.openxmlformats-officedocument.spreadsheetml.sheet	Full Q3 roadmap with owners, status, and dependencies	29e14a79-6362-4df8-aeeb-1c7848e1adf0	70615f67-fca9-4319-b05a-50f976cf2a43	b289a953-0ee3-4378-8a2a-efd52d439218	2026-05-10 13:22:02.983
1a7db092-4a2f-4273-ad77-3bcc02972466	api-schema-openapi.yaml	https://placeholder.devspark.io/storage/api-schema-openapi.yaml	32768	application/yaml	OpenAPI 3.0 spec for all v2 endpoints	29e14a79-6362-4df8-aeeb-1c7848e1adf0	30201790-9353-44e2-95b9-301f228056a1	60cafefc-8727-40ac-a753-2423a7cd64c4	2026-05-10 13:22:02.982
17778ab7-58dd-43fe-a1f3-cbff2cbd6e03	sql-scripts.zip	https://placeholder.devspark.io/storage/sql-scripts.zip	10240	application/zip	Utility SQL scripts: cleanup, anonymization	29e14a79-6362-4df8-aeeb-1c7848e1adf0	30201790-9353-44e2-95b9-301f228056a1	60cafefc-8727-40ac-a753-2423a7cd64c4	2026-05-10 13:22:02.983
52ed397f-5700-404f-ac90-b64b009274f9	wireframe-homepage-v3.png	https://placeholder.devspark.io/storage/wireframe-homepage-v3.png	102400	image/png	Exported homepage wireframe at 1440px width	29e14a79-6362-4df8-aeeb-1c7848e1adf0	e2967381-9bd6-4b1f-8b5b-d9617c14042f	4b911dba-a8df-4b78-946a-17560778f164	2026-05-10 13:22:02.982
c4df01c6-0733-44ce-b25a-16a1c120740a	automation-suite-cypress.zip	https://placeholder.devspark.io/storage/automation-suite-cypress.zip	102400	application/zip	Cypress E2E test suite for critical flows	29e14a79-6362-4df8-aeeb-1c7848e1adf0	b008f3d7-6de5-4f42-8735-8fa520fc66f2	8c7c1f96-6e72-4054-a4b2-492718695abc	2026-05-10 13:22:02.983
3259af7e-c420-4bf1-82cd-ac9506c1305d	user-research-notes.pdf	https://placeholder.devspark.io/storage/user-research-notes.pdf	409600	application/pdf	Compiled notes from 12 user interviews (anonymized)	29e14a79-6362-4df8-aeeb-1c7848e1adf0	70615f67-fca9-4319-b05a-50f976cf2a43	b289a953-0ee3-4378-8a2a-efd52d439218	2026-05-10 13:22:02.983
86313c69-1bed-418b-85eb-c386b076e4a2	sprint-retrospective-s11.txt	https://placeholder.devspark.io/storage/sprint-retrospective-s11.txt	2048	text/plain	S11 retro notes: what worked, what to improve	29e14a79-6362-4df8-aeeb-1c7848e1adf0	70615f67-fca9-4319-b05a-50f976cf2a43	b289a953-0ee3-4378-8a2a-efd52d439218	2026-05-10 13:22:02.983
7e34deb2-c8c5-41e2-a163-5ca8c52aad3c	performance-benchmark-q2.pdf	https://placeholder.devspark.io/storage/performance-benchmark-q2.pdf	512000	application/pdf	Q2 load test results: p95 latency, RPS under load	29e14a79-6362-4df8-aeeb-1c7848e1adf0	30201790-9353-44e2-95b9-301f228056a1	60cafefc-8727-40ac-a753-2423a7cd64c4	2026-05-10 13:22:02.983
90e702ac-5c13-47f6-af8a-300d4f52b651	icon-set-v1.svg	https://placeholder.devspark.io/storage/icon-set-v1.svg	16384	image/svg+xml	Custom icon set (36 icons, outlined style)	29e14a79-6362-4df8-aeeb-1c7848e1adf0	e2967381-9bd6-4b1f-8b5b-d9617c14042f	4b911dba-a8df-4b78-946a-17560778f164	2026-05-10 13:22:02.983
fab2adc9-1a01-4771-bc04-77b708e4fd48	roadmap-meeting-notes.pdf	https://placeholder.devspark.io/storage/roadmap-meeting-notes.pdf	102400	application/pdf	PDF notes from the Q3 planning meeting	29e14a79-6362-4df8-aeeb-1c7848e1adf0	70615f67-fca9-4319-b05a-50f976cf2a43	\N	2026-05-10 13:22:02.983
64149205-3aa2-4bb3-a788-bfdf2cd95836	group-photo.jpg	https://vrtuiyslioecqwdfcttk.supabase.co/storage/v1/object/public/notion-clone-files/files/29e14a79-6362-4df8-aeeb-1c7848e1adf0/1778469252490-616545248.jpg	118063	image/jpeg	Team photo 2026	29e14a79-6362-4df8-aeeb-1c7848e1adf0	705ff586-073e-4d28-be5f-332fb69320a9	\N	2026-05-11 03:14:15.261
f5e9cbe5-e28d-4a54-be4c-a15ff17175ca	roadmap-meeting-notes.pdf	https://vrtuiyslioecqwdfcttk.supabase.co/storage/v1/object/public/notion-clone-files/files/29e14a79-6362-4df8-aeeb-1c7848e1adf0/1778469564446-66968009.pdf	174209	application/pdf	"PDF notes from the Q3 planning meeting	29e14a79-6362-4df8-aeeb-1c7848e1adf0	705ff586-073e-4d28-be5f-332fb69320a9	\N	2026-05-11 03:19:26.358
c74d98fc-2a82-4e89-b726-6a3abcdf0815	DATABASE_MIGRATIONS.md	https://vrtuiyslioecqwdfcttk.supabase.co/storage/v1/object/public/notion-clone-files/files/29e14a79-6362-4df8-aeeb-1c7848e1adf0/1778469997039-24746859.md	6131	text/markdown	Notes on the 2026-05 schema migration	29e14a79-6362-4df8-aeeb-1c7848e1adf0	30201790-9353-44e2-95b9-301f228056a1	60cafefc-8727-40ac-a753-2423a7cd64c4	2026-05-11 03:26:38.43
dae8c2fd-0250-4b58-9a45-cd11a5990f4c	api-schema.yaml	https://vrtuiyslioecqwdfcttk.supabase.co/storage/v1/object/public/notion-clone-files/files/29e14a79-6362-4df8-aeeb-1c7848e1adf0/1778470308425-109801788.yaml	41178	application/yaml	"OpenAPI 3.0 spec for all v2 endpoints"	29e14a79-6362-4df8-aeeb-1c7848e1adf0	30201790-9353-44e2-95b9-301f228056a1	60cafefc-8727-40ac-a753-2423a7cd64c4	2026-05-11 03:31:49.732
993c4f51-a4b2-47a4-99e8-29c74ac0f953	poptts4.py	https://vrtuiyslioecqwdfcttk.supabase.co/storage/v1/object/public/notion-clone-files/files/29e14a79-6362-4df8-aeeb-1c7848e1adf0/1778478074027-128315862.py	7781	text/x-python	\N	29e14a79-6362-4df8-aeeb-1c7848e1adf0	e70046a3-18c3-4a93-ad54-98c4ac306b6b	\N	2026-05-11 05:41:15.636
\.


--
-- TOC entry 3931 (class 0 OID 23149)
-- Dependencies: 372
-- Data for Name: Folder; Type: TABLE DATA; Schema: public; Owner: postgres
--

COPY public."Folder" (id, name, "workspaceId", "parentId", "createdAt", "updatedAt") FROM stdin;
4b911dba-a8df-4b78-946a-17560778f164	design	29e14a79-6362-4df8-aeeb-1c7848e1adf0	\N	2026-05-10 13:21:58.441	2026-05-10 13:21:58.441
60cafefc-8727-40ac-a753-2423a7cd64c4	backend	29e14a79-6362-4df8-aeeb-1c7848e1adf0	\N	2026-05-10 13:21:59.571	2026-05-10 13:21:59.571
b289a953-0ee3-4378-8a2a-efd52d439218	product	29e14a79-6362-4df8-aeeb-1c7848e1adf0	\N	2026-05-10 13:22:00.801	2026-05-10 13:22:00.801
8c7c1f96-6e72-4054-a4b2-492718695abc	qa	29e14a79-6362-4df8-aeeb-1c7848e1adf0	\N	2026-05-10 13:22:01.841	2026-05-10 13:22:01.841
\.


--
-- TOC entry 3936 (class 0 OID 23190)
-- Dependencies: 377
-- Data for Name: KanbanBoard; Type: TABLE DATA; Schema: public; Owner: postgres
--

COPY public."KanbanBoard" (id, title, "workspaceId", "createdAt", "updatedAt") FROM stdin;
a95e01f1-86cc-4216-b1a9-1061543b4d14	Sprint 12	29e14a79-6362-4df8-aeeb-1c7848e1adf0	2026-05-10 13:22:05.888	2026-05-10 13:22:05.888
23eb7394-d1c5-490a-9959-6be1a60a26e6	Bug Tracker	29e14a79-6362-4df8-aeeb-1c7848e1adf0	2026-05-10 13:22:11.051	2026-05-10 15:25:33.664
db9c3ff4-69ff-4f90-afa5-8901a7e20fd9	KanBan tess	b3352f4c-7549-47b2-a4cc-5a39a5da7238	2026-05-11 05:47:26.128	2026-05-11 05:47:26.128
\.


--
-- TOC entry 3938 (class 0 OID 23208)
-- Dependencies: 379
-- Data for Name: KanbanCard; Type: TABLE DATA; Schema: public; Owner: postgres
--

COPY public."KanbanCard" (id, content, description, "columnId", "authorId", "order", "createdAt", "updatedAt") FROM stdin;
35c16d8b-b4cf-4954-9660-8686de53da95	WebSocket reconnection logic	Auto-reconnect with exponential backoff for mobile users	88257115-685c-4ac0-b066-f2227f5fb3b9	30201790-9353-44e2-95b9-301f228056a1	0	2026-05-10 13:22:08.238	2026-05-10 13:22:08.238
e48c213a-dcc3-4ec9-9d10-887222aed509	Drawing canvas undo feature	Store last 50 stroke actions in history stack	88257115-685c-4ac0-b066-f2227f5fb3b9	2e20462d-10bd-45ce-afb7-54a0a0671bc6	1	2026-05-10 13:22:08.238	2026-05-10 13:22:08.238
f3b65c72-31fe-4b75-b159-0819dacc2d4e	Kanban card reorder bug	Cards snap back to original position after drag end	1f3ccd61-2c11-42ed-88a3-d741c1bacb7c	2e20462d-10bd-45ce-afb7-54a0a0671bc6	1	2026-05-10 13:22:08.238	2026-05-10 13:22:08.238
9ed00a44-921a-4382-bfc5-aa6b2dc6b4c0	Write performance tests for chat	Load test the WebSocket chat under 50 concurrent users	64a434b2-69be-4464-b743-62247257db1d	b008f3d7-6de5-4f42-8735-8fa520fc66f2	3	2026-05-10 13:22:08.238	2026-05-10 13:22:08.238
c9f7b152-04d8-4ab4-9d6a-94f8bc25d856	Update email templates	Current templates are from v1.0, need refresh	1f3ccd61-2c11-42ed-88a3-d741c1bacb7c	70615f67-fca9-4319-b05a-50f976cf2a43	2	2026-05-10 13:22:08.238	2026-05-10 13:22:08.238
df5030d7-6d77-492e-ae51-049f26f20df2	Fix file upload on Safari 17	Bug #204: multipart/form-data headers misconfigured	1f3ccd61-2c11-42ed-88a3-d741c1bacb7c	b008f3d7-6de5-4f42-8735-8fa520fc66f2	0	2026-05-10 13:22:08.238	2026-05-10 13:22:08.238
56c41e27-46b1-4194-ae7d-9931c8855e58	Design onboarding illustrations	Need 3 new illustrations for mobile onboarding screens	64a434b2-69be-4464-b743-62247257db1d	70615f67-fca9-4319-b05a-50f976cf2a43	2	2026-05-10 13:22:08.238	2026-05-10 13:22:08.238
6e3e628d-5c87-46fa-96ac-441adbcc9a47	Drag-and-drop file reordering	Allow reordering files within folders via drag	618e6b59-365b-4926-ac41-f307b042a7e3	2e20462d-10bd-45ce-afb7-54a0a0671bc6	0	2026-05-10 13:22:08.238	2026-05-10 13:22:08.238
ca4453b9-5735-4ac0-97f7-65e08d01e5a9	JWT refresh bug	Refresh tokens were not being rotated on some edge cases	c1bd2769-1638-4582-b239-9b1338390cfe	30201790-9353-44e2-95b9-301f228056a1	0	2026-05-10 13:22:08.238	2026-05-10 13:22:08.238
c6e97645-6fb5-4e01-abc3-80cc5947bc18	QA test plan for v1.2	All 48 test cases written and approved	c1bd2769-1638-4582-b239-9b1338390cfe	b008f3d7-6de5-4f42-8735-8fa520fc66f2	3	2026-05-10 13:22:08.238	2026-05-10 13:22:08.238
02eaca79-83bf-4694-818e-0d036cc285a1	Add dark mode toggle persistence	Save dark/light preference to localStorage and sync across tabs	64a434b2-69be-4464-b743-62247257db1d	705ff586-073e-4d28-be5f-332fb69320a9	0	2026-05-10 13:22:08.237	2026-05-10 13:22:08.237
1ae84fce-2fde-4d04-88fb-6f4dfe338bbd	Avatar upload — verified fix	Fixed in PR #89, closed	55c153c2-f248-40be-9b3b-330d4b1fc994	e2967381-9bd6-4b1f-8b5b-d9617c14042f	0	2026-05-10 13:22:13.686	2026-05-10 13:22:13.686
26b04e93-95b0-40a7-8bf0-58f967778a64	Reset password email not received	Nodemailer was timing out on some SMTP providers — fixed	fd33ddce-1f32-465e-9894-650aa6a50061	705ff586-073e-4d28-be5f-332fb69320a9	0	2026-05-10 13:22:13.686	2026-05-10 13:22:13.686
ed7180ac-f6f5-4ff9-b4b4-1cbdd47f261c	Avatar upload crops to circle incorrectly	Aspect ratio was locked causing oval on non-square uploads	fd33ddce-1f32-465e-9894-650aa6a50061	e2967381-9bd6-4b1f-8b5b-d9617c14042f	1	2026-05-10 13:22:13.686	2026-05-10 13:22:13.686
8a14fd4e-2ef0-4b05-95af-15575c8aa15e	Safari 17 file upload — fix in progress	Marcus is actively working on this	5797d43b-144d-474e-a0e0-513b4700cd2a	b008f3d7-6de5-4f42-8735-8fa520fc66f2	0	2026-05-10 13:22:13.686	2026-05-11 03:07:40.937
10377a19-0493-4001-8769-0bb5d6dae52b	Safari 17 file upload fails	Reproducible every time on iOS Safari, POST returns 415	5797d43b-144d-474e-a0e0-513b4700cd2a	b008f3d7-6de5-4f42-8735-8fa520fc66f2	0	2026-05-10 13:22:13.685	2026-05-11 05:40:38.396
9eb12d83-6d04-4bfe-a23b-1ae362eece1c	Document all new API endpoints	OpenAPI spec is missing 4 endpoints from Q3	64a434b2-69be-4464-b743-62247257db1d	30201790-9353-44e2-95b9-301f228056a1	1	2026-05-10 13:22:08.237	2026-05-10 13:22:08.237
1919fbeb-0101-4192-b7a4-39afcb4ddd79	Migrate to Prisma v5	Upgrade ORM and fix breaking changes in schema	c1bd2769-1638-4582-b239-9b1338390cfe	30201790-9353-44e2-95b9-301f228056a1	1	2026-05-10 13:22:08.238	2026-05-10 13:22:08.238
5b480708-473c-431b-928f-41f3930fbbe8	Style guide for markdown renderer	Code blocks had wrong font, fixed	c1bd2769-1638-4582-b239-9b1338390cfe	e2967381-9bd6-4b1f-8b5b-d9617c14042f	2	2026-05-10 13:22:08.238	2026-05-10 13:22:08.238
94dad544-d0b2-4e5d-9aa1-317253c6f04e	Drawing canvas eraser leaves artifacts	Eraser tool doesn't fully clear strokes on high-DPI screens	d62626f9-3720-463e-b57b-9518d1a44490	b008f3d7-6de5-4f42-8735-8fa520fc66f2	2	2026-05-10 13:22:13.686	2026-05-10 13:22:13.686
55b3cd14-7f90-4e92-ab83-f29a8c715023	Chat message timestamp off by 1h	User-reported: timestamps show UTC instead of local time	d62626f9-3720-463e-b57b-9518d1a44490	b008f3d7-6de5-4f42-8735-8fa520fc66f2	1	2026-05-10 13:22:13.685	2026-05-10 15:46:44.812
19b63418-9700-4da5-adbc-ed76febb61ab	Empty kanban column shows shadow card	When column has 0 cards, a ghost card outline appears	ef53a952-7dcc-443b-984b-1d057b777eb9	b008f3d7-6de5-4f42-8735-8fa520fc66f2	0	2026-05-10 13:22:13.686	2026-05-11 02:34:15.902
f00a4ebf-0165-4075-beb4-669cafb8af52	Test 1	push	b3c102f4-38a8-449f-8c5c-76887411c641	e70046a3-18c3-4a93-ad54-98c4ac306b6b	0	2026-05-11 05:47:58.5	2026-05-11 05:49:19.589
8217ce2a-b0f7-4016-b56f-ed87f8a6bd3e	Gelp	\N	e6534507-b360-4d51-b350-d3b43519bf1f	e70046a3-18c3-4a93-ad54-98c4ac306b6b	0	2026-05-11 05:48:27.937	2026-05-11 05:50:04.766
\.


--
-- TOC entry 3937 (class 0 OID 23198)
-- Dependencies: 378
-- Data for Name: KanbanColumn; Type: TABLE DATA; Schema: public; Owner: postgres
--

COPY public."KanbanColumn" (id, title, color, "boardId", "order", "createdAt", "updatedAt") FROM stdin;
c1bd2769-1638-4582-b239-9b1338390cfe	Done ✅	#10b981	a95e01f1-86cc-4216-b1a9-1061543b4d14	4	2026-05-10 13:22:06.998	2026-05-10 13:22:06.998
618e6b59-365b-4926-ac41-f307b042a7e3	Pending Review	#8b5cf6	a95e01f1-86cc-4216-b1a9-1061543b4d14	3	2026-05-10 13:22:06.998	2026-05-10 13:22:06.998
88257115-685c-4ac0-b066-f2227f5fb3b9	In Progress	#f59e0b	a95e01f1-86cc-4216-b1a9-1061543b4d14	2	2026-05-10 13:22:06.998	2026-05-10 13:22:06.998
1f3ccd61-2c11-42ed-88a3-d741c1bacb7c	To Do	#3b82f6	a95e01f1-86cc-4216-b1a9-1061543b4d14	1	2026-05-10 13:22:06.998	2026-05-10 13:22:06.998
64a434b2-69be-4464-b743-62247257db1d	Backlog	#6b7280	a95e01f1-86cc-4216-b1a9-1061543b4d14	0	2026-05-10 13:22:06.998	2026-05-10 13:22:06.998
fd33ddce-1f32-465e-9894-650aa6a50061	Resolved ✅	#10b981	23eb7394-d1c5-490a-9959-6be1a60a26e6	3	2026-05-10 13:22:12.316	2026-05-10 13:22:12.316
ef53a952-7dcc-443b-984b-1d057b777eb9	In Fix	#3b82f6	23eb7394-d1c5-490a-9959-6be1a60a26e6	2	2026-05-10 13:22:12.316	2026-05-10 13:22:12.316
55c153c2-f248-40be-9b3b-330d4b1fc994	Closed	#6b7280	23eb7394-d1c5-490a-9959-6be1a60a26e6	4	2026-05-10 13:22:12.316	2026-05-10 13:22:12.316
5797d43b-144d-474e-a0e0-513b4700cd2a	Reproduced	#f59e0b	23eb7394-d1c5-490a-9959-6be1a60a26e6	1	2026-05-10 13:22:12.316	2026-05-10 15:30:10.556
d62626f9-3720-463e-b57b-9518d1a44490	Open	#ef4444	23eb7394-d1c5-490a-9959-6be1a60a26e6	0	2026-05-10 13:22:12.315	2026-05-11 03:07:52.55
1886f4c2-2918-40e1-b788-ce9986863ea8	In Progress	#f59e0b	db9c3ff4-69ff-4f90-afa5-8901a7e20fd9	1	2026-05-11 05:47:26.128	2026-05-11 05:47:26.128
b3c102f4-38a8-449f-8c5c-76887411c641	Done	#10b981	db9c3ff4-69ff-4f90-afa5-8901a7e20fd9	2	2026-05-11 05:47:26.128	2026-05-11 05:47:26.128
e6534507-b360-4d51-b350-d3b43519bf1f	To Dozz	#ef4444	db9c3ff4-69ff-4f90-afa5-8901a7e20fd9	0	2026-05-11 05:47:26.128	2026-05-11 05:47:53.735
\.


--
-- TOC entry 3930 (class 0 OID 23140)
-- Dependencies: 371
-- Data for Name: Page; Type: TABLE DATA; Schema: public; Owner: postgres
--

COPY public."Page" (id, title, content, "workspaceId", "authorId", "parentId", "createdAt", "updatedAt") FROM stdin;
58449f9b-8e43-41a1-adef-af7131ad9464	Sprint 12 Standup Notes	# Sprint 12 — Daily Standup Log\n\n**Sprint:** June 9–20, 2026\nagef\n## Monday June 9\n- **Jordan:** Started on the file upload bug — it's a MIME type mismatch in the backend\n- **Marcus:** Fixed the JWT refresh bug, reviewing Jordan's PR now\n- **Priya:** Uploading final Q3 spec to the wiki today\n\n## Tuesday June 10\n- **Jordan:** PR merged, moving to kanban card #47 (drag-and-drop reorder)\n- **Marcus:** Working on WebSocket reconnection logic for mobile\n- **Alex:** Wireframes for the new settings page are done, shared in Files\n\n## Wednesday June 11\n- **Jordan:** Card reorder is done, testing edge cases with empty columns\n- **Marcus:** WebSocket reconnect works, pushed to staging\n- **Dana:** Filed 3 new bug reports for Sprint 12\n\n## Thursday June 12\n- **Jordan:** Code review for the drawing canvas undo feature\n- **Marcus:** Deployed reconnect fix to prod 🎉\n- **Priya:** Roadmap doc updated with new Milestone 3 details	29e14a79-6362-4df8-aeeb-1c7848e1adf0	2e20462d-10bd-45ce-afb7-54a0a0671bc6	\N	2026-05-10 13:21:46.91	2026-05-12 14:51:16.335
a946e1db-01f7-4dec-b8e0-5f499cfbacbc	DevSpark Wiki Home	# DevSpark Internal Wiki\n\nWelcome to the DevSpark team wiki! This is where we document everything.\n\n## Quick Links\n- [[Backend API Documentation]] — Technical reference\n- [[Product Roadmap Q3]] — Current sprint goals\n- [[Design System v2]] — UI guidelines\n- [[Meeting Notes]] — All-hands and standups\n\n## Team Norms\n- Write what you'd want to read yourself\n- Keep docs alive — stale docs are worse than no docs\n- Tag docs with the relevant milestone	29e14a79-6362-4df8-aeeb-1c7848e1adf0	705ff586-073e-4d28-be5f-332fb69320a9	\N	2026-05-10 13:21:46.909	2026-05-10 13:23:19.588
1fc8cc65-8538-422c-9df2-f0abc7075bcf	Backend API Documentation	# Backend API Documentation\n\n## Base URL\n```\nhttps://api.devspark.io/v2\n```\n\n## Authentication\nAll endpoints require a JWT Bearer token in the `Authorization` header.\n\n## Endpoints\n\n### GET /workspaces\nReturns all workspaces the authenticated user has access to.\n\n**Response:**\n```json\n[\n  {\n    "id": "uuid",\n    "name": "DevSpark Internal",\n    "ownerId": "uuid",\n    "createdAt": "2026-01-15T09:00:00Z"\n  }\n]\n```\n\n### POST /pages\nCreate a new page in a workspace.\n\n**Body:**\n```json\n{\n  "title": "Page Title",\n  "content": "# Hello\\n\\nThis is markdown.",\n  "workspaceId": "uuid"\n}\n```\n\n## Error Codes\n| Code | Meaning |\n|------|---------|\n| 400 | Invalid request body |\n| 401 | Missing or expired token |\n| 403 | Insufficient permissions |\n| 404 | Resource not found |\n| 500 | Internal server error |\n\n*Last reviewed by Marcus on 2026-04-28*	29e14a79-6362-4df8-aeeb-1c7848e1adf0	30201790-9353-44e2-95b9-301f228056a1	\N	2026-05-10 13:21:46.909	2026-05-10 13:21:46.909
e05cd357-da51-48a0-a43d-fb11170b39a5	Q3 Product Roadmap	# Q3 2026 Product Roadmap\n\n**Goal:** Ship the mobile app and hit 1,000 MAU by end of September.\n\n## Milestone 1 — Core Mobile (June)\n- [x] User onboarding flow\n- [x] Push notifications\n- [ ] Offline mode (in progress)\n\n## Milestone 2 — Collaboration (July)\n- [ ] Real-time co-editing\n- [ ] @mentions in comments\n- [ ] Activity feed\n\n## Milestone 3 — Monetization (August–September)\n- [ ] Pro tier subscription\n- [ ] Usage-based billing\n- [ ] Team plan with SSO\n\n## Open Questions\n- What analytics do we need before the Pro launch?\n- Is the offline mode MVP or polished?	29e14a79-6362-4df8-aeeb-1c7848e1adf0	70615f67-fca9-4319-b05a-50f976cf2a43	\N	2026-05-10 13:21:46.909	2026-05-10 13:21:46.909
df92b14d-4f21-4eb3-9c86-36e63232882c	MarkDown Lang	# Markdown Language Reference\n\n> A comprehensive showcase of all Markdown syntax features.\n\n---\n\n## 1. Headings\n\n# Heading 1\n## Heading 2\n### Heading 3\n#### Heading 4\n##### Heading 5\n###### Heading 6\n\n---\n\n## 2. Text Formatting\n\n**Bold text** using double asterisks or underscores.\n\n*Italic text* using single asterisks or underscores.\n\n***Bold and italic*** combined.\n\n~~Strikethrough~~ using double tildes.\n\n`Inline code` using backticks.\n\n<u>Underlined text</u> using HTML.\n\n---\n\n## 3. Horizontal Rules\n\nThree hyphens:\n\n---\n\nThree underscores:\n\n___\n\nThree asterisks:\n\n***\n\n---\n\n## 4. Blockquotes\n\n> This is a blockquote.\n> It can span multiple lines.\n> > And support nesting.\n\n> **Tip:** Blockquotes can contain *italic*, **bold**, and `code` too.\n\n---\n\n## 5. Lists\n\n### Unordered\n\n- Item one\n- Item two\n  - Nested item\n  - Another nested\n    - Deeply nested\n- Item three\n\n* Alternative bullet\n* Another one\n\n+ Plus sign bullet\n+ Works the same\n\n### Ordered\n\n1. First item\n2. Second item\n   1. Nested ordered\n   2. Another nested\n3. Third item\n\n### Task List\n\n- [x] Completed task\n- [ ] Incomplete task\n- [ ] Another incomplete\n- [x] Done!\n\n---\n\n## 6. Code\n\n### Inline Code\n\nUse `console.log('hello')` to print to the console.\n\n### Code Block (Fenced)\n\n```javascript\nfunction greet(name) {\n  return `Hello, ${name}!`;\n}\n\nconst message = greet('World');\nconsole.log(message);\n```\n\n```python\ndef fibonacci(n):\n    if n <= 1:\n        return n\n    return fibonacci(n - 1) + fibonacci(n - 2)\n\nfor i in range(10):\n    print(fibonacci(i))\n```\n\n```bash\n#!/bin/bash\necho "Hello, World!"\n```\n\n### Without Syntax Highlighting\n\n```\n    No language specified.\n    Indented code block.\n```\n\n---\n\n## 7. Tables\n\n| Left Align | Center Align | Right Align | Default |\n|:-----------|:------------:|------------:|---------|\n| `:` left  | `::` center  | `:` right   | No colon |\n| Row 2      |    Row 2     |       Row 2 | Row 2    |\n| Row 3      |    Row 3     |       Row 3 | Row 3    |\n\n| Feature       | Supported |\n|:--------------|:---------:|\n| Headings      |    ✅     |\n| Bold/Italic   |    ✅     |\n| Code blocks   |    ✅     |\n| Tables        |    ✅     |\n| Links         |    ✅     |\n| Images        |    ✅     |\n| Blockquotes   |    ✅     |\n\n---\n\n## 8. Links\n\n### Basic Links\n\n[GitHub](https://github.com)\n\n[OpenAI](https://openai.com "OpenAI Homepage")\n\n### Reference Links\n\nThis is a [reference link][ref] that uses a label.\n\n[ref]: https://example.com "Reference label"\n\n### Auto Links\n\n<https://github.com>\n\n<mailto:user@example.com>\n\n---\n\n## 9. Images\n\n### Basic Image\n\n![Alt text](https://via.placeholder.com/150x100.png "Image title")\n\n### Image with Link\n\n[![Alt](https://via.placeholder.com/100x60.png)](https://github.com)\n\n---\n\n## 10. HTML Elements\n\n<details>\n<summary>Click to expand (details/summary)</summary>\n\nThis content is hidden until clicked.\n\n- Supports **markdown** inside\n- `code` works too\n- Lists and tables as well\n\n</details>\n\n---\n\n## 11. Escaped Characters\n\nAsterisks: \\*not italic\\*\n\nBackslashes: \\\\\n\nBackticks: \\`inline code\\`\n\nHashtags: \\# not a heading\n\nLinks: \\[not a link\\]\n\n---\n\n## 12. Footnotes\n\nHere is some text with a footnote.[^1]\n\nAnother paragraph referring to a footnote.[^note]\n\n[^1]: This is the first footnote. It can contain multiple lines.\n\n[^note]: And this is the second footnote.\n\n---\n\n## 13. Definition Lists\n\nTerm 1\n: Definition of term 1.\n\nTerm 2\n: Definition of term 2 with *markdown* support.\n: Multiple definitions supported.\n\n---\n\n\n![Mandakh.png](https://vrtuiyslioecqwdfcttk.supabase.co/storage/v1/object/public/notion-clone-files/uploads/1778478332710-321865685.png)\n\n\n## 14. Abbreviations\n\nThe HTML specification is maintained by the W3C.\n\n*[HTML]: Hyper Text Markup Language\n*[W3C]: World Wide Web Consortium\n\n---\n\n## 15. Custom Containers\n\n> [!NOTE]\n> Useful for highlighting important information.\n\n> [!TIP]\n> Helpful suggestions and tips.\n\n> [!WARNING]\n> Things to be careful about.\n\n> [!CAUTION]\n> Potential dangers or issues.\n\n> [!IMPORTANT]\n> Critical information to remember.\n\n---\n\n*End of Markdown Reference*\n	b3352f4c-7549-47b2-a4cc-5a39a5da7238	e70046a3-18c3-4a93-ad54-98c4ac306b6b	\N	2026-05-11 02:37:16.564	2026-05-11 05:45:55.725
fd5ee137-4b3a-45ce-870c-97de7e21100a	Design System v2	# DevSpark Design System v2\n\n## Colors\n\n| Token | Hex | Usage |\n|-------|-----|-------|\n| `brand-primary` | #6366F1 | CTAs, active states |\n| `brand-secondary` | #10B981 | Success, confirmations |\n| `surface-base` | #111827 | Dark mode background |\n| `text-primary` | #F9FAFB | Body text (dark mode) |\n\n##Topygraphy\n- **Headings:** Inter Bold, 700\n- **Body:** Inter Regular, 400\n- **Code:** JetBrains Mono, 400\n\n## Spacing Scale\nWe use a 4px base unit:\n- `xs`: 4px\n- `sm`: 8px\n- `md`: 16px\n- `lg`: 24px\n- `xl`: 32px\n\n## Components\n- Buttons: solid / ghost / danger variants\n- Inputs: text, select, toggle\n- Cards: elevated / flat\n- Navigation: sidebar (desktop) / bottom bar (mobile)\n\n*Figma link: https://www.figma.com/file/devspark-ds-v2	29e14a79-6362-4df8-aeeb-1c7848e1adf0	e2967381-9bd6-4b1f-8b5b-d9617c14042f	\N	2026-05-10 13:21:46.91	2026-05-12 14:57:20.557
\.


--
-- TOC entry 3939 (class 0 OID 23217)
-- Dependencies: 380
-- Data for Name: Report; Type: TABLE DATA; Schema: public; Owner: postgres
--

COPY public."Report" (id, title, description, status, "reporterId", "createdAt", "updatedAt") FROM stdin;
\.


--
-- TOC entry 3927 (class 0 OID 23114)
-- Dependencies: 368
-- Data for Name: User; Type: TABLE DATA; Schema: public; Owner: postgres
--

COPY public."User" (id, email, password, name, username, "avatarUrl", "isVerified", "verificationToken", "resetToken", "resetTokenExpiry", "createdAt", "updatedAt", "firstName", "lastName") FROM stdin;
9a15f55f-ab1d-4e84-b7ec-9f75ad29aff4	carflo160+diploma@gmail.com	$2b$10$R.CUPfY.SwlLT5lybJXVC.se1lrzrNF3qbq1IF0oK10MTvpoAZGyu	\N	BleakRed	\N	t	\N	\N	\N	2026-03-29 08:06:44.408	2026-03-29 08:09:52.421	\N	\N
7b61a8db-82b1-4e75-9321-cb7fdbb2d2be	sw22d045@mandakh.edu.mn	$2b$10$b1Evnu79mibTrnnuzr.KVO8X8W.yl60SbxRGEM..mt5Ro7QNpBW7O	\N	Orchlon	http://notion-clone-project-backend.onrender.com/uploads/image-1774773311926-80100930.png	t	\N	\N	\N	2026-03-29 08:33:19.345	2026-03-29 08:37:32.052	\N	\N
aa009f28-5404-4a3b-b2d9-83e3f0d87f79	admin@example.com	$2b$10$BaKtWZL7T3NjGy7KYAcbZ.0ere2mXqdmOa3ApPN1GdaMvj.rE6o0y	\N	admin	\N	f	94d05ec892ed66ca0e6f9a78004491965d1c86991b668e9f0ecc6675fccef350	\N	\N	2026-05-02 03:29:06.459	2026-05-02 03:29:06.459	\N	\N
705ff586-073e-4d28-be5f-332fb69320a9	sarah@devspark.io	$2b$10$2D0eAfh46iY9jxp.A3xtpOTKpyn4Y3kpfeRCvetzgNTxhwcnMWaBm	Sarah Chen	Sarah Chen	https://vrtuiyslioecqwdfcttk.supabase.co/storage/v1/object/public/notion-clone-files/uploads/1778459779320-587550778.jpg	t	\N	\N	\N	2026-05-10 13:21:35.991	2026-05-11 00:36:36.157	\N	\N
30201790-9353-44e2-95b9-301f228056a1	marcus@devspark.io	$2b$10$2D0eAfh46iY9jxp.A3xtpOTKpyn4Y3kpfeRCvetzgNTxhwcnMWaBm	Marcus Williams	Marcus Williams	https://vrtuiyslioecqwdfcttk.supabase.co/storage/v1/object/public/notion-clone-files/uploads/1778460027428-583337856.jpg	t	\N	\N	\N	2026-05-10 13:21:37.332	2026-05-11 00:40:37.052	\N	\N
70615f67-fca9-4319-b05a-50f976cf2a43	priya@devspark.io	$2b$10$2D0eAfh46iY9jxp.A3xtpOTKpyn4Y3kpfeRCvetzgNTxhwcnMWaBm	Priya Sharma	Priya Sharma	https://vrtuiyslioecqwdfcttk.supabase.co/storage/v1/object/public/notion-clone-files/uploads/1778460279850-907381584.jpg	t	\N	\N	\N	2026-05-10 13:21:38.782	2026-05-11 00:44:47.531	\N	\N
e2967381-9bd6-4b1f-8b5b-d9617c14042f	alex@devspark.io	$2b$10$2D0eAfh46iY9jxp.A3xtpOTKpyn4Y3kpfeRCvetzgNTxhwcnMWaBm	Alex Thompson	Alex Thompson	https://vrtuiyslioecqwdfcttk.supabase.co/storage/v1/object/public/notion-clone-files/uploads/1778460421894-875845754.jpg	t	\N	\N	\N	2026-05-10 13:21:40.121	2026-05-11 00:47:13.013	\N	\N
2e20462d-10bd-45ce-afb7-54a0a0671bc6	jordan@devspark.io	$2b$10$2D0eAfh46iY9jxp.A3xtpOTKpyn4Y3kpfeRCvetzgNTxhwcnMWaBm	Jordan Lee	Jordan Lee	https://vrtuiyslioecqwdfcttk.supabase.co/storage/v1/object/public/notion-clone-files/uploads/1778460530645-255373772.jpg	t	\N	\N	\N	2026-05-10 13:21:41.768	2026-05-11 00:48:57.971	\N	\N
b008f3d7-6de5-4f42-8735-8fa520fc66f2	dana@devspark.io	$2b$10$2D0eAfh46iY9jxp.A3xtpOTKpyn4Y3kpfeRCvetzgNTxhwcnMWaBm	Dana Rivera	Dana Rivera	https://vrtuiyslioecqwdfcttk.supabase.co/storage/v1/object/public/notion-clone-files/uploads/1778460614429-643888625.jpg	t	\N	\N	\N	2026-05-10 13:21:42.914	2026-05-11 00:50:24.187	\N	\N
e70046a3-18c3-4a93-ad54-98c4ac306b6b	test@test.com	$2b$10$/RPQTT2v6kqn.8WP3kz9h.G3fPeZPa7OG6MT4cwaOl3EehxvPPf/W	\N	TestUser	https://vrtuiyslioecqwdfcttk.supabase.co/storage/v1/object/public/notion-clone-files/uploads/1778460741219-493899570.png	f	6c7d87bea25c17ac9b722fbf13e1723b80ca7f3e3aa8369fac6fafe998623c65	\N	\N	2026-05-11 00:16:27.132	2026-05-11 00:52:31.158	\N	\N
\.


--
-- TOC entry 3928 (class 0 OID 23123)
-- Dependencies: 369
-- Data for Name: Workspace; Type: TABLE DATA; Schema: public; Owner: postgres
--

COPY public."Workspace" (id, name, "ownerId", "createdAt", "updatedAt") FROM stdin;
29e14a79-6362-4df8-aeeb-1c7848e1adf0	DevSpark Internal	705ff586-073e-4d28-be5f-332fb69320a9	2026-05-10 13:21:44.277	2026-05-10 13:21:44.277
b3352f4c-7549-47b2-a4cc-5a39a5da7238	Markdown Space	e70046a3-18c3-4a93-ad54-98c4ac306b6b	2026-05-11 02:30:08.898	2026-05-11 02:30:08.898
\.


--
-- TOC entry 3929 (class 0 OID 23131)
-- Dependencies: 370
-- Data for Name: WorkspaceMember; Type: TABLE DATA; Schema: public; Owner: postgres
--

COPY public."WorkspaceMember" (id, "workspaceId", "userId", role, "joinedAt") FROM stdin;
02081511-bbc0-4d8f-9498-ba64b359380c	29e14a79-6362-4df8-aeeb-1c7848e1adf0	705ff586-073e-4d28-be5f-332fb69320a9	OWNER	2026-05-10 13:21:45.587
8d75e9eb-0453-4248-8a37-007a1d35c5b0	29e14a79-6362-4df8-aeeb-1c7848e1adf0	30201790-9353-44e2-95b9-301f228056a1	ADMIN	2026-05-10 13:21:45.587
981d6e60-2bec-4430-ae79-adbbf8f42be6	29e14a79-6362-4df8-aeeb-1c7848e1adf0	70615f67-fca9-4319-b05a-50f976cf2a43	ADMIN	2026-05-10 13:21:45.587
9e0e1d99-a225-4b18-8746-1bcc4dac2a2e	29e14a79-6362-4df8-aeeb-1c7848e1adf0	e2967381-9bd6-4b1f-8b5b-d9617c14042f	MEMBER	2026-05-10 13:21:45.587
b4f2d306-0383-4226-99c4-2865810700ef	29e14a79-6362-4df8-aeeb-1c7848e1adf0	2e20462d-10bd-45ce-afb7-54a0a0671bc6	MEMBER	2026-05-10 13:21:45.587
5b4d94df-e572-47f5-8365-42084f5710f8	29e14a79-6362-4df8-aeeb-1c7848e1adf0	b008f3d7-6de5-4f42-8735-8fa520fc66f2	MEMBER	2026-05-10 13:21:45.587
89b1f9e0-5b77-4e4c-bd56-9273b7320db1	29e14a79-6362-4df8-aeeb-1c7848e1adf0	e70046a3-18c3-4a93-ad54-98c4ac306b6b	MEMBER	2026-05-11 00:16:55.006
2fb3035b-02c5-4de2-aa07-7c554f74c209	b3352f4c-7549-47b2-a4cc-5a39a5da7238	e70046a3-18c3-4a93-ad54-98c4ac306b6b	OWNER	2026-05-11 02:30:08.898
afae439e-a215-4ae3-9d13-255fe8ee1090	b3352f4c-7549-47b2-a4cc-5a39a5da7238	30201790-9353-44e2-95b9-301f228056a1	MEMBER	2026-05-11 05:47:01.517
\.


--
-- TOC entry 3940 (class 0 OID 23226)
-- Dependencies: 381
-- Data for Name: _CardAssignees; Type: TABLE DATA; Schema: public; Owner: postgres
--

COPY public."_CardAssignees" ("A", "B") FROM stdin;
35c16d8b-b4cf-4954-9660-8686de53da95	30201790-9353-44e2-95b9-301f228056a1
e48c213a-dcc3-4ec9-9d10-887222aed509	2e20462d-10bd-45ce-afb7-54a0a0671bc6
f3b65c72-31fe-4b75-b159-0819dacc2d4e	2e20462d-10bd-45ce-afb7-54a0a0671bc6
9ed00a44-921a-4382-bfc5-aa6b2dc6b4c0	b008f3d7-6de5-4f42-8735-8fa520fc66f2
c9f7b152-04d8-4ab4-9d6a-94f8bc25d856	70615f67-fca9-4319-b05a-50f976cf2a43
df5030d7-6d77-492e-ae51-049f26f20df2	30201790-9353-44e2-95b9-301f228056a1
56c41e27-46b1-4194-ae7d-9931c8855e58	e2967381-9bd6-4b1f-8b5b-d9617c14042f
6e3e628d-5c87-46fa-96ac-441adbcc9a47	2e20462d-10bd-45ce-afb7-54a0a0671bc6
02eaca79-83bf-4694-818e-0d036cc285a1	2e20462d-10bd-45ce-afb7-54a0a0671bc6
c6e97645-6fb5-4e01-abc3-80cc5947bc18	b008f3d7-6de5-4f42-8735-8fa520fc66f2
ca4453b9-5735-4ac0-97f7-65e08d01e5a9	30201790-9353-44e2-95b9-301f228056a1
9eb12d83-6d04-4bfe-a23b-1ae362eece1c	30201790-9353-44e2-95b9-301f228056a1
1919fbeb-0101-4192-b7a4-39afcb4ddd79	30201790-9353-44e2-95b9-301f228056a1
5b480708-473c-431b-928f-41f3930fbbe8	e2967381-9bd6-4b1f-8b5b-d9617c14042f
8a14fd4e-2ef0-4b05-95af-15575c8aa15e	30201790-9353-44e2-95b9-301f228056a1
19b63418-9700-4da5-adbc-ed76febb61ab	2e20462d-10bd-45ce-afb7-54a0a0671bc6
1ae84fce-2fde-4d04-88fb-6f4dfe338bbd	e2967381-9bd6-4b1f-8b5b-d9617c14042f
26b04e93-95b0-40a7-8bf0-58f967778a64	705ff586-073e-4d28-be5f-332fb69320a9
10377a19-0493-4001-8769-0bb5d6dae52b	30201790-9353-44e2-95b9-301f228056a1
ed7180ac-f6f5-4ff9-b4b4-1cbdd47f261c	e2967381-9bd6-4b1f-8b5b-d9617c14042f
f00a4ebf-0165-4075-beb4-669cafb8af52	30201790-9353-44e2-95b9-301f228056a1
f00a4ebf-0165-4075-beb4-669cafb8af52	e70046a3-18c3-4a93-ad54-98c4ac306b6b
\.


--
-- TOC entry 3731 (class 2606 OID 23189)
-- Name: ChatMessage ChatMessage_pkey; Type: CONSTRAINT; Schema: public; Owner: postgres
--

ALTER TABLE ONLY public."ChatMessage"
    ADD CONSTRAINT "ChatMessage_pkey" PRIMARY KEY (id);


--
-- TOC entry 3729 (class 2606 OID 23181)
-- Name: ChatRoom ChatRoom_pkey; Type: CONSTRAINT; Schema: public; Owner: postgres
--

ALTER TABLE ONLY public."ChatRoom"
    ADD CONSTRAINT "ChatRoom_pkey" PRIMARY KEY (id);


--
-- TOC entry 3727 (class 2606 OID 23173)
-- Name: Drawing Drawing_pkey; Type: CONSTRAINT; Schema: public; Owner: postgres
--

ALTER TABLE ONLY public."Drawing"
    ADD CONSTRAINT "Drawing_pkey" PRIMARY KEY (id);


--
-- TOC entry 3725 (class 2606 OID 23164)
-- Name: File File_pkey; Type: CONSTRAINT; Schema: public; Owner: postgres
--

ALTER TABLE ONLY public."File"
    ADD CONSTRAINT "File_pkey" PRIMARY KEY (id);


--
-- TOC entry 3723 (class 2606 OID 23156)
-- Name: Folder Folder_pkey; Type: CONSTRAINT; Schema: public; Owner: postgres
--

ALTER TABLE ONLY public."Folder"
    ADD CONSTRAINT "Folder_pkey" PRIMARY KEY (id);


--
-- TOC entry 3733 (class 2606 OID 23197)
-- Name: KanbanBoard KanbanBoard_pkey; Type: CONSTRAINT; Schema: public; Owner: postgres
--

ALTER TABLE ONLY public."KanbanBoard"
    ADD CONSTRAINT "KanbanBoard_pkey" PRIMARY KEY (id);


--
-- TOC entry 3737 (class 2606 OID 23216)
-- Name: KanbanCard KanbanCard_pkey; Type: CONSTRAINT; Schema: public; Owner: postgres
--

ALTER TABLE ONLY public."KanbanCard"
    ADD CONSTRAINT "KanbanCard_pkey" PRIMARY KEY (id);


--
-- TOC entry 3735 (class 2606 OID 23207)
-- Name: KanbanColumn KanbanColumn_pkey; Type: CONSTRAINT; Schema: public; Owner: postgres
--

ALTER TABLE ONLY public."KanbanColumn"
    ADD CONSTRAINT "KanbanColumn_pkey" PRIMARY KEY (id);


--
-- TOC entry 3721 (class 2606 OID 23148)
-- Name: Page Page_pkey; Type: CONSTRAINT; Schema: public; Owner: postgres
--

ALTER TABLE ONLY public."Page"
    ADD CONSTRAINT "Page_pkey" PRIMARY KEY (id);


--
-- TOC entry 3739 (class 2606 OID 23225)
-- Name: Report Report_pkey; Type: CONSTRAINT; Schema: public; Owner: postgres
--

ALTER TABLE ONLY public."Report"
    ADD CONSTRAINT "Report_pkey" PRIMARY KEY (id);


--
-- TOC entry 3713 (class 2606 OID 23122)
-- Name: User User_pkey; Type: CONSTRAINT; Schema: public; Owner: postgres
--

ALTER TABLE ONLY public."User"
    ADD CONSTRAINT "User_pkey" PRIMARY KEY (id);


--
-- TOC entry 3718 (class 2606 OID 23139)
-- Name: WorkspaceMember WorkspaceMember_pkey; Type: CONSTRAINT; Schema: public; Owner: postgres
--

ALTER TABLE ONLY public."WorkspaceMember"
    ADD CONSTRAINT "WorkspaceMember_pkey" PRIMARY KEY (id);


--
-- TOC entry 3716 (class 2606 OID 23130)
-- Name: Workspace Workspace_pkey; Type: CONSTRAINT; Schema: public; Owner: postgres
--

ALTER TABLE ONLY public."Workspace"
    ADD CONSTRAINT "Workspace_pkey" PRIMARY KEY (id);


--
-- TOC entry 3711 (class 1259 OID 23231)
-- Name: User_email_key; Type: INDEX; Schema: public; Owner: postgres
--

CREATE UNIQUE INDEX "User_email_key" ON public."User" USING btree (email);


--
-- TOC entry 3714 (class 1259 OID 23232)
-- Name: User_username_key; Type: INDEX; Schema: public; Owner: postgres
--

CREATE UNIQUE INDEX "User_username_key" ON public."User" USING btree (username);


--
-- TOC entry 3719 (class 1259 OID 23233)
-- Name: WorkspaceMember_workspaceId_userId_key; Type: INDEX; Schema: public; Owner: postgres
--

CREATE UNIQUE INDEX "WorkspaceMember_workspaceId_userId_key" ON public."WorkspaceMember" USING btree ("workspaceId", "userId");


--
-- TOC entry 3740 (class 1259 OID 23234)
-- Name: _CardAssignees_AB_unique; Type: INDEX; Schema: public; Owner: postgres
--

CREATE UNIQUE INDEX "_CardAssignees_AB_unique" ON public."_CardAssignees" USING btree ("A", "B");


--
-- TOC entry 3741 (class 1259 OID 23235)
-- Name: _CardAssignees_B_index; Type: INDEX; Schema: public; Owner: postgres
--

CREATE INDEX "_CardAssignees_B_index" ON public."_CardAssignees" USING btree ("B");


--
-- TOC entry 3756 (class 2606 OID 23311)
-- Name: ChatMessage ChatMessage_authorId_fkey; Type: FK CONSTRAINT; Schema: public; Owner: postgres
--

ALTER TABLE ONLY public."ChatMessage"
    ADD CONSTRAINT "ChatMessage_authorId_fkey" FOREIGN KEY ("authorId") REFERENCES public."User"(id) ON UPDATE CASCADE ON DELETE CASCADE;


--
-- TOC entry 3757 (class 2606 OID 23306)
-- Name: ChatMessage ChatMessage_chatRoomId_fkey; Type: FK CONSTRAINT; Schema: public; Owner: postgres
--

ALTER TABLE ONLY public."ChatMessage"
    ADD CONSTRAINT "ChatMessage_chatRoomId_fkey" FOREIGN KEY ("chatRoomId") REFERENCES public."ChatRoom"(id) ON UPDATE CASCADE ON DELETE CASCADE;


--
-- TOC entry 3755 (class 2606 OID 23301)
-- Name: ChatRoom ChatRoom_workspaceId_fkey; Type: FK CONSTRAINT; Schema: public; Owner: postgres
--

ALTER TABLE ONLY public."ChatRoom"
    ADD CONSTRAINT "ChatRoom_workspaceId_fkey" FOREIGN KEY ("workspaceId") REFERENCES public."Workspace"(id) ON UPDATE CASCADE ON DELETE CASCADE;


--
-- TOC entry 3753 (class 2606 OID 23296)
-- Name: Drawing Drawing_authorId_fkey; Type: FK CONSTRAINT; Schema: public; Owner: postgres
--

ALTER TABLE ONLY public."Drawing"
    ADD CONSTRAINT "Drawing_authorId_fkey" FOREIGN KEY ("authorId") REFERENCES public."User"(id) ON UPDATE CASCADE ON DELETE CASCADE;


--
-- TOC entry 3754 (class 2606 OID 23291)
-- Name: Drawing Drawing_workspaceId_fkey; Type: FK CONSTRAINT; Schema: public; Owner: postgres
--

ALTER TABLE ONLY public."Drawing"
    ADD CONSTRAINT "Drawing_workspaceId_fkey" FOREIGN KEY ("workspaceId") REFERENCES public."Workspace"(id) ON UPDATE CASCADE ON DELETE CASCADE;


--
-- TOC entry 3750 (class 2606 OID 23286)
-- Name: File File_folderId_fkey; Type: FK CONSTRAINT; Schema: public; Owner: postgres
--

ALTER TABLE ONLY public."File"
    ADD CONSTRAINT "File_folderId_fkey" FOREIGN KEY ("folderId") REFERENCES public."Folder"(id) ON UPDATE CASCADE ON DELETE CASCADE;


--
-- TOC entry 3751 (class 2606 OID 23281)
-- Name: File File_uploaderId_fkey; Type: FK CONSTRAINT; Schema: public; Owner: postgres
--

ALTER TABLE ONLY public."File"
    ADD CONSTRAINT "File_uploaderId_fkey" FOREIGN KEY ("uploaderId") REFERENCES public."User"(id) ON UPDATE CASCADE ON DELETE CASCADE;


--
-- TOC entry 3752 (class 2606 OID 23276)
-- Name: File File_workspaceId_fkey; Type: FK CONSTRAINT; Schema: public; Owner: postgres
--

ALTER TABLE ONLY public."File"
    ADD CONSTRAINT "File_workspaceId_fkey" FOREIGN KEY ("workspaceId") REFERENCES public."Workspace"(id) ON UPDATE CASCADE ON DELETE CASCADE;


--
-- TOC entry 3748 (class 2606 OID 23271)
-- Name: Folder Folder_parentId_fkey; Type: FK CONSTRAINT; Schema: public; Owner: postgres
--

ALTER TABLE ONLY public."Folder"
    ADD CONSTRAINT "Folder_parentId_fkey" FOREIGN KEY ("parentId") REFERENCES public."Folder"(id) ON UPDATE CASCADE ON DELETE CASCADE;


--
-- TOC entry 3749 (class 2606 OID 23266)
-- Name: Folder Folder_workspaceId_fkey; Type: FK CONSTRAINT; Schema: public; Owner: postgres
--

ALTER TABLE ONLY public."Folder"
    ADD CONSTRAINT "Folder_workspaceId_fkey" FOREIGN KEY ("workspaceId") REFERENCES public."Workspace"(id) ON UPDATE CASCADE ON DELETE CASCADE;


--
-- TOC entry 3758 (class 2606 OID 23316)
-- Name: KanbanBoard KanbanBoard_workspaceId_fkey; Type: FK CONSTRAINT; Schema: public; Owner: postgres
--

ALTER TABLE ONLY public."KanbanBoard"
    ADD CONSTRAINT "KanbanBoard_workspaceId_fkey" FOREIGN KEY ("workspaceId") REFERENCES public."Workspace"(id) ON UPDATE CASCADE ON DELETE CASCADE;


--
-- TOC entry 3760 (class 2606 OID 23331)
-- Name: KanbanCard KanbanCard_authorId_fkey; Type: FK CONSTRAINT; Schema: public; Owner: postgres
--

ALTER TABLE ONLY public."KanbanCard"
    ADD CONSTRAINT "KanbanCard_authorId_fkey" FOREIGN KEY ("authorId") REFERENCES public."User"(id) ON UPDATE CASCADE ON DELETE CASCADE;


--
-- TOC entry 3761 (class 2606 OID 23326)
-- Name: KanbanCard KanbanCard_columnId_fkey; Type: FK CONSTRAINT; Schema: public; Owner: postgres
--

ALTER TABLE ONLY public."KanbanCard"
    ADD CONSTRAINT "KanbanCard_columnId_fkey" FOREIGN KEY ("columnId") REFERENCES public."KanbanColumn"(id) ON UPDATE CASCADE ON DELETE CASCADE;


--
-- TOC entry 3759 (class 2606 OID 23321)
-- Name: KanbanColumn KanbanColumn_boardId_fkey; Type: FK CONSTRAINT; Schema: public; Owner: postgres
--

ALTER TABLE ONLY public."KanbanColumn"
    ADD CONSTRAINT "KanbanColumn_boardId_fkey" FOREIGN KEY ("boardId") REFERENCES public."KanbanBoard"(id) ON UPDATE CASCADE ON DELETE CASCADE;


--
-- TOC entry 3745 (class 2606 OID 23256)
-- Name: Page Page_authorId_fkey; Type: FK CONSTRAINT; Schema: public; Owner: postgres
--

ALTER TABLE ONLY public."Page"
    ADD CONSTRAINT "Page_authorId_fkey" FOREIGN KEY ("authorId") REFERENCES public."User"(id) ON UPDATE CASCADE ON DELETE CASCADE;


--
-- TOC entry 3746 (class 2606 OID 23261)
-- Name: Page Page_parentId_fkey; Type: FK CONSTRAINT; Schema: public; Owner: postgres
--

ALTER TABLE ONLY public."Page"
    ADD CONSTRAINT "Page_parentId_fkey" FOREIGN KEY ("parentId") REFERENCES public."Page"(id) ON UPDATE CASCADE ON DELETE CASCADE;


--
-- TOC entry 3747 (class 2606 OID 23251)
-- Name: Page Page_workspaceId_fkey; Type: FK CONSTRAINT; Schema: public; Owner: postgres
--

ALTER TABLE ONLY public."Page"
    ADD CONSTRAINT "Page_workspaceId_fkey" FOREIGN KEY ("workspaceId") REFERENCES public."Workspace"(id) ON UPDATE CASCADE ON DELETE CASCADE;


--
-- TOC entry 3743 (class 2606 OID 23246)
-- Name: WorkspaceMember WorkspaceMember_userId_fkey; Type: FK CONSTRAINT; Schema: public; Owner: postgres
--

ALTER TABLE ONLY public."WorkspaceMember"
    ADD CONSTRAINT "WorkspaceMember_userId_fkey" FOREIGN KEY ("userId") REFERENCES public."User"(id) ON UPDATE CASCADE ON DELETE CASCADE;


--
-- TOC entry 3744 (class 2606 OID 23241)
-- Name: WorkspaceMember WorkspaceMember_workspaceId_fkey; Type: FK CONSTRAINT; Schema: public; Owner: postgres
--

ALTER TABLE ONLY public."WorkspaceMember"
    ADD CONSTRAINT "WorkspaceMember_workspaceId_fkey" FOREIGN KEY ("workspaceId") REFERENCES public."Workspace"(id) ON UPDATE CASCADE ON DELETE CASCADE;


--
-- TOC entry 3742 (class 2606 OID 23236)
-- Name: Workspace Workspace_ownerId_fkey; Type: FK CONSTRAINT; Schema: public; Owner: postgres
--

ALTER TABLE ONLY public."Workspace"
    ADD CONSTRAINT "Workspace_ownerId_fkey" FOREIGN KEY ("ownerId") REFERENCES public."User"(id) ON UPDATE CASCADE ON DELETE RESTRICT;


--
-- TOC entry 3762 (class 2606 OID 23336)
-- Name: _CardAssignees _CardAssignees_A_fkey; Type: FK CONSTRAINT; Schema: public; Owner: postgres
--

ALTER TABLE ONLY public."_CardAssignees"
    ADD CONSTRAINT "_CardAssignees_A_fkey" FOREIGN KEY ("A") REFERENCES public."KanbanCard"(id) ON UPDATE CASCADE ON DELETE CASCADE;


--
-- TOC entry 3763 (class 2606 OID 23341)
-- Name: _CardAssignees _CardAssignees_B_fkey; Type: FK CONSTRAINT; Schema: public; Owner: postgres
--

ALTER TABLE ONLY public."_CardAssignees"
    ADD CONSTRAINT "_CardAssignees_B_fkey" FOREIGN KEY ("B") REFERENCES public."User"(id) ON UPDATE CASCADE ON DELETE CASCADE;


--
-- TOC entry 3920 (class 0 OID 23182)
-- Dependencies: 376
-- Name: ChatMessage; Type: ROW SECURITY; Schema: public; Owner: postgres
--

ALTER TABLE public."ChatMessage" ENABLE ROW LEVEL SECURITY;

--
-- TOC entry 3919 (class 0 OID 23174)
-- Dependencies: 375
-- Name: ChatRoom; Type: ROW SECURITY; Schema: public; Owner: postgres
--

ALTER TABLE public."ChatRoom" ENABLE ROW LEVEL SECURITY;

--
-- TOC entry 3918 (class 0 OID 23165)
-- Dependencies: 374
-- Name: Drawing; Type: ROW SECURITY; Schema: public; Owner: postgres
--

ALTER TABLE public."Drawing" ENABLE ROW LEVEL SECURITY;

--
-- TOC entry 3917 (class 0 OID 23157)
-- Dependencies: 373
-- Name: File; Type: ROW SECURITY; Schema: public; Owner: postgres
--

ALTER TABLE public."File" ENABLE ROW LEVEL SECURITY;

--
-- TOC entry 3916 (class 0 OID 23149)
-- Dependencies: 372
-- Name: Folder; Type: ROW SECURITY; Schema: public; Owner: postgres
--

ALTER TABLE public."Folder" ENABLE ROW LEVEL SECURITY;

--
-- TOC entry 3921 (class 0 OID 23190)
-- Dependencies: 377
-- Name: KanbanBoard; Type: ROW SECURITY; Schema: public; Owner: postgres
--

ALTER TABLE public."KanbanBoard" ENABLE ROW LEVEL SECURITY;

--
-- TOC entry 3923 (class 0 OID 23208)
-- Dependencies: 379
-- Name: KanbanCard; Type: ROW SECURITY; Schema: public; Owner: postgres
--

ALTER TABLE public."KanbanCard" ENABLE ROW LEVEL SECURITY;

--
-- TOC entry 3922 (class 0 OID 23198)
-- Dependencies: 378
-- Name: KanbanColumn; Type: ROW SECURITY; Schema: public; Owner: postgres
--

ALTER TABLE public."KanbanColumn" ENABLE ROW LEVEL SECURITY;

--
-- TOC entry 3915 (class 0 OID 23140)
-- Dependencies: 371
-- Name: Page; Type: ROW SECURITY; Schema: public; Owner: postgres
--

ALTER TABLE public."Page" ENABLE ROW LEVEL SECURITY;

--
-- TOC entry 3924 (class 0 OID 23217)
-- Dependencies: 380
-- Name: Report; Type: ROW SECURITY; Schema: public; Owner: postgres
--

ALTER TABLE public."Report" ENABLE ROW LEVEL SECURITY;

--
-- TOC entry 3912 (class 0 OID 23114)
-- Dependencies: 368
-- Name: User; Type: ROW SECURITY; Schema: public; Owner: postgres
--

ALTER TABLE public."User" ENABLE ROW LEVEL SECURITY;

--
-- TOC entry 3913 (class 0 OID 23123)
-- Dependencies: 369
-- Name: Workspace; Type: ROW SECURITY; Schema: public; Owner: postgres
--

ALTER TABLE public."Workspace" ENABLE ROW LEVEL SECURITY;

--
-- TOC entry 3914 (class 0 OID 23131)
-- Dependencies: 370
-- Name: WorkspaceMember; Type: ROW SECURITY; Schema: public; Owner: postgres
--

ALTER TABLE public."WorkspaceMember" ENABLE ROW LEVEL SECURITY;

--
-- TOC entry 3925 (class 0 OID 23226)
-- Dependencies: 381
-- Name: _CardAssignees; Type: ROW SECURITY; Schema: public; Owner: postgres
--

ALTER TABLE public."_CardAssignees" ENABLE ROW LEVEL SECURITY;

--
-- TOC entry 3947 (class 0 OID 0)
-- Dependencies: 101
-- Name: SCHEMA public; Type: ACL; Schema: -; Owner: pg_database_owner
--

GRANT USAGE ON SCHEMA public TO postgres;
GRANT USAGE ON SCHEMA public TO anon;
GRANT USAGE ON SCHEMA public TO authenticated;
GRANT USAGE ON SCHEMA public TO service_role;


--
-- TOC entry 3948 (class 0 OID 0)
-- Dependencies: 376
-- Name: TABLE "ChatMessage"; Type: ACL; Schema: public; Owner: postgres
--

GRANT ALL ON TABLE public."ChatMessage" TO anon;
GRANT ALL ON TABLE public."ChatMessage" TO authenticated;
GRANT ALL ON TABLE public."ChatMessage" TO service_role;


--
-- TOC entry 3949 (class 0 OID 0)
-- Dependencies: 375
-- Name: TABLE "ChatRoom"; Type: ACL; Schema: public; Owner: postgres
--

GRANT ALL ON TABLE public."ChatRoom" TO anon;
GRANT ALL ON TABLE public."ChatRoom" TO authenticated;
GRANT ALL ON TABLE public."ChatRoom" TO service_role;


--
-- TOC entry 3950 (class 0 OID 0)
-- Dependencies: 374
-- Name: TABLE "Drawing"; Type: ACL; Schema: public; Owner: postgres
--

GRANT ALL ON TABLE public."Drawing" TO anon;
GRANT ALL ON TABLE public."Drawing" TO authenticated;
GRANT ALL ON TABLE public."Drawing" TO service_role;


--
-- TOC entry 3951 (class 0 OID 0)
-- Dependencies: 373
-- Name: TABLE "File"; Type: ACL; Schema: public; Owner: postgres
--

GRANT ALL ON TABLE public."File" TO anon;
GRANT ALL ON TABLE public."File" TO authenticated;
GRANT ALL ON TABLE public."File" TO service_role;


--
-- TOC entry 3952 (class 0 OID 0)
-- Dependencies: 372
-- Name: TABLE "Folder"; Type: ACL; Schema: public; Owner: postgres
--

GRANT ALL ON TABLE public."Folder" TO anon;
GRANT ALL ON TABLE public."Folder" TO authenticated;
GRANT ALL ON TABLE public."Folder" TO service_role;


--
-- TOC entry 3953 (class 0 OID 0)
-- Dependencies: 377
-- Name: TABLE "KanbanBoard"; Type: ACL; Schema: public; Owner: postgres
--

GRANT ALL ON TABLE public."KanbanBoard" TO anon;
GRANT ALL ON TABLE public."KanbanBoard" TO authenticated;
GRANT ALL ON TABLE public."KanbanBoard" TO service_role;


--
-- TOC entry 3954 (class 0 OID 0)
-- Dependencies: 379
-- Name: TABLE "KanbanCard"; Type: ACL; Schema: public; Owner: postgres
--

GRANT ALL ON TABLE public."KanbanCard" TO anon;
GRANT ALL ON TABLE public."KanbanCard" TO authenticated;
GRANT ALL ON TABLE public."KanbanCard" TO service_role;


--
-- TOC entry 3955 (class 0 OID 0)
-- Dependencies: 378
-- Name: TABLE "KanbanColumn"; Type: ACL; Schema: public; Owner: postgres
--

GRANT ALL ON TABLE public."KanbanColumn" TO anon;
GRANT ALL ON TABLE public."KanbanColumn" TO authenticated;
GRANT ALL ON TABLE public."KanbanColumn" TO service_role;


--
-- TOC entry 3956 (class 0 OID 0)
-- Dependencies: 371
-- Name: TABLE "Page"; Type: ACL; Schema: public; Owner: postgres
--

GRANT ALL ON TABLE public."Page" TO anon;
GRANT ALL ON TABLE public."Page" TO authenticated;
GRANT ALL ON TABLE public."Page" TO service_role;


--
-- TOC entry 3957 (class 0 OID 0)
-- Dependencies: 380
-- Name: TABLE "Report"; Type: ACL; Schema: public; Owner: postgres
--

GRANT ALL ON TABLE public."Report" TO anon;
GRANT ALL ON TABLE public."Report" TO authenticated;
GRANT ALL ON TABLE public."Report" TO service_role;


--
-- TOC entry 3958 (class 0 OID 0)
-- Dependencies: 368
-- Name: TABLE "User"; Type: ACL; Schema: public; Owner: postgres
--

GRANT ALL ON TABLE public."User" TO anon;
GRANT ALL ON TABLE public."User" TO authenticated;
GRANT ALL ON TABLE public."User" TO service_role;


--
-- TOC entry 3959 (class 0 OID 0)
-- Dependencies: 369
-- Name: TABLE "Workspace"; Type: ACL; Schema: public; Owner: postgres
--

GRANT ALL ON TABLE public."Workspace" TO anon;
GRANT ALL ON TABLE public."Workspace" TO authenticated;
GRANT ALL ON TABLE public."Workspace" TO service_role;


--
-- TOC entry 3960 (class 0 OID 0)
-- Dependencies: 370
-- Name: TABLE "WorkspaceMember"; Type: ACL; Schema: public; Owner: postgres
--

GRANT ALL ON TABLE public."WorkspaceMember" TO anon;
GRANT ALL ON TABLE public."WorkspaceMember" TO authenticated;
GRANT ALL ON TABLE public."WorkspaceMember" TO service_role;


--
-- TOC entry 3961 (class 0 OID 0)
-- Dependencies: 381
-- Name: TABLE "_CardAssignees"; Type: ACL; Schema: public; Owner: postgres
--

GRANT ALL ON TABLE public."_CardAssignees" TO anon;
GRANT ALL ON TABLE public."_CardAssignees" TO authenticated;
GRANT ALL ON TABLE public."_CardAssignees" TO service_role;


--
-- TOC entry 2450 (class 826 OID 16494)
-- Name: DEFAULT PRIVILEGES FOR SEQUENCES; Type: DEFAULT ACL; Schema: public; Owner: postgres
--

ALTER DEFAULT PRIVILEGES FOR ROLE postgres IN SCHEMA public GRANT ALL ON SEQUENCES TO postgres;
ALTER DEFAULT PRIVILEGES FOR ROLE postgres IN SCHEMA public GRANT ALL ON SEQUENCES TO anon;
ALTER DEFAULT PRIVILEGES FOR ROLE postgres IN SCHEMA public GRANT ALL ON SEQUENCES TO authenticated;
ALTER DEFAULT PRIVILEGES FOR ROLE postgres IN SCHEMA public GRANT ALL ON SEQUENCES TO service_role;


--
-- TOC entry 2451 (class 826 OID 16495)
-- Name: DEFAULT PRIVILEGES FOR SEQUENCES; Type: DEFAULT ACL; Schema: public; Owner: supabase_admin
--

ALTER DEFAULT PRIVILEGES FOR ROLE supabase_admin IN SCHEMA public GRANT ALL ON SEQUENCES TO postgres;
ALTER DEFAULT PRIVILEGES FOR ROLE supabase_admin IN SCHEMA public GRANT ALL ON SEQUENCES TO anon;
ALTER DEFAULT PRIVILEGES FOR ROLE supabase_admin IN SCHEMA public GRANT ALL ON SEQUENCES TO authenticated;
ALTER DEFAULT PRIVILEGES FOR ROLE supabase_admin IN SCHEMA public GRANT ALL ON SEQUENCES TO service_role;


--
-- TOC entry 2449 (class 826 OID 16493)
-- Name: DEFAULT PRIVILEGES FOR FUNCTIONS; Type: DEFAULT ACL; Schema: public; Owner: postgres
--

ALTER DEFAULT PRIVILEGES FOR ROLE postgres IN SCHEMA public GRANT ALL ON FUNCTIONS TO postgres;
ALTER DEFAULT PRIVILEGES FOR ROLE postgres IN SCHEMA public GRANT ALL ON FUNCTIONS TO anon;
ALTER DEFAULT PRIVILEGES FOR ROLE postgres IN SCHEMA public GRANT ALL ON FUNCTIONS TO authenticated;
ALTER DEFAULT PRIVILEGES FOR ROLE postgres IN SCHEMA public GRANT ALL ON FUNCTIONS TO service_role;


--
-- TOC entry 2453 (class 826 OID 16497)
-- Name: DEFAULT PRIVILEGES FOR FUNCTIONS; Type: DEFAULT ACL; Schema: public; Owner: supabase_admin
--

ALTER DEFAULT PRIVILEGES FOR ROLE supabase_admin IN SCHEMA public GRANT ALL ON FUNCTIONS TO postgres;
ALTER DEFAULT PRIVILEGES FOR ROLE supabase_admin IN SCHEMA public GRANT ALL ON FUNCTIONS TO anon;
ALTER DEFAULT PRIVILEGES FOR ROLE supabase_admin IN SCHEMA public GRANT ALL ON FUNCTIONS TO authenticated;
ALTER DEFAULT PRIVILEGES FOR ROLE supabase_admin IN SCHEMA public GRANT ALL ON FUNCTIONS TO service_role;


--
-- TOC entry 2448 (class 826 OID 16492)
-- Name: DEFAULT PRIVILEGES FOR TABLES; Type: DEFAULT ACL; Schema: public; Owner: postgres
--

ALTER DEFAULT PRIVILEGES FOR ROLE postgres IN SCHEMA public GRANT ALL ON TABLES TO postgres;
ALTER DEFAULT PRIVILEGES FOR ROLE postgres IN SCHEMA public GRANT ALL ON TABLES TO anon;
ALTER DEFAULT PRIVILEGES FOR ROLE postgres IN SCHEMA public GRANT ALL ON TABLES TO authenticated;
ALTER DEFAULT PRIVILEGES FOR ROLE postgres IN SCHEMA public GRANT ALL ON TABLES TO service_role;


--
-- TOC entry 2452 (class 826 OID 16496)
-- Name: DEFAULT PRIVILEGES FOR TABLES; Type: DEFAULT ACL; Schema: public; Owner: supabase_admin
--

ALTER DEFAULT PRIVILEGES FOR ROLE supabase_admin IN SCHEMA public GRANT ALL ON TABLES TO postgres;
ALTER DEFAULT PRIVILEGES FOR ROLE supabase_admin IN SCHEMA public GRANT ALL ON TABLES TO anon;
ALTER DEFAULT PRIVILEGES FOR ROLE supabase_admin IN SCHEMA public GRANT ALL ON TABLES TO authenticated;
ALTER DEFAULT PRIVILEGES FOR ROLE supabase_admin IN SCHEMA public GRANT ALL ON TABLES TO service_role;


-- Completed on 2026-05-18 10:01:07 +08

--
-- PostgreSQL database dump complete
--

\unrestrict EG4lhYHl3mURCoVVblyVLfgtLlnanMR140QUOlWxjhegOgjMLiPPnS7Qpj6BBS9

